--------- beginning of main
06-22 11:23:33.922  1045  1537 W libc    : Access denied finding property "ro.vendor.display.max_hdr_luminance"
06-22 11:23:34.002  5692  7212 D powerkeeper.dfsobserve: board ready to handle temperature change
06-22 11:23:34.014  1241  1241 I thermal_src: recvmsg_expect 5, but get 2 
06-22 11:23:34.014  1241  1241 V thermal_src: TA_DAEMON_CMD_GET_TPCB:ERROR ret=-1
06-22 11:23:34.014  1241  1241 E thermal_src: get_tpcb_from_kernel:error -1. retry...
06-22 11:23:34.014  1241  1241 I thermal_src: recvmsg_expect 5, but get 2 
06-22 11:23:34.014  1241  1241 V thermal_src: TA_DAEMON_CMD_GET_TPCB:ERROR ret=-1
06-22 11:23:34.014  1241  1241 E thermal_src: get_tpcb_from_kernel:error -1. retry...
06-22 11:23:34.014  1241  1241 I thermal_src: recvmsg_expect 5, but get 2 
06-22 11:23:34.014  1241  1241 V thermal_src: TA_DAEMON_CMD_GET_TPCB:ERROR ret=-1
06-22 11:23:34.014  1241  1241 E thermal_src: get_tpcb_from_kernel:error -1. retry...
06-22 11:23:34.014  1241  1241 I thermal_src: recvmsg_expect 4, but get 5 
06-22 11:23:34.014  1241  1241 V thermal_src: TA_DAEMON_CMD_SET_TTJ:ERROR ret=-1
06-22 11:23:34.014  1241  1241 E thermal_src: set_ttj_to_kernel 1:error -1
06-22 11:23:34.014  1241  1241 I thermal_src: recvmsg_expect 2, but get 5 
06-22 11:23:34.014  1241  1241 V thermal_src: waiting NOTIFY from kernel miss, -1
06-22 11:23:34.014  1241  1241 I thermal_src: recvmsg_expect 2, but get 5 
06-22 11:23:34.014  1241  1241 V thermal_src: waiting NOTIFY from kernel miss, -1
06-22 11:23:34.015  1241  1241 I thermal_src: recvmsg_expect 2, but get 4 
06-22 11:23:34.015  1241  1241 V thermal_src: waiting NOTIFY from kernel miss, -1
06-22 11:23:34.106  8885  9406 D JavaheapMonitor: Java heap used=5M max=512M, proc: com.google.android.googlequicksearchbox:interactor
06-22 11:23:34.107  8885  9406 V JavaheapMonitor: Check java heap usage finished! Next check delay: 300000
06-22 11:23:34.139  1045  1537 W libc    : Access denied finding property "ro.vendor.display.max_hdr_luminance"
--------- beginning of system
06-22 11:23:34.243  1673  4059 W MIUIInput: Input key event injection from package: null action ACTION_DOWN keycode 224
06-22 11:23:34.244  1673  4059 W MiuiInputKeyEventLog: keyCode:224 down:true eventTime:651029699 downTime:651029699 policyFlags:2b000000 flags:0 metaState:0 deviceId:-1 isScreenOn:true keyguardActive:false repeatCount:0
06-22 11:23:34.247  1673  1713 D MiuiPaperContrastOverlayStubImpl: Update paper-mode, param is true
06-22 11:23:34.247  1673  4059 W MIUIInput: Input key event injection from package: null action ACTION_UP keycode 224
06-22 11:23:34.247  1673  4059 W MiuiInputKeyEventLog: keyCode:224 down:false eventTime:651029703 downTime:651029699 policyFlags:2b000000 flags:0 metaState:0 deviceId:-1 isScreenOn:true keyguardActive:false repeatCount:0
06-22 11:23:34.249  1673  1713 D MiuiPaperContrastOverlayStubImpl: Update paper-mode, param is true
06-22 11:23:34.278  1004  1077 I libPerfCtl: xgfGetFPS pid:2402 fps:-1
06-22 11:23:34.278  1004  1077 I libPerfCtl: xgfGetFPS pid:30727 fps:-1
06-22 11:23:34.326  1673  4059 W MIUIInput: Input key event injection from package: null action ACTION_DOWN keycode 82
06-22 11:23:34.326  1673  4059 W MiuiInputKeyEventLog: keyCode:82 down:true eventTime:651029782 downTime:651029782 policyFlags:2b000000 flags:0 metaState:0 deviceId:-1 isScreenOn:true keyguardActive:false repeatCount:0
06-22 11:23:34.327  1673  1851 I InputFeature: supportBlockCombinationKey is global version
06-22 11:23:34.328  1673  1851 I InputFeature: supportBlockCombinationKey miuisettings support cts: 1
06-22 11:23:34.328  1673  1851 I InputFeature: supportBlockCombinationKey com.miui.home version: 3
06-22 11:23:34.328  1673  1851 I MiuiInputKeyEventLog: is show menu
06-22 11:23:34.329  1673  1851 I MIUIInput: [KeyEvent] publisher action:0x0,  keyCode:82 , deviceId=-1, 651029782,channel 'bb69db4 com.dibay.app/com.dibay.app.MainActivity' 
06-22 11:23:34.338 30727 30727 I MIUIInput: [KeyEvent] ViewRootImpl windowName 'com.dibay.app/com.dibay.app.MainActivity', KeyEvent { action=ACTION_DOWN, keyCode=KEYCODE_MENU, scanCode=0, metaState=0, flags=0x0, repeatCount=0, eventTime=651029782000000, downTime=651029782000000, deviceId=-1, source=0x0, displayId=-1 }, phoneEventTime=1782098614325
06-22 11:23:34.340  7468  7468 I StylusModule: StylusModule.onUpdateToolType():774 Update tool type = 0
06-22 11:23:34.355  1045  1537 W libc    : Access denied finding property "ro.vendor.display.max_hdr_luminance"
06-22 11:23:34.355  1673  4059 W MIUIInput: Input key event injection from package: null action ACTION_UP keycode 82
06-22 11:23:34.355  1673  4059 W MiuiInputKeyEventLog: keyCode:82 down:false eventTime:651029811 downTime:651029782 policyFlags:2b000000 flags:0 metaState:0 deviceId:-1 isScreenOn:true keyguardActive:false repeatCount:0
06-22 11:23:34.357  1673  1851 I InputFeature: supportBlockCombinationKey is global version
06-22 11:23:34.357  1673  1851 I InputFeature: supportBlockCombinationKey miuisettings support cts: 1
06-22 11:23:34.357  1673  1851 I InputFeature: supportBlockCombinationKey com.miui.home version: 3
06-22 11:23:34.357  1673  1851 I MiuiInputKeyEventLog: is show menu
06-22 11:23:34.357  1673  1851 I MIUIInput: [KeyEvent] publisher action:0x1,  keyCode:82 , deviceId=-1, 651029811,channel 'bb69db4 com.dibay.app/com.dibay.app.MainActivity' 
06-22 11:23:34.369 30727 30727 I MIUIInput: [KeyEvent] ViewRootImpl windowName 'com.dibay.app/com.dibay.app.MainActivity', KeyEvent { action=ACTION_UP, keyCode=KEYCODE_MENU, scanCode=0, metaState=0, flags=0x0, repeatCount=0, eventTime=651029811000000, downTime=651029782000000, deviceId=-1, source=0x0, displayId=-1 }, phoneEventTime=1782098614354
06-22 11:23:34.422   970   982 I hwcomposer: [HWCDisplay] (0 updateFps():3644), (type:1, mode:2) fps:50.106350,dur:1017.84,max:34.66,min:14.62  
06-22 11:23:34.463 14395 14911 D JavaheapMonitor: Java heap used=5M max=256M, proc: com.google.android.ext.services
06-22 11:23:34.463 14395 14911 V JavaheapMonitor: Check java heap usage finished! Next check delay: 300000
06-22 11:23:34.474  1139  1251 D connsyslogger: SD_LOG_ROOT is /data/debuglogger/connsyslog/fw.
06-22 11:23:34.474  1139  1251 D connsyslogger: systemReady:1
06-22 11:23:34.557  1045  1537 W libc    : Access denied finding property "ro.vendor.display.max_hdr_luminance"
06-22 11:23:34.707   960  1431 I android.hardware.audio.service-aidl.mediatek: misoundfx process numSamples: 48
06-22 11:23:34.754  4061  4628 W BluetoothMetricsLogger: MetricsLogger isn't initialized
06-22 11:23:34.754  4061  4628 W BluetoothMetricsLogger: MetricsLogger isn't initialized
06-22 11:23:34.754  4061  4628 V BtGatt.ScanController: onScanResult() - eventType=0x0, addressType=1, address=XX:XX:XX:XX:EF:DB, primaryPhy=1, secondaryPhy=1, advertisingSid=0x1, txPower=127, rssi=-41, periodicAdvInt=0x0, originalAddress=00:00:00:00:00:00
06-22 11:23:34.754  4061  4628 V BtGatt.ScanController: Skipping client: permission=true matches=false
06-22 11:23:34.757  1045  1537 W libc    : Access denied finding property "ro.vendor.display.max_hdr_luminance"
06-22 11:23:34.787 30727  2453 D AudioTrackImpl: [audioTrackData][zero] 1s(f:26047 m:1 s:0 k:0 z:1003) : pid 30727 uid 10307 sessionId 50393 sr 48000 ch 2 fmt 5
06-22 11:23:34.868  1045  1045 I BufferQueueProducer: [com.dibay.app/com.dibay.app.MainActivity#31171](this:0xb400007acb0e2610,id:-1,api:0,p:-1,c:1045) queueBuffer: fps=48.13 dur=1018.06 max=33.81 min=16.17
06-22 11:23:35.008  1045  1537 W libc    : Access denied finding property "ro.vendor.display.max_hdr_luminance"
06-22 11:23:35.175  5692  5830 D JavaheapMonitor: Java heap used=4M max=256M, proc: com.miui.powerkeeper
06-22 11:23:35.175  5692  5830 V JavaheapMonitor: Check java heap usage finished! Next check delay: 300000
06-22 11:23:35.242  1045  1537 W libc    : Access denied finding property "ro.vendor.display.max_hdr_luminance"
06-22 11:23:35.246  1226  1640 D ULogGuard: Monitoring: 7 threads, 0 requests, 0 time-bombs; 15 guards. ResetFlags = 0x7
06-22 11:23:35.279  1004  1077 I libPerfCtl: xgfGetFPS pid:2402 fps:-1
06-22 11:23:35.279  1004  1077 I libPerfCtl: xgfGetFPS pid:30727 fps:-1
06-22 11:23:35.385  1673  4059 D PerfShielderService: com.dibay.app|com.dibay.app/com.dibay.app.MainActivity|2636|651030841976649|60|5|120
06-22 11:23:35.386  3805 16069 W MiuiPerfServiceClient: interceptAndQueuing:30727|com.dibay.app|2636|60|651030841976649|Slow issue draw commands|120
06-22 11:23:35.412  2388  2891 D SatelliteController: iisInCarrierRoamingNbIotNtn: satellite is disabled
06-22 11:23:35.413  2388  2388 W Settings: Setting airplane_mode_on has moved from android.provider.Settings.System to android.provider.Settings.Global, returning read-only value.
06-22 11:23:35.418  2388  2918 D MiuiTelephonyDFS: msg.what = 2
06-22 11:23:35.418  2388  3107 D NetworkSpeedTracker: updateNwSignalInfo not allowed ,ignore
06-22 11:23:35.418  2388  2918 D MiuiTelephonyDFS: getVoiceRat = 13
06-22 11:23:35.418  2388  3108 D HighSpeedTrainModeController: msg.what = 10
06-22 11:23:35.418  2388  2918 D MiuiTelephonyDFS: getRsrp = -98
06-22 11:23:35.418  2388  2918 D MiuiTelephonyDFS: getVoiceRat = 13
06-22 11:23:35.419  2388  2918 D MiuiTelephonyDFS: getSnr = -4
06-22 11:23:35.419  2388  2918 D MiSight::  constructEvent id=915100005
06-22 11:23:35.420  2388  2918 D MiSight::  sendEvent id=915100005
06-22 11:23:35.420  2388  2918 D MiSightJni: MiSight: Java_com_miui_misight_MiSight_nativeSendEvent enter called. '{"SNRValue":-4}'
06-22 11:23:35.420  2388  2918 D MiEvent : MiEvent: this 0x763f073e20, paylod=0xb4000078c14a01c0
06-22 11:23:35.420  2388  2918 D MiEvent : flatten EventId 915100005 -t 1782098615 -paraList {"SNRValue":-4}
06-22 11:23:35.420  2388  2918 D MiEvent : report:EventId 915100005 -t 1782098615 -paraList {"SNRValue":-4} success
06-22 11:23:35.420  2388  2918 D MiEvent : ~MiEvent: this 0x763f073e20, paylod=0xb4000078c14a01c0
06-22 11:23:35.421  1180  1236 I misight : OnEvent EventPrivacyCompliance event=915100005
06-22 11:23:35.421  1180  1236 D misight : ProcessEvent devVersion==OS3.0.302.0.WHYMIXM,faultLevel=2,prv=3 region=eea
06-22 11:23:35.421  1180  1236 I misight : OnEvent EventStorageManager event=915100005,3
06-22 11:23:35.421  1180  1236 D misight : ProcessNewDayEvent event happen time 1782098615,start time=1782057600,restart=1
06-22 11:23:35.421  1180  1236 D misight : ProcessNewDayEvent event happen time 1782098615, last=1782098613,start time=1782057600,next day =1782144000, interval=86400
06-22 11:23:35.421  1180  1236 D misight : Execute start execute sql /data/miuilog/misight/event.db:select id,event_id,daily_cnt,over_cnt,hour_cnt,next_expire_time,last_happen_time,last_log_time from event_daily where event_id = '915100005' limit 1
06-22 11:23:35.422  1180  1236 D misight : DetectDropByTime event 915100005 parser maxCnt=200 lastTime=1782098553 same=0, overCnt=27739,dailyCnt=178,hourCnt=1
06-22 11:23:35.422  1180  1236 I misight : DetectDropEvent event 915100005 over hour cnt drop it, hourCnt=2 halfCnt=1, maxCnt=200 punishSecond=2062,space=62
06-22 11:23:35.422  1180  1236 D misight : Execute start execute sql /data/miuilog/misight/event.db:update event_daily set  daily_cnt=178, hour_cnt=1, next_expire_time=1782102153, over_cnt=27740, last_happen_time=1782098553, last_log_time=0  where id = '4'
06-22 11:23:35.425  1180  1236 I misight : OnEvent EventInfoPack event 915100005
06-22 11:23:35.437   970   982 I hwcomposer: [HWCDisplay] (0 updateFps():3644), (type:1, mode:2) fps:42.341164,dur:1015.56,max:35.08,min:14.93  
06-22 11:23:35.466  1673  1907 D MiuiWifiCommonBase: band: 1, compensate: 0
06-22 11:23:35.467  1673  1907 E AmlWifiScoreReportInjector: AmlWifiScoreReportInjector was cleared
06-22 11:23:35.468  1673  1907 D WifiOptimizationImpl: AmlWifiScoreReportInjector.get() = null, stop reportTxBadOrRetryEvent
06-22 11:23:35.472  1045  1537 W libc    : Access denied finding property "ro.vendor.display.max_hdr_luminance"
06-22 11:23:35.513  2388  2891 D SatelliteController: iisInCarrierRoamingNbIotNtn: satellite is disabled
06-22 11:23:35.516  2388  2388 W Settings: Setting airplane_mode_on has moved from android.provider.Settings.System to android.provider.Settings.Global, returning read-only value.
06-22 11:23:35.520  2388  2918 D MiuiTelephonyDFS: msg.what = 2
06-22 11:23:35.520  2388  2918 D MiuiTelephonyDFS: getVoiceRat = 13
06-22 11:23:35.520  2388  2918 D MiuiTelephonyDFS: getRsrp = -100
06-22 11:23:35.520  2388  2918 D MiuiTelephonyDFS: getVoiceRat = 13
06-22 11:23:35.521  2388  2918 D MiuiTelephonyDFS: getSnr = -3
06-22 11:23:35.521  2388  2918 D MiSight::  constructEvent id=915100005
06-22 11:23:35.521  2388  3108 D HighSpeedTrainModeController: msg.what = 10
06-22 11:23:35.521  2388  3107 D NetworkSpeedTracker: updateSignalInfo lteRsrp=-100lteSnr=-3,phoneId=0
06-22 11:23:35.521  2388  2918 D MiSight::  sendEvent id=915100005
06-22 11:23:35.521  2388  2918 D MiSightJni: MiSight: Java_com_miui_misight_MiSight_nativeSendEvent enter called. '{"SNRValue":-3}'
06-22 11:23:35.521  2388  2918 D MiEvent : MiEvent: this 0x763f073e20, paylod=0xb4000078c14a01c0
06-22 11:23:35.522  2388  2918 D MiEvent : flatten EventId 915100005 -t 1782098615 -paraList {"SNRValue":-3}
06-22 11:23:35.522  2388  2918 D MiEvent : report:EventId 915100005 -t 1782098615 -paraList {"SNRValue":-3} success
06-22 11:23:35.522  2388  2918 D MiEvent : ~MiEvent: this 0x763f073e20, paylod=0xb4000078c14a01c0
06-22 11:23:35.522  1180  1236 I misight : OnEvent EventPrivacyCompliance event=915100005
06-22 11:23:35.522  1180  1236 D misight : ProcessEvent devVersion==OS3.0.302.0.WHYMIXM,faultLevel=2,prv=3 region=eea
06-22 11:23:35.523  1180  1236 I misight : OnEvent EventStorageManager event=915100005,3
06-22 11:23:35.523  1180  1236 D misight : ProcessNewDayEvent event happen time 1782098615,start time=1782057600,restart=1
06-22 11:23:35.523  1180  1236 D misight : ProcessNewDayEvent event happen time 1782098615, last=1782098615,start time=1782057600,next day =1782144000, interval=86400
06-22 11:23:35.524  1180  1236 D misight : Execute start execute sql /data/miuilog/misight/event.db:select id,event_id,daily_cnt,over_cnt,hour_cnt,next_expire_time,last_happen_time,last_log_time from event_daily where event_id = '915100005' limit 1
06-22 11:23:35.524  1180  1236 D misight : DetectDropByTime event 915100005 parser maxCnt=200 lastTime=1782098553 same=0, overCnt=27740,dailyCnt=178,hourCnt=1
06-22 11:23:35.524  1180  1236 I misight : DetectDropEvent event 915100005 over hour cnt drop it, hourCnt=2 halfCnt=1, maxCnt=200 punishSecond=2062,space=62
06-22 11:23:35.524  1180  1236 D misight : Execute start execute sql /data/miuilog/misight/event.db:update event_daily set  daily_cnt=178, hour_cnt=1, next_expire_time=1782102153, over_cnt=27741, last_happen_time=1782098553, last_log_time=0  where id = '4'
06-22 11:23:35.528  1180  1236 I misight : OnEvent EventInfoPack event 915100005
06-22 11:23:35.528  1673  4646 I ActivityManager: unbindService com.android.server.am.ActiveServices@8d075d7 conn=android.os.BinderProxy@ded52c4 callingPid=6972
06-22 11:23:35.668  1223  1247 E WifiStandalone: conditional wait timedout
06-22 11:23:35.676  1045  1537 W libc    : Access denied finding property "ro.vendor.display.max_hdr_luminance"
06-22 11:23:35.676  1241  1241 I thermal_src: recvmsg_expect 5, but get 2 
06-22 11:23:35.676  1241  1241 V thermal_src: TA_DAEMON_CMD_GET_TPCB:ERROR ret=-1
06-22 11:23:35.676  1241  1241 E thermal_src: get_tpcb_from_kernel:error -1. retry...
06-22 11:23:35.676  1241  1241 I thermal_src: recvmsg_expect 4, but get 2 
06-22 11:23:35.676  1241  1241 V thermal_src: TA_DAEMON_CMD_SET_TTJ:ERROR ret=-1
06-22 11:23:35.676  1241  1241 E thermal_src: set_ttj_to_kernel 1:error -1
06-22 11:23:35.676  1241  1241 I thermal_src: recvmsg_expect 2, but get 5 
06-22 11:23:35.676  1241  1241 V thermal_src: waiting NOTIFY from kernel miss, -1
06-22 11:23:35.676  1241  1241 I thermal_src: recvmsg_expect 2, but get 4 
06-22 11:23:35.676  1241  1241 V thermal_src: waiting NOTIFY from kernel miss, -1
06-22 11:23:35.710   960  1431 I android.hardware.audio.service-aidl.mediatek: misoundfx process numSamples: 48
06-22 11:23:35.784 30727  2453 D AudioTrackImpl: [audioTrackData][zero] 2s(f:26047 m:1 s:0 k:0 z:2000) : pid 30727 uid 10307 sessionId 50393 sr 48000 ch 2 fmt 5
06-22 11:23:35.809  1228  1228 I thermal_repeater: [recvMdThermalInfo] ret=26, strLen=127,  3, 36, -50, 196, 32767, 0
06-22 11:23:35.837  1673  1742 D AurogonBandwidthController: skinTemperature:29.454
06-22 11:23:35.869  1045  1045 I BufferQueueProducer: [com.dibay.app/com.dibay.app.MainActivity#31171](this:0xb400007acb0e2610,id:-1,api:0,p:-1,c:1045) queueBuffer: fps=45.98 dur=1000.44 max=34.12 min=16.10
06-22 11:23:35.876  1045  1537 W libc    : Access denied finding property "ro.vendor.display.max_hdr_luminance"
06-22 11:23:35.882  1180  1236 I misight : OnEvent EventPrivacyCompliance event=911001001
06-22 11:23:35.883  1180  1236 D misight : ProcessEvent devVersion==OS3.0.302.0.WHYMIXM,faultLevel=2,prv=3 region=eea
06-22 11:23:35.883  1180  1236 I misight : OnEvent EventStorageManager event=911001001,2
06-22 11:23:35.883  1180  1236 D misight : ProcessNewDayEvent event happen time 1782098615,start time=1782057600,restart=1
06-22 11:23:35.883  1180  1236 D misight : ProcessNewDayEvent event happen time 1782098615, last=1782098615,start time=1782057600,next day =1782144000, interval=86400
06-22 11:23:35.883  1180  1236 D misight : Execute start execute sql /data/miuilog/misight/event.db:select id,event_id,daily_cnt,over_cnt,hour_cnt,next_expire_time,last_happen_time,last_log_time from event_daily where event_id = '911001001' limit 1
06-22 11:23:35.883  1180  1236 D misight : DetectDropByTime event 911001001 parser maxCnt=200 lastTime=1782097229 same=0, overCnt=44224,dailyCnt=186,hourCnt=1
06-22 11:23:35.883  1180  1236 I misight : DetectDropEvent event 911001001 over hour cnt drop it, hourCnt=2 halfCnt=1, maxCnt=200 punishSecond=3241,space=1386
06-22 11:23:35.884  1180  1236 D misight : Execute start execute sql /data/miuilog/misight/event.db:update event_daily set  daily_cnt=186, hour_cnt=1, next_expire_time=1782100829, over_cnt=44225, last_happen_time=1782097229, last_log_time=0  where id = '1'
06-22 11:23:35.886  1180  1236 I misight : OnEvent EventInfoPack event 911001001
06-22 11:23:35.891  1180  1236 I misight : OnEvent EventPrivacyCompliance event=811001001
06-22 11:23:35.891  1180  1236 D misight : ProcessEvent devVersion==OS3.0.302.0.WHYMIXM,faultLevel=2,prv=3 region=eea
06-22 11:23:35.892  1180  1236 I misight : OnEvent EventStorageManager event=811001001,3
06-22 11:23:35.892  1180  1236 D misight : ProcessNewDayEvent event happen time 1782098615,start time=1782057600,restart=1
06-22 11:23:35.893  1180  1236 D misight : ProcessNewDayEvent event happen time 1782098615, last=1782098615,start time=1782057600,next day =1782144000, interval=86400
06-22 11:23:35.893  1180  1236 D misight : Execute start execute sql /data/miuilog/misight/event.db:select id,event_id,daily_cnt,over_cnt,hour_cnt,next_expire_time,last_happen_time,last_log_time from event_daily where event_id = '811001001' limit 1
06-22 11:23:35.893  1180  1236 D misight : DetectDropByTime event 811001001 parser maxCnt=200 lastTime=1782097229 same=0, overCnt=44224,dailyCnt=186,hourCnt=1
06-22 11:23:35.893  1180  1236 I misight : DetectDropEvent event 811001001 over hour cnt drop it, hourCnt=2 halfCnt=1, maxCnt=200 punishSecond=3241,space=1386
06-22 11:23:35.894  1180  1236 D misight : Execute start execute sql /data/miuilog/misight/event.db:update event_daily set  daily_cnt=186, hour_cnt=1, next_expire_time=1782100829, over_cnt=44225, last_happen_time=1782097229, last_log_time=0  where id = '2'
06-22 11:23:35.896  1180  1236 I misight : OnEvent EventInfoPack event 811001001
06-22 11:23:36.110  1045  1537 W libc    : Access denied finding property "ro.vendor.display.max_hdr_luminance"
06-22 11:23:36.279  1004  1077 I libPerfCtl: xgfGetFPS pid:2402 fps:-1
06-22 11:23:36.279  1004  1077 I libPerfCtl: xgfGetFPS pid:30727 fps:-1
06-22 11:23:36.342  1045  1537 W libc    : Access denied finding property "ro.vendor.display.max_hdr_luminance"
06-22 11:23:36.439   970   982 I hwcomposer: [HWCDisplay] (0 updateFps():3644), (type:1, mode:2) fps:45.934685,dur:1001.42,max:35.26,min:15.34  
06-22 11:23:36.475  1139  1251 D connsyslogger: SD_LOG_ROOT is /data/debuglogger/connsyslog/fw.
06-22 11:23:36.475  1139  1251 D connsyslogger: systemReady:1
06-22 11:23:36.543  1045  1537 W libc    : Access denied finding property "ro.vendor.display.max_hdr_luminance"
06-22 11:23:36.707   960  1431 I android.hardware.audio.service-aidl.mediatek: misoundfx process numSamples: 48
06-22 11:23:36.758  1045  1537 W libc    : Access denied finding property "ro.vendor.display.max_hdr_luminance"
06-22 11:23:36.869  1045  1045 I BufferQueueProducer: [com.dibay.app/com.dibay.app.MainActivity#31171](this:0xb400007acb0e2610,id:-1,api:0,p:-1,c:1045) queueBuffer: fps=44.98 dur=1000.42 max=33.64 min=16.19
06-22 11:23:36.992  1045  1537 W libc    : Access denied finding property "ro.vendor.display.max_hdr_luminance"
06-22 11:23:37.225  1045  1537 W libc    : Access denied finding property "ro.vendor.display.max_hdr_luminance"
06-22 11:23:37.279  1004  1077 I libPerfCtl: xgfGetFPS pid:2402 fps:-1
06-22 11:23:37.280  1004  1077 I libPerfCtl: xgfGetFPS pid:30727 fps:-1
06-22 11:23:37.439   970   982 I hwcomposer: [HWCDisplay] (0 updateFps():3644), (type:1, mode:2) fps:43.989944,dur:1000.23,max:34.52,min:15.04  
06-22 11:23:37.441  1045  1537 W libc    : Access denied finding property "ro.vendor.display.max_hdr_luminance"
06-22 11:23:37.658  1045  1537 W libc    : Access denied finding property "ro.vendor.display.max_hdr_luminance"
06-22 11:23:37.677  1241  1241 I thermal_src: recvmsg_expect 5, but get 2 
06-22 11:23:37.678  1241  1241 V thermal_src: TA_DAEMON_CMD_GET_TPCB:ERROR ret=-1
06-22 11:23:37.678  1241  1241 E thermal_src: get_tpcb_from_kernel:error -1. retry...
06-22 11:23:37.678  1241  1241 I thermal_src: recvmsg_expect 5, but get 2 
06-22 11:23:37.679  1241  1241 V thermal_src: TA_DAEMON_CMD_GET_TPCB:ERROR ret=-1
06-22 11:23:37.679  1241  1241 E thermal_src: get_tpcb_from_kernel:error -1. retry...
06-22 11:23:37.679  1241  1241 I thermal_src: recvmsg_expect 5, but get 2 
06-22 11:23:37.679  1241  1241 V thermal_src: TA_DAEMON_CMD_GET_TPCB:ERROR ret=-1
06-22 11:23:37.679  1241  1241 E thermal_src: get_tpcb_from_kernel:error -1. retry...
06-22 11:23:37.679  1241  1241 I thermal_src: recvmsg_expect 4, but get 5 
06-22 11:23:37.679  1241  1241 V thermal_src: TA_DAEMON_CMD_SET_TTJ:ERROR ret=-1
06-22 11:23:37.680  1241  1241 E thermal_src: set_ttj_to_kernel 1:error -1
06-22 11:23:37.680  1241  1241 I thermal_src: recvmsg_expect 2, but get 5 
06-22 11:23:37.680  1241  1241 V thermal_src: waiting NOTIFY from kernel miss, -1
06-22 11:23:37.680  1241  1241 I thermal_src: recvmsg_expect 2, but get 5 
06-22 11:23:37.680  1241  1241 V thermal_src: waiting NOTIFY from kernel miss, -1
06-22 11:23:37.680  1241  1241 I thermal_src: recvmsg_expect 2, but get 4 
06-22 11:23:37.680  1241  1241 V thermal_src: waiting NOTIFY from kernel miss, -1
06-22 11:23:37.710   960  1431 I android.hardware.audio.service-aidl.mediatek: misoundfx process numSamples: 48
06-22 11:23:37.859  2297  2604 D IpClient/wlan0: interfaceLinkStateChanged: ifindex 36 up
06-22 11:23:37.870  1045  1045 I BufferQueueProducer: [com.dibay.app/com.dibay.app.MainActivity#31171](this:0xb400007acb0e2610,id:-1,api:0,p:-1,c:1045) queueBuffer: fps=42.96 dur=1000.87 max=33.78 min=16.19
06-22 11:23:37.876  1045  1537 W libc    : Access denied finding property "ro.vendor.display.max_hdr_luminance"
06-22 11:23:37.917  1180  1236 I misight : OnEvent EventPrivacyCompliance event=911001001
06-22 11:23:37.918  1180  1236 D misight : ProcessEvent devVersion==OS3.0.302.0.WHYMIXM,faultLevel=2,prv=3 region=eea
06-22 11:23:37.918  1180  1236 I misight : OnEvent EventStorageManager event=911001001,2
06-22 11:23:37.918  1180  1236 D misight : ProcessNewDayEvent event happen time 1782098617,start time=1782057600,restart=1
06-22 11:23:37.918  1180  1236 D misight : ProcessNewDayEvent event happen time 1782098617, last=1782098615,start time=1782057600,next day =1782144000, interval=86400
06-22 11:23:37.918  1180  1236 D misight : Execute start execute sql /data/miuilog/misight/event.db:select id,event_id,daily_cnt,over_cnt,hour_cnt,next_expire_time,last_happen_time,last_log_time from event_daily where event_id = '911001001' limit 1
06-22 11:23:37.919  1180  1236 D misight : DetectDropByTime event 911001001 parser maxCnt=200 lastTime=1782097229 same=0, overCnt=44225,dailyCnt=186,hourCnt=1
06-22 11:23:37.919  1180  1236 I misight : DetectDropEvent event 911001001 over hour cnt drop it, hourCnt=2 halfCnt=1, maxCnt=200 punishSecond=3241,space=1388
06-22 11:23:37.919  1180  1236 D misight : Execute start execute sql /data/miuilog/misight/event.db:update event_daily set  daily_cnt=186, hour_cnt=1, next_expire_time=1782100829, over_cnt=44226, last_happen_time=1782097229, last_log_time=0  where id = '1'
06-22 11:23:37.924  1180  1236 I misight : OnEvent EventInfoPack event 911001001
06-22 11:23:37.925  1180  1236 I misight : OnEvent EventPrivacyCompliance event=811001001
06-22 11:23:37.926  1180  1236 D misight : ProcessEvent devVersion==OS3.0.302.0.WHYMIXM,faultLevel=2,prv=3 region=eea
06-22 11:23:37.926  1180  1236 I misight : OnEvent EventStorageManager event=811001001,3
06-22 11:23:37.926  1180  1236 D misight : ProcessNewDayEvent event happen time 1782098617,start time=1782057600,restart=1
06-22 11:23:37.926  1180  1236 D misight : ProcessNewDayEvent event happen time 1782098617, last=1782098617,start time=1782057600,next day =1782144000, interval=86400
06-22 11:23:37.926  1180  1236 D misight : Execute start execute sql /data/miuilog/misight/event.db:select id,event_id,daily_cnt,over_cnt,hour_cnt,next_expire_time,last_happen_time,last_log_time from event_daily where event_id = '811001001' limit 1
06-22 11:23:37.927  1180  1236 D misight : DetectDropByTime event 811001001 parser maxCnt=200 lastTime=1782097229 same=0, overCnt=44225,dailyCnt=186,hourCnt=1
06-22 11:23:37.927  1180  1236 I misight : DetectDropEvent event 811001001 over hour cnt drop it, hourCnt=2 halfCnt=1, maxCnt=200 punishSecond=3241,space=1388
06-22 11:23:37.927  1180  1236 D misight : Execute start execute sql /data/miuilog/misight/event.db:update event_daily set  daily_cnt=186, hour_cnt=1, next_expire_time=1782100829, over_cnt=44226, last_happen_time=1782097229, last_log_time=0  where id = '2'
06-22 11:23:37.929  1180  1236 I misight : OnEvent EventInfoPack event 811001001
06-22 11:23:38.027   960  1114 D sixth_if_gift: sixth_vdd_proc : vdd = 4407500 
06-22 11:23:38.027   960  1114 D sixth_if_gift: sixth_wrap_vdd_msg: update vdd = 4407500
06-22 11:23:38.029   960  1114 D sixth_if_gift: sixth_wrap_vdd_msg: update vdd = 4407500
06-22 11:23:38.030   960  1431 W AudioALSAPlaybackHandlerBase: compensatePresentationPosition(), timestamp 651033.480431111 older then mPreviousTime 651033.480738188!!
06-22 11:23:38.110  1673  4646 D PerfShielderService: com.dibay.app|com.dibay.app/com.dibay.app.MainActivity|2758|651033566201649|74|5|120
06-22 11:23:38.110  1045  1537 W libc    : Access denied finding property "ro.vendor.display.max_hdr_luminance"
06-22 11:23:38.113  3805 16069 W MiuiPerfServiceClient: interceptAndQueuing:30727|com.dibay.app|2758|74|651033566201649|Slow issue draw commands|120
06-22 11:23:38.246  1226  1640 D ULogGuard: Monitoring: 7 threads, 0 requests, 0 time-bombs; 15 guards. ResetFlags = 0x7
06-22 11:23:38.280  1004  1077 I libPerfCtl: xgfGetFPS pid:2402 fps:-1
06-22 11:23:38.280  1004  1077 I libPerfCtl: xgfGetFPS pid:30727 fps:-1
06-22 11:23:38.330  1045  1537 W libc    : Access denied finding property "ro.vendor.display.max_hdr_luminance"
06-22 11:23:38.415  1673  4646 E ActivityStarterImpl: checkDeviceGuardStartActivityPermission: request is null
06-22 11:23:38.415  1673  4646 I SecurityManagerService: isVirtualDisplayActive, international rom, should not intercept
06-22 11:23:38.416  1673  4646 W ActivityTaskManager: callingPackage for (uid=2000, pid=3549) has no WPC
06-22 11:23:38.417  1673  4646 W OptProp : Cannot read opt property android.window.PROPERTY_COMPAT_ALLOW_ORIENTATION_OVERRIDE
06-22 11:23:38.418  1673  4646 V GrammaticalInflectionUtils: AttributionSource: android.content.AttributionSource@9a54a88f does not have READ_SYSTEM_GRAMMATICAL_GENDER permission.
06-22 11:23:38.418  1673  1998 E CamOpt_Service: Reserve pool file not found: /sys/kernel/reserve_pool/config
06-22 11:23:38.418  1673  4646 W OptProp : Cannot read opt property android.window.PROPERTY_COMPAT_ALLOW_RESIZEABLE_ACTIVITY_OVERRIDES
06-22 11:23:38.419  1673  4646 W OptProp : Cannot read opt property android.window.PROPERTY_COMPAT_ALLOW_MIN_ASPECT_RATIO_OVERRIDE
06-22 11:23:38.420  1673  4646 D BLASTSyncEngine: [DH_DEBUG]scheduleTimeout #2618 success=true timeoutMs=5000 callback=com.android.server.wm.BLASTSyncEngine$SyncGroup$$ExternalSyntheticLambda2@e168842
06-22 11:23:38.420  1673  4646 I ActivityStarterImpl: isKeyguardEditor: false, newTransition: TransitionRecord{2285053 id=2618 type=OPEN flags=0x0}
06-22 11:23:38.420  1673  4646 D WindowManager: Collecting in transition 2618: ActivityRecord{114666896 u0 com.dibay.app/.MainActivity t-1} init visibleRequested:false dc:null
06-22 11:23:38.421  1673  4646 I ActivityStarterImpl: boost warm start activity for com.dibay.app
06-22 11:23:38.421  1673  4646 D MiuiFreeformServiceImpl: addLaunchFreeformActivityOptionIfNeed skip due to not find sourceTask: null sourceFfas: null sourceFreeFormActivity: null
06-22 11:23:38.424  1673  4646 D Transition: setReady 2618 wc=Display{#0 state=ON size=800x1340 ROTATION_0} ready=true
06-22 11:23:38.425  1673  4646 D Transition: setReady 2618 wc=Display{#0 state=ON size=800x1340 ROTATION_0} ready=true
06-22 11:23:38.425  1673  4646 D MiuiFreeFormManagerService: onStartActivityInner as = Task{e00083f #554 type=standard A=10307:com.dibay.app} op = null
06-22 11:23:38.426  1673  4646 D ActivityTaskManager: handleStartResult transition.abort(),  mTargetRootTask = Task{e00083f #554 type=standard A=10307:com.dibay.app}
06-22 11:23:38.426  1673  4646 D TransitionImpl: abort TransitionRecord{2285053 id=2618 type=OPEN flags=0x0 c=[
06-22 11:23:38.426  1673  4646 D TransitionImpl:    ChangeInfo{108e68e container=ActivityRecord{114666896 u0 com.dibay.app/.MainActivity t-1} flags=0x0}
06-22 11:23:38.426  1673  4646 D TransitionImpl: ]
06-22 11:23:38.426  1673  4646 D TransitionImpl: } from = 0 Caller: com.android.server.wm.Transition.abort:2123 com.android.server.wm.Transition.abort:2114 com.android.server.wm.ActivityStarter.handleStartResult:2164 com.android.server.wm.ActivityStarter.startActivityUnchecked:1999 com.android.server.wm.ActivityStarter.executeRequest:1801 
06-22 11:23:38.426  1673  4646 D TransitionImpl: abortTransition by 0 mSyncId = 2618
06-22 11:23:38.427  1673  4646 D BLASTSyncEngine: [DH_DEBUG]remove timeout #2618 callback=com.android.server.wm.BLASTSyncEngine$SyncGroup$$ExternalSyntheticLambda2@e168842
06-22 11:23:38.427  2402  3415 D KeyguardService: setOccluded(true)
06-22 11:23:38.427  2402  3415 D KeyguardViewMediator: setOccluded(true)
06-22 11:23:38.427  2402  3415 D KeyguardViewMediator: setOccluded true
06-22 11:23:38.428  2402  2402 D KeyguardViewMediator: handleSetOccluded(true)
06-22 11:23:38.428  2402  2402 D KeyguardViewMediator: isOccluded=true,mPowerGestureIntercepted=false
06-22 11:23:38.428  2402  2402 D KeyguardViewMediator: KeyguardViewMediator queue processing message: SET_OCCLUDED
06-22 11:23:38.431  1673  4646 I ActivityTaskManager: START u0 {act=android.intent.action.VIEW dat=dibay://call/... flg=0x10000000 xflg=0x4 cmp=com.dibay.app/.MainActivity} with LAUNCH_SINGLE_TASK from uid 2000 from pid 3549 callingPackage com.android.shell (BAL_ALLOW_PERMISSION) result code=3
06-22 11:23:38.432  2402  2547 D WindowManagerShell: onActivityRestartAttempt: topActivity=ComponentInfo{com.dibay.app/com.dibay.app.MainActivity}, wasVisible=true
06-22 11:23:38.439  2402  2815 D DeskTopModeUtils: Failed to read MIUI_DESKTOP_MODE settings android.provider.Settings$SettingNotFoundException: miui_dkt_mode
06-22 11:23:38.441 30727 30727 V Capacitor/AppPlugin: Notifying listeners for event pause
06-22 11:23:38.441 30727 30727 D Capacitor/AppPlugin: No listeners found for event pause
06-22 11:23:38.442  1673  4646 I ActivityManager: unbindService com.android.server.am.ActiveServices@8d075d7 conn=android.os.BinderProxy@6c72f17 callingPid=30727
06-22 11:23:38.444  1673  2671 I ActivityManager: unbindService com.android.server.am.ActiveServices@8d075d7 conn=android.os.BinderProxy@685a5b3 callingPid=30727
06-22 11:23:38.445  2402  2815 D DeskTopModeUtils: Failed to read MIUI_DESKTOP_MODE settings android.provider.Settings$SettingNotFoundException: miui_dkt_mode
06-22 11:23:38.448  1673  1902 I MiuiNetworkPolicy: updateUidState uid = 90000, uidState = 10
06-22 11:23:38.448  1673  1902 I MiuiNetworkPolicy: updateUidState uid = 10166, uidState = 10
06-22 11:23:38.451 30727 30727 D Capacitor: App paused
06-22 11:23:38.451  8885  9368 I emkh    : (REDACTED) HDM. appOpsListener %s %s
06-22 11:23:38.451  8885  9368 I emkh    : (REDACTED) HDM. Ignoring irrelevant audio permission changes for package %s
06-22 11:23:38.452 30727 30727 V Capacitor/AppPlugin: Notifying listeners for event appUrlOpen
06-22 11:23:38.452  1673  1696 D GnssSsruImpl: onLocationPermissionsChanged provider:network packageName:com.android.chrome
06-22 11:23:38.452  1673  1696 D GnssSsruImpl: onLocationPermissionsChanged provider:passive packageName:com.android.chrome
06-22 11:23:38.453  1673  1902 I MiuiNetworkPolicy: updateUidState uid = 90000, uidState = 19
06-22 11:23:38.453  1673  1902 I MiuiNetworkPolicy: updateUidState uid = 10166, uidState = 19
06-22 11:23:38.455   970   982 I hwcomposer: [HWCDisplay] (0 updateFps():3644), (type:1, mode:2) fps:41.331360,dur:1016.18,max:37.00,min:14.80  
06-22 11:23:38.456 30727 30727 I DIBAY_CALL: [DIBAY_CALL] notification_cancel callId=tmp_qa_1782098618463
06-22 11:23:38.457  1673  4646 D ActivityTaskManager: setShowWhenLocked from true to true for ActivityRecord{248791267 u0 com.dibay.app/.MainActivity t554}
06-22 11:23:38.460 30727 30727 I DIBAY_NOTIFY: [notify-open] tap_received notificationId=null
06-22 11:23:38.460 30727 30727 I DIBAY_PUSH_ROUTE: [push-route] notification_tap_received notificationId=null
06-22 11:23:38.460 30727 30727 I DIBAY_PUSH_ROUTE: [push-route] route_resolved path=/community-messenger/calls/tmp_qa_1782098618463?kind=video
06-22 11:23:38.461 30727 30727 I DIBAY_PUSH_ROUTE: [push-route] pending_route_saved path=/community-messenger/calls/tmp_qa_1782098618463?kind=video
06-22 11:23:38.461 30727 30727 D Activity: Activity = ActivityInfo{7c71b35 com.dibay.app.MainActivity}, Resume onConfigurationChanged = {1.0 515mcc2mnc [ko_KR] ldltr sw601dp w601dp h1007dp 213dpi lrg long port finger -keyb/v/h -nav/h winConfig={ mBounds=Rect(0, 0 - 800, 1340) mAppBounds=Rect(0, 0 - 800, 1340) mMaxBounds=Rect(0, 0 - 800, 1340) mDisplayRotation=ROTATION_0 mWindowingMode=fullscreen mActivityType=standard mAlwaysOnTop=undefined mRotation=ROTATION_0 mInSplitScreen=false letterBoxed=false foScaled=false isSpecificEmbedded=false embeddingScale=1.0} s.2 fontWeightAdjustment=0/d/0 themeChanged=0 themeChangedFlags=0 display=0 extraData = Bundle[{}] screenType=0/0}
06-22 11:23:38.462 30727 30727 D Capacitor/AppPlugin: Firing change: true
06-22 11:23:38.463 30727 30727 V Capacitor/AppPlugin: Notifying listeners for event appStateChange
06-22 11:23:38.465 30727 30727 V Capacitor/AppPlugin: Notifying listeners for event resume
06-22 11:23:38.465 30727 30727 D Capacitor/AppPlugin: No listeners found for event resume
06-22 11:23:38.468 30727 30727 I NativeOAuthLauncher: custom_tabs_bind_start package=com.android.chrome
06-22 11:23:38.471  1673  1902 I MiuiNetworkPolicy: updateUidState uid = 90000, uidState = 10
06-22 11:23:38.471  1673  1960 D ActionExecute: setPkgData uid = 10307 time=8000
06-22 11:23:38.474  8885  9368 I emkh    : (REDACTED) HDM. appOpsListener %s %s
06-22 11:23:38.474  8885  9368 I emkh    : (REDACTED) HDM. Ignoring irrelevant audio permission changes for package %s
06-22 11:23:38.474  1673  1902 I MiuiNetworkPolicy: updateUidState uid = 10166, uidState = 10
06-22 11:23:38.475  1673  1907 D MiuiWifiCommonBase: band: 1, compensate: 0
06-22 11:23:38.475  1673  1696 D GnssSsruImpl: onLocationPermissionsChanged provider:network packageName:com.android.chrome
06-22 11:23:38.475  1673  1696 D GnssSsruImpl: onLocationPermissionsChanged provider:passive packageName:com.android.chrome
06-22 11:23:38.475  1673  1907 E AmlWifiScoreReportInjector: AmlWifiScoreReportInjector was cleared
06-22 11:23:38.475  1673  1907 D WifiOptimizationImpl: AmlWifiScoreReportInjector.get() = null, stop reportTxBadOrRetryEvent
06-22 11:23:38.475  1139  1251 D connsyslogger: SD_LOG_ROOT is /data/debuglogger/connsyslog/fw.
06-22 11:23:38.475  1139  1251 D connsyslogger: systemReady:1
06-22 11:23:38.476 30727 30727 D Capacitor: App resumed
06-22 11:23:38.478 30727 30727 I DIBAY_WebView: webview_console_message level=LOG line=328 source= msg=%cresult %cApp.addListener (#83946535) font-style: italic; font-weight: lighter; color: gray font-style: italic; font-weight: bold; color: #444
06-22 11:23:38.478 30727 30727 I DIBAY_WebView: webview_console_message level=LOG line=333 source= msg={"url":"dibay://call/tmp_qa_1782098618463?kind=video"}
06-22 11:23:38.478 30727 30727 I Capacitor/Console: File:  - Line 333 - Msg: {"url":"dibay://call/tmp_qa_1782098618463?kind=video"}
06-22 11:23:38.478 30727 30727 I DIBAY_WebView: webview_console_message level=LOG line=335 source= msg=console.groupEnd
06-22 11:23:38.478 30727 30727 I DIBAY_WebView: webview_console_message level=LOG line=1 source=https://samarket.vercel.app/_next/static/chunks/6fd7e9b70d726866.js msg=[push-route] route_resolved [object Object]
06-22 11:23:38.479 30727 30727 I Capacitor/Console: File: https://samarket.vercel.app/_next/static/chunks/6fd7e9b70d726866.js - Line 1 - Msg: [push-route] route_resolved [object Object]
06-22 11:23:38.479 30727 30727 I DIBAY_WebView: webview_console_message level=LOG line=1 source=https://samarket.vercel.app/_next/static/chunks/6fd7e9b70d726866.js msg=[push-route] webview_route_delivered [object Object]
06-22 11:23:38.479 30727 30727 I Capacitor/Console: File: https://samarket.vercel.app/_next/static/chunks/6fd7e9b70d726866.js - Line 1 - Msg: [push-route] webview_route_delivered [object Object]
06-22 11:23:38.479 30727 30727 I DIBAY_WebView: webview_console_message level=LOG line=328 source= msg=%cresult %cApp.addListener (#83946538) font-style: italic; font-weight: lighter; color: gray font-style: italic; font-weight: bold; color: #444
06-22 11:23:38.479 30727 30727 I DIBAY_WebView: webview_console_message level=LOG line=333 source= msg={"url":"dibay://call/tmp_qa_1782098618463?kind=video"}
06-22 11:23:38.479 30727 30727 I Capacitor/Console: File:  - Line 333 - Msg: {"url":"dibay://call/tmp_qa_1782098618463?kind=video"}
06-22 11:23:38.479 30727 30727 I DIBAY_WebView: webview_console_message level=LOG line=335 source= msg=console.groupEnd
06-22 11:23:38.479 30727 30727 W DIBAY_WebView: webview_console_message level=WARNING line=1 source=https://samarket.vercel.app/_next/static/chunks/c10ce78b469d1b93.js msg=[oauth] callback_ignored {"reason":"non_dibay_scheme","urlPrefix":"dibay://call/tmp_qa_178209861846"}
06-22 11:23:38.480 30727 30727 W Capacitor/Console: File: https://samarket.vercel.app/_next/static/chunks/c10ce78b469d1b93.js - Line 1 - Msg: [oauth] callback_ignored {"reason":"non_dibay_scheme","urlPrefix":"dibay://call/tmp_qa_178209861846"}
06-22 11:23:38.480 30727 30727 E DIBAY_WebView: webview_console_message level=ERROR line=1 source=https://samarket.vercel.app/_next/static/chunks/695874cb023d84e5.js msg=Uncaught (in promise) Error: "NativeIncomingCall.then()" is not implemented on android
06-22 11:23:38.480 30727 30727 E Capacitor/Console: File: https://samarket.vercel.app/_next/static/chunks/695874cb023d84e5.js - Line 1 - Msg: Uncaught (in promise) Error: "NativeIncomingCall.then()" is not implemented on android
06-22 11:23:38.480 30727 30727 I DIBAY_WebView: webview_console_message level=LOG line=328 source= msg=%cresult %cApp.addListener (#83946529) font-style: italic; font-weight: lighter; color: gray font-style: italic; font-weight: bold; color: #444
06-22 11:23:38.480 30727 30727 I DIBAY_WebView: webview_console_message level=LOG line=333 source= msg={"isActive":true}
06-22 11:23:38.480 30727 30727 I Capacitor/Console: File:  - Line 333 - Msg: {"isActive":true}
06-22 11:23:38.480 30727 30727 I DIBAY_WebView: webview_console_message level=LOG line=335 source= msg=console.groupEnd
06-22 11:23:38.480 30727 30727 I DIBAY_WebView: webview_console_message level=LOG line=348 source= msg=%cnative %cNativeGoogleAuth.recoverSignInIfPending (#83946554) font-weight: lighter; color: gray font-weight: bold; color: #000
06-22 11:23:38.480 30727 30727 I DIBAY_WebView: webview_console_message level=LOG line=349 source= msg=[object Object]
06-22 11:23:38.481 30727 30727 I Capacitor/Console: File:  - Line 349 - Msg: [object Object]
06-22 11:23:38.481 30727 30727 I DIBAY_WebView: webview_console_message level=LOG line=350 source= msg=console.groupEnd
06-22 11:23:38.481 30727 30727 I DIBAY_WebView: webview_console_message level=LOG line=328 source= msg=%cresult %cApp.addListener (#83946546) font-style: italic; font-weight: lighter; color: gray font-style: italic; font-weight: bold; color: #444
06-22 11:23:38.481 30727 30727 I DIBAY_WebView: webview_console_message level=LOG line=333 source= msg={"isActive":true}
06-22 11:23:38.481 30727 30727 I Capacitor/Console: File:  - Line 333 - Msg: {"isActive":true}
06-22 11:23:38.481 30727 30727 I DIBAY_WebView: webview_console_message level=LOG line=335 source= msg=console.groupEnd
06-22 11:23:38.481 30727 30727 E DIBAY_WebView: webview_console_message level=ERROR line=1 source=https://samarket.vercel.app/_next/static/chunks/695874cb023d84e5.js msg=Uncaught (in promise) Error: "NativeIncomingCall.then()" is not implemented on android
06-22 11:23:38.481 30727 30727 E Capacitor/Console: File: https://samarket.vercel.app/_next/static/chunks/695874cb023d84e5.js - Line 1 - Msg: Uncaught (in promise) Error: "NativeIncomingCall.then()" is not implemented on android
06-22 11:23:38.485 30727 30727 I DIBAY_PUSH_ROUTE: [push-route] webview_call_route_loaded path=/community-messenger/calls/tmp_qa_1782098618463?kind=video
06-22 11:23:38.487 30727 30727 I NativeOAuthLauncher: custom_tabs_service_connected package=com.android.chrome
06-22 11:23:38.489 30727 30727 V Capacitor/Plugin: To native (Capacitor plugin): callbackId: 83946554, pluginId: NativeGoogleAuth, methodName: recoverSignInIfPending
06-22 11:23:38.489 30727 30727 V Capacitor: callback: 83946554, pluginId: NativeGoogleAuth, methodName: recoverSignInIfPending, methodData: {}
06-22 11:23:38.502 30727  2209 D AAudio  : AAudioStream_requestStop(s#1) called
06-22 11:23:38.502 30727  2209 D AAudioStream: setState(s#1) from 4 to 9
06-22 11:23:38.502 30727  2209 D AudioTrack: stop(5498): 0xb4000079014a1c20, prior state:STATE_ACTIVE packageName: com.dibay.app
06-22 11:23:38.502 30727  2209 D AudioTrack: stop(5498): prior state:STATE_ACTIVE
06-22 11:23:38.502 30727  2209 D AudioTrack: stop(5498): called with 3135232 frames delivered
06-22 11:23:38.502 30727  2209 D AudioTrackShared: this(0xb4000077d14dac90), mCblk(0x7a6a0fc000), front(9194496), mIsOut 1, interrupt() FUTEX_WAKE
06-22 11:23:38.502 30727  2453 D AudioTrackShared: obtainBuffer() interrupted by client
06-22 11:23:38.503  1673  4646 E AppOps  : attributionTag  not declared in manifest of com.dibay.app
06-22 11:23:38.504 30727 30727 I DIBAY_WebView: webview_console_message level=LOG line=348 source= msg=%cnative %cDibayCallAudioRoute.release (#83946555) font-weight: lighter; color: gray font-weight: bold; color: #000
06-22 11:23:38.504  1673  4646 E AppOps  : attributionTag  not declared in manifest of com.dibay.app
06-22 11:23:38.504 30727 30727 I DIBAY_WebView: webview_console_message level=LOG line=349 source= msg=[object Object]
06-22 11:23:38.505 30727 30727 I Capacitor/Console: File:  - Line 349 - Msg: [object Object]
06-22 11:23:38.505 30727 30727 I DIBAY_WebView: webview_console_message level=LOG line=350 source= msg=console.groupEnd
06-22 11:23:38.505 30727  2209 D AudioTrack: stop(5498): 0xb4000079014a1c20 stop done
06-22 11:23:38.505 30727 30727 I DIBAY_WebView: webview_console_message level=LOG line=1 source=https://samarket.vercel.app/_next/static/chunks/2b4e86e454ae7a77.js msg=[cm-call-state] call_ended_cleanup_done [object Object]
06-22 11:23:38.505 30727  2209 D AAudioStream: setState(s#1) from 9 to 10
06-22 11:23:38.505 30727 30727 I Capacitor/Console: File: https://samarket.vercel.app/_next/static/chunks/2b4e86e454ae7a77.js - Line 1 - Msg: [cm-call-state] call_ended_cleanup_done [object Object]
06-22 11:23:38.508 30727 30727 I DIBAY_WebView: webview_console_message level=LOG line=328 source= msg=%cresult %cNativeGoogleAuth.recoverSignInIfPending (#83946554) font-style: italic; font-weight: lighter; color: gray font-style: italic; font-weight: bold; color: #444
06-22 11:23:38.509 30727 30727 I DIBAY_WebView: webview_console_message level=LOG line=333 source= msg={"recovered":false}
06-22 11:23:38.509 30727 30727 I Capacitor/Console: File:  - Line 333 - Msg: {"recovered":false}
06-22 11:23:38.509 30727 30727 I DIBAY_WebView: webview_console_message level=LOG line=335 source= msg=console.groupEnd
06-22 11:23:38.520  1673  1987 I SmartPower: com.google.android.gms/10143(6488): idle->background(50215ms) R(add to whitelist) adj=250.
06-22 11:23:38.522 30727 30727 V Capacitor/Plugin: To native (Capacitor plugin): callbackId: 83946555, pluginId: DibayCallAudioRoute, methodName: release
06-22 11:23:38.522 30727 30727 V Capacitor: callback: 83946555, pluginId: DibayCallAudioRoute, methodName: release, methodData: {"reason":"call_client_cleanup"}
06-22 11:23:38.523  6488  6488 D BoundBrokerSvc: onBind: Intent { act=com.google.android.gms.safebrowsing.SafeBrowsingService.START dat=chimera-action:/... xflg=0x4 cmp=com.google.android.gms/.chimera.GmsBoundBrokerService }
06-22 11:23:38.523  6488  6488 D BoundBrokerSvc: Loading bound service for intent: Intent { act=com.google.android.gms.safebrowsing.SafeBrowsingService.START dat=chimera-action:/... xflg=0x4 cmp=com.google.android.gms/.chimera.GmsBoundBrokerService }
06-22 11:23:38.523  1673  4646 D AS.AudioService: setCommunicationDevice() from u/pid:10307/30727, deviceName=null, portId=0
06-22 11:23:38.523  1673  4646 I AS.AudioService: In setCommunicationDevice(), device = null, eventSource: setCommunicationDevice() from u/pid:10307/30727
06-22 11:23:38.523  1673  4646 V AS.AudioDeviceBroker: setCommunicationDevice, device: null, uid: 10307
06-22 11:23:38.524  1673  1936 V AS.AudioDeviceBroker: onSetCommunicationDeviceForClient: CommunicationDeviceInfo mCb=android.os.BinderProxy@afcb4a7 mAttributionSource=android.content.AttributionSource@444df5cc mDevice=[null] mOn=false mScoAudioMode=-1 mIsPrivileged=false mEventSource=setCommunicationDevice() from u/pid:10307/30727
06-22 11:23:38.524 30727  2229 I AudioManager: In setSpeakerphoneOn() false calling application: com.dibay.app
06-22 11:23:38.525  1673  4646 D AS.AudioService: setSpeakerphoneOn(false) from u/pid:10307/30727, callingApp=com.dibay.app
06-22 11:23:38.526  1673  4646 V AS.AudioDeviceBroker: setSpeakerphoneOn, on: false uid: 10307
06-22 11:23:38.526  1673  1936 V AS.AudioDeviceBroker: onSetCommunicationDeviceForClient: CommunicationDeviceInfo mCb=android.os.BinderProxy@afcb4a7 mAttributionSource=android.content.AttributionSource@444df5cc mDevice=[AudioDeviceAttributes: role:output type:speaker addr: name: profiles:[] descriptors:[]] mOn=false mScoAudioMode=-1 mIsPrivileged=false mEventSource=setSpeakerphoneOn(false) from u/pid:10307/30727
06-22 11:23:38.526  1673  1936 E AS.AudioDeviceBroker: mCommunicationDeviceUpdateCount already 0 in MSG_L_SET_COMMUNICATION_DEVICE_FOR_CLIENT
06-22 11:23:38.527  1673  3913 V AS.AudioService: setMode(mode=0, pid=30727, uid=10307, caller=com.dibay.app)
06-22 11:23:38.527  1673  3913 D AS.AudioService: setMode: newSceneValue: 1 currentScene value:1
06-22 11:23:38.527  1673  1939 V AS.AudioService: onUpdateAudioMode() new mode: 0, current mode: 0 requested mode: 0 signal: false
06-22 11:23:38.528  1673  3913 D AS.BtHelper: isBluetoothScoOn() mBluetoothHeadset is null: truemBluetoothHeadsetDevice is null: true
06-22 11:23:38.528  1673  3913 V AS.AudioDeviceBroker: requestedCommunicationDevice: null mode owner pid: 0 crc: null
06-22 11:23:38.528 30727  2229 I AudioManager: In isBluetoothScoOn() calling application: com.dibay.app
06-22 11:23:38.529  1673  3913 D AS.BtHelper: isBluetoothScoOn() mBluetoothHeadset is null: truemBluetoothHeadsetDevice is null: true
06-22 11:23:38.529  1673  3913 V AS.AudioDeviceBroker: isBluetoothScoOn return false when sco/ble device is not connect.
06-22 11:23:38.529  1673  3913 V AS.AudioDeviceBroker: requestedCommunicationDevice: null mode owner pid: 0 crc: null
06-22 11:23:38.530 30727  2229 V AudioManager: direct return isBluetoothA2dpOn from audioservice/audiodeviceinventory, get directly to avoid waiting too long.
06-22 11:23:38.530 30727  2229 V AudioManager: direct return isWiredHeadsetOn from audioservice/audiodeviceinventory, get directly to avoid waiting too long.
06-22 11:23:38.536  1673  3913 I PowerHalWrapper: amsBoostStop AMS_BOOST_PACK_SWITCH:false, AMS_BOOST_ACT_SWITCH:false, AMS_BOOST_PROCESS_CREATE:false, AMS_BOOST_PROCESS_CREATE_FOR_GAME:false, AMS_BOOST_HOT_LAUNCH:false 
06-22 11:23:38.536  1673  3913 I PowerHalWrapper: amsBoostStop AMS_BOOST_PACK_SWITCH:false, AMS_BOOST_ACT_SWITCH:false, AMS_BOOST_PROCESS_CREATE:false, AMS_BOOST_PROCESS_CREATE_FOR_GAME:false, AMS_BOOST_HOT_LAUNCH:false 
06-22 11:23:38.541  1045  1537 W libc    : Access denied finding property "ro.vendor.display.max_hdr_luminance"
06-22 11:23:38.543  1673  1902 I MiuiNetworkPolicy: updateUidState uid = 90000, uidState = 19
06-22 11:23:38.544  1673  1902 I MiuiNetworkPolicy: updateUidState uid = 10166, uidState = 17
06-22 11:23:38.561 30727 30727 I DIBAY_WebView: webview_console_message level=LOG line=328 source= msg=%cresult %cDibayCallAudioRoute.release (#83946555) font-style: italic; font-weight: lighter; color: gray font-style: italic; font-weight: bold; color: #444
06-22 11:23:38.561 30727 30727 I DIBAY_WebView: webview_console_message level=LOG line=333 source= msg={"requestedSpeaker":false,"applied":true,"actualRoute":"earpiece","externalDeviceConnected":false,"api":"noop","reason":"call_client_cleanup"}
06-22 11:23:38.562 30727 30727 I Capacitor/Console: File:  - Line 333 - Msg: {"requestedSpeaker":false,"applied":true,"actualRoute":"earpiece","externalDeviceConnected":false,"api":"noop","reason":"call_client_cleanup"}
06-22 11:23:38.562 30727 30727 I DIBAY_WebView: webview_console_message level=LOG line=335 source= msg=console.groupEnd
06-22 11:23:38.591  1673  1960 D ActionExecute: setPkgData uid = 10143 time=8000
06-22 11:23:38.640  1025  1435 D AudioTrackShared: this(0xb4000079d85944d0), mCblk(0x7a83efd000), front(9195008), mIsOut 1, setStreamEndDone() FUTEX_WAKE
06-22 11:23:38.643  1025  1435 D AudioFlinger_Threads: noteStopAudioInNeed
06-22 11:23:38.644  1025  1435 D BatteryNotifier: batteryHandler::send audio stop msg! 10307, 30727, 50393, 2
06-22 11:23:38.644  1025  1435 D AudioFlinger_Threads: removeTracks_l(4607): removing track on session 50393
06-22 11:23:38.644  1025  1304 D BatteryNotifier: BatteryNotifier::update audio stop to power insight! 10307, 30727, 50393, 2, isneedReport 1
06-22 11:23:38.644  1025  1435 V AudioPolicyInterfaceImpl: stopOutput()
06-22 11:23:38.644  1025  1435 V audio_utils::mutex: mutex_impl: audio_mutex initialized: ret:0  order:6
06-22 11:23:38.644  1673  1740 E BatteryStatsService: note StopAudioToPower BatteryStatsservices10307 30727 50393 5498 2
06-22 11:23:38.644  1673  1740 D BatteryStatsManagerStub: noteStopAudioInNeed uid is 10307, pid is 30727, session is 50393, port is 5498, type is 2
06-22 11:23:38.644  1673  1740 E PowerInsightPolicy: sPowerInsightService null!
06-22 11:23:38.645  1025  1354 V AudioPolicyInterfaceImpl: doStopOutput
06-22 11:23:38.645  1025  1354 I AudioEffect: disable 0xb4000078d85977b0
06-22 11:23:38.645  5692 10904 I PowerKeeper.Event: noteStopAudioInNeed uid is 10307, sessionid is 50393, port is 5498, type is 2
06-22 11:23:38.645  1025  1354 V EffectHandle: disable 0xb4000079b858a1d0
06-22 11:23:38.645  1025  1354 V EffectBase: updatePolicyState name Music Volume Listener id 31059 session 50393 doRegister 0 registered 1 doEnable 1 enabled 0
06-22 11:23:38.645  1025  1354 V EffectBase: setEnabled 0xb400007848596e00 enabled 0
06-22 11:23:38.645  1025  1435 D AudioFlinger_Threads: removeTracks_l(4607): stopping track on chain 0xb4000078385a0b10 for session Id: 50393, count : 0.
06-22 11:23:38.645  1025  1435 D AudioFlinger_Threads: removeTracks_l() mActiveEffectChainIdVector.size() = 1, before mActiveEffectChainIdVector.erase(50393).
06-22 11:23:38.645  1025  1435 D AudioFlinger_Threads: updateWakeLockUids_l AudioOut_15 uids:
06-22 11:23:38.645  5692  5823 I AppActiveChecker: uid:10307change to inactive
06-22 11:23:38.646   960  1018 D MTKAdapterStreamLayer: updateMetadataCommon(), 
06-22 11:23:38.646   960  1018 I AudioALSAStreamOut: updateSourceMetadata(), do nothing source_metadata = 0x77c7c2ff78
06-22 11:23:38.646  1025  1354 I AudioEffect: Destructor 0xb4000078d85977b0
06-22 11:23:38.646  1025  1354 V EffectHandle: disconnect 0xb4000079b858a1d0
06-22 11:23:38.646  1025  1354 V EffectHandle: disconnect(true) 0xb4000079b858a1d0
06-22 11:23:38.646  1025  1435 D StreamHalAidl: [out|ioHandle:21] setParameters: parameters: "NoAudioTrack=1"
06-22 11:23:38.646  1025  1354 V EffectBase: disconnect() 0xb400007848596e00 handle 0xb4000079b858a1d0
06-22 11:23:38.646  1025  1435 D StreamHalAidl: [out|ioHandle:21] setParameters: parameters: NoAudioTrack=1
06-22 11:23:38.646  1673  1740 D BatteryStatsService: noteStopAudio uid is 10307
06-22 11:23:38.647  1040  1040 D Audio_ParameterParser: parseVendorParameters: scope: STREAM, keys/values: NoAudioTrack=1
06-22 11:23:38.647  1673  1740 D ProcessManager: add temp remove audio inactive uid : 10307
06-22 11:23:38.648   960  1018 D AHAL_DlbVolumeListenerEffectContext: disable
06-22 11:23:38.648   960  1018 D AHAL_DlbVolumeListenerEffectContext: VolumeListenerContext::disable, session = 50393, ioHandle = 21
06-22 11:23:38.648   960  3486 D AHAL_EffectImpl: Music Volume ListenerV2 skip process in state: IDLE
06-22 11:23:38.649  1025  1354 V EffectBase: removeHandle_l() 0xb400007848596e00 removed handle 0xb4000079b858a1d0 in position 0
06-22 11:23:38.649  1025  1354 I AudioFlinger_Threads: removeEffect_l(): 0xb400007a8340b520, effect = 0xb400007848596df0, name = Music Volume Listener
06-22 11:23:38.649   960  1018 I AHAL_EffectImpl: command: line250 return with expr mState == State::IDLE
06-22 11:23:38.650   960  1018 D AHAL_DlbVolumeListenerEffectContext: disable
06-22 11:23:38.650   960  1018 D AHAL_DlbVolumeListenerEffectContext: ~VolumeListenerEffectContext
06-22 11:23:38.650   960  1018 I AHAL_EffectImpl: Music Volume ListenerV2close
06-22 11:23:38.651  1025  1354 I EffectChain: removeEffect_l() effect 0xb400007848596df0, removed from chain 0xb4000078385a0b10 at rank 0
06-22 11:23:38.651   960  1018 D AHAL_DlbVolumeListenerEffectImpl: ~VolumeListenerEffectImpl
06-22 11:23:38.651  1025  1354 I AudioFlinger_Threads: removeEffectChain_l() 0xb4000078385a0b10 from thread 0xb400007a8340b520 for session 50393
06-22 11:23:38.651   960  1018 E AHAL_EffectImpl: command: line237 return with expr mState == State::INIT
06-22 11:23:38.651   960  1018 I AHAL_EffectImpl: close: line91 return with expr mState == State::INIT
06-22 11:23:38.651  1025  1354 V audio_utils::mutex: mutex_impl: audio_mutex initialized: ret:0  order:21
06-22 11:23:38.651  1025  1435 D AudioFlinger_Threads: 0xb400007a8340b520:threadLoop_write write muted data to hw, mixerStatus 0 start, mId 21, mBytesWritten 75085824
06-22 11:23:38.651  1025  1354 V EffectBase: updatePolicyState name Music Volume Listener id 31059 session 50393 doRegister 1 registered 0 doEnable 0 enabled 0
06-22 11:23:38.651  1025  1354 I EffectModule: Destructor 0xb400007848596df0
06-22 11:23:38.651  1025  1354 V EffectHandle: Destructor 0xb4000079b858a1d0
06-22 11:23:38.651  1025  1354 V EffectHandle: disconnect(false) 0xb4000079b858a1d0
06-22 11:23:38.652  1025  1354 W audioserver: Binder 0xb4000079b858a1e0 destroyed after setInheritRt before being parceled.
06-22 11:23:38.652  1025  1354 W audioserver: Binder 0xb4000079b858a1e0 destroyed after setMinSchedulerPolicy before being parceled.
06-22 11:23:38.652  1025  1354 D APM_AudioPolicyManager: stopOutput portId 5498
06-22 11:23:38.652  1025  1354 D APM_AudioPolicyManager: stoptOutput() output 21, portId 5498, stream 3, session 50393, sample_rate 48000, format 0x5, channel_mask 0x3, appname com.dibay.app)
06-22 11:23:38.652  1025  1354 D APM_AudioPolicyManager: setOutputDevices caller gainTable_routeAndApplyVolumeFromStopSource[[portId:6][io:21, fast]] prevDevice {AUDIO_DEVICE_OUT_SPEAKER, @:}
06-22 11:23:38.653  1025  1354 D APM::AudioPolicyEngine: getDevices ForStrategy() strategy 0, device 0x1 avadevice 0x1, 0x2, 0x10000, 0x100000 sfu [0]:0, [1]:0, [4]:11
06-22 11:23:38.656  1025  1354 D APM::AudioPolicyEngine: getDevices ForStrategy() strategy 0, device 0x1 avadevice 0x1, 0x2, 0x10000, 0x100000 sfu [0]:0, [1]:0, [4]:11
06-22 11:23:38.656  1025  1435 I EffectChain: ~EffectChain(): delete EffectChain = 0xb4000078385a0b10
06-22 11:23:38.659  1025  1354 D APM::AudioPolicyEngine: getDevices ForStrategy() strategy 0, device 0x1 avadevice 0x1, 0x2, 0x10000, 0x100000 sfu [0]:0, [1]:0, [4]:11
06-22 11:23:38.661  1025  1354 V AudioPolicyInterfaceImpl: doStopOutput(): client portId 5498, active 0, ActiveClientRefCount 0
06-22 11:23:38.712   960  1431 I android.hardware.audio.service-aidl.mediatek: misoundfx process numSamples: 48
06-22 11:23:38.744  1045  1537 W libc    : Access denied finding property "ro.vendor.display.max_hdr_luminance"
06-22 11:23:38.887  1045  1045 I BufferQueueProducer: [com.dibay.app/com.dibay.app.MainActivity#31171](this:0xb400007acb0e2610,id:-1,api:0,p:-1,c:1045) queueBuffer: fps=42.28 dur=1016.96 max=33.90 min=15.37
06-22 11:23:38.896 30727 30727 I DIBAY_WebView: webview_console_message level=LOG line=1 source=https://samarket.vercel.app/_next/static/chunks/59ccdb03bde461bf.js msg=11:23:38:877 %cAgora-SDK [DEBUG]: color: #64B5F6; current web page is hidden
06-22 11:23:38.896 30727 30727 I Capacitor/Console: File: https://samarket.vercel.app/_next/static/chunks/59ccdb03bde461bf.js - Line 1 - Msg: 11:23:38:877 %cAgora-SDK [DEBUG]: color: #64B5F6; current web page is hidden
06-22 11:23:38.897 30727 30727 I DIBAY_WebView: webview_console_message level=LOG line=348 source= msg=%cnative %cDibayCallAudioRoute.release (#83946556) font-weight: lighter; color: gray font-weight: bold; color: #000
06-22 11:23:38.897 30727 30727 I DIBAY_WebView: webview_console_message level=LOG line=349 source= msg=[object Object]
06-22 11:23:38.898 30727 30727 I Capacitor/Console: File:  - Line 349 - Msg: [object Object]
06-22 11:23:38.898 30727 30727 I DIBAY_WebView: webview_console_message level=LOG line=350 source= msg=console.groupEnd
06-22 11:23:38.899 30727 30727 I DIBAY_WebView: webview_console_message level=LOG line=1 source=https://samarket.vercel.app/_next/static/chunks/2b4e86e454ae7a77.js msg=[cm-call-state] call_ended_cleanup_done [object Object]
06-22 11:23:38.900 30727 30727 I Capacitor/Console: File: https://samarket.vercel.app/_next/static/chunks/2b4e86e454ae7a77.js - Line 1 - Msg: [cm-call-state] call_ended_cleanup_done [object Object]
06-22 11:23:38.923 30727 30727 V Capacitor/Plugin: To native (Capacitor plugin): callbackId: 83946556, pluginId: DibayCallAudioRoute, methodName: release
06-22 11:23:38.923 30727 30727 V Capacitor: callback: 83946556, pluginId: DibayCallAudioRoute, methodName: release, methodData: {"reason":"call_client_cleanup"}
06-22 11:23:38.924 30727 30727 I DIBAY_WebView: webview_page_started url=https://samarket.vercel.app/community-messenger/calls/tmp_qa_1782098618463?kind=video
06-22 11:23:38.924  1673  2817 D AS.AudioService: setCommunicationDevice() from u/pid:10307/30727, deviceName=null, portId=0
06-22 11:23:38.924  1673  2817 I AS.AudioService: In setCommunicationDevice(), device = null, eventSource: setCommunicationDevice() from u/pid:10307/30727
06-22 11:23:38.924  1673  2817 V AS.AudioDeviceBroker: setCommunicationDevice, device: null, uid: 10307
06-22 11:23:38.924  1673  1936 V AS.AudioDeviceBroker: onSetCommunicationDeviceForClient: CommunicationDeviceInfo mCb=android.os.BinderProxy@afcb4a7 mAttributionSource=android.content.AttributionSource@444df5cc mDevice=[null] mOn=false mScoAudioMode=-1 mIsPrivileged=false mEventSource=setCommunicationDevice() from u/pid:10307/30727
06-22 11:23:38.924 30727  2229 I AudioManager: In setSpeakerphoneOn() false calling application: com.dibay.app
06-22 11:23:38.925  1673  4059 D AS.AudioService: setSpeakerphoneOn(false) from u/pid:10307/30727, callingApp=com.dibay.app
06-22 11:23:38.926  1673  4059 V AS.AudioDeviceBroker: setSpeakerphoneOn, on: false uid: 10307
06-22 11:23:38.926  1673  1936 V AS.AudioDeviceBroker: onSetCommunicationDeviceForClient: CommunicationDeviceInfo mCb=android.os.BinderProxy@afcb4a7 mAttributionSource=android.content.AttributionSource@444df5cc mDevice=[AudioDeviceAttributes: role:output type:speaker addr: name: profiles:[] descriptors:[]] mOn=false mScoAudioMode=-1 mIsPrivileged=false mEventSource=setSpeakerphoneOn(false) from u/pid:10307/30727
06-22 11:23:38.926  1673  1936 E AS.AudioDeviceBroker: mCommunicationDeviceUpdateCount already 0 in MSG_L_SET_COMMUNICATION_DEVICE_FOR_CLIENT
06-22 11:23:38.926  1673  4059 V AS.AudioService: setMode(mode=0, pid=30727, uid=10307, caller=com.dibay.app)
06-22 11:23:38.926  1673  4059 D AS.AudioService: setMode: newSceneValue: 1 currentScene value:1
06-22 11:23:38.927  1673  1939 V AS.AudioService: onUpdateAudioMode() new mode: 0, current mode: 0 requested mode: 0 signal: false
06-22 11:23:38.927  1673  4059 D AS.BtHelper: isBluetoothScoOn() mBluetoothHeadset is null: truemBluetoothHeadsetDevice is null: true
06-22 11:23:38.927  1673  4059 V AS.AudioDeviceBroker: requestedCommunicationDevice: null mode owner pid: 0 crc: null
06-22 11:23:38.928 30727  2229 I AudioManager: In isBluetoothScoOn() calling application: com.dibay.app
06-22 11:23:38.928  1673  4059 D AS.BtHelper: isBluetoothScoOn() mBluetoothHeadset is null: truemBluetoothHeadsetDevice is null: true
06-22 11:23:38.928  1673  4059 V AS.AudioDeviceBroker: isBluetoothScoOn return false when sco/ble device is not connect.
06-22 11:23:38.929  1673  4059 V AS.AudioDeviceBroker: requestedCommunicationDevice: null mode owner pid: 0 crc: null
06-22 11:23:38.929 30727  2229 V AudioManager: direct return isBluetoothA2dpOn from audioservice/audiodeviceinventory, get directly to avoid waiting too long.
06-22 11:23:38.930 30727  2229 V AudioManager: direct return isWiredHeadsetOn from audioservice/audiodeviceinventory, get directly to avoid waiting too long.
06-22 11:23:38.978  1139  1255 D connsyslogger: data recycle:time out
06-22 11:23:38.978  1139  1255 D connsyslogger: idx=0 Bootup Log: 2 log files! filecount=3 
06-22 11:23:39.005 30727 30727 W InsetsSource: Has no intersection or mTmpFrame.height(), return Insets.NONE mTmpFrame.height() =0 hasIntersection =false
06-22 11:23:39.005 30727 30727 W InsetsSource: Has no intersection or mTmpFrame.height(), return Insets.NONE mTmpFrame.height() =0 hasIntersection =false
06-22 11:23:39.005 30727 30727 W InsetsSource: Has no intersection or mTmpFrame.height(), return Insets.NONE mTmpFrame.height() =0 hasIntersection =false
06-22 11:23:39.005 30727 30727 W InsetsSource: Has no intersection or mTmpFrame.height(), return Insets.NONE mTmpFrame.height() =0 hasIntersection =false
06-22 11:23:39.005 30727 30727 W InsetsSource: Has no intersection or mTmpFrame.height(), return Insets.NONE mTmpFrame.height() =0 hasIntersection =false
06-22 11:23:39.005 30727 30727 W InsetsSource: Has no intersection or mTmpFrame.height(), return Insets.NONE mTmpFrame.height() =0 hasIntersection =false
06-22 11:23:39.011   970  1496 I hwcomposer: [HWC] (0)fire a callback of refresh to SF[4]  
06-22 11:23:39.023  1045  1045 E HwcComposer: presentOrValidateDisplay 0 presentFence:-1
06-22 11:23:39.028  1045  1045 I BufferQueueProducer: [FramebufferSurface](this:0xb400007c4ae95d90,id:-1,api:1,p:1045,c:1045) queueBuffer: fps=0.03 dur=65959.39 max=65795.32 min=164.07
06-22 11:23:39.030  1045  1045 I MI-SF   : surfaceflinger setAffinity mode=1
06-22 11:23:39.031  1045  1045 E MI-SF   : surfaceflinger setAffinity success
06-22 11:23:39.031  1045  1045 I MI-SF   : surfaceflinger setreAffinity reTid=1232
06-22 11:23:39.031  1045  1045 E MI-SF   : surfaceflinger setAffinity success
06-22 11:23:39.031  1045  1537 W libc    : Access denied finding property "ro.vendor.display.max_hdr_luminance"
06-22 11:23:39.248  1673  1963 D ProcessManager: real remove inactive uid : 10307 flag : 1
06-22 11:23:39.251  1673  1721 D BatteryStatsManagerStub: audio off uid=10307
06-22 11:23:39.251  1673  1958 D AurogonImmobulusMode: updateAppScore uid =10307 add=false type=8
06-22 11:23:39.280  1004  1077 I libPerfCtl: xgfGetFPS pid:1045 fps:-1
06-22 11:23:39.280  1004  1077 I libPerfCtl: xgfGetFPS pid:2402 fps:-1
06-22 11:23:39.280  1004  1077 I libPerfCtl: xgfGetFPS pid:30727 fps:-1
06-22 11:23:39.319 30727 30727 I DIBAY_WebView: webview_page_finished url=https://samarket.vercel.app/community-messenger/calls/tmp_qa_1782098618463?kind=video progress=100
06-22 11:23:39.329 30727 30727 E DIBAY_WebView: webview_console_message level=ERROR line=1 source=https://samarket.vercel.app/_next/static/chunks/695874cb023d84e5.js msg=Uncaught (in promise) Error: "NativeIncomingCall.then()" is not implemented on android
06-22 11:23:39.330 30727 30727 E Capacitor/Console: File: https://samarket.vercel.app/_next/static/chunks/695874cb023d84e5.js - Line 1 - Msg: Uncaught (in promise) Error: "NativeIncomingCall.then()" is not implemented on android
06-22 11:23:39.331 30727 30727 I DIBAY_WebView: webview_console_message level=LOG line=5 source=https://samarket.vercel.app/_next/static/chunks/e5e064168eda9f05.js msg=[auth_client_created] {"at":1782098619329}
06-22 11:23:39.331 30727 30727 I Capacitor/Console: File: https://samarket.vercel.app/_next/static/chunks/e5e064168eda9f05.js - Line 5 - Msg: [auth_client_created] {"at":1782098619329}
06-22 11:23:39.332 30727 30727 I DIBAY_WebView: webview_page_finished url=https://samarket.vercel.app/community-messenger/calls/tmp_qa_1782098618463?kind=video progress=100
06-22 11:23:39.333 30727 30727 I DIBAY_WebView: webview_console_message level=LOG line=1 source=https://samarket.vercel.app/_next/static/chunks/519c3575a0e223c1.js msg=[startup-api-plan] [object Object]
06-22 11:23:39.333 30727 30727 I Capacitor/Console: File: https://samarket.vercel.app/_next/static/chunks/519c3575a0e223c1.js - Line 1 - Msg: [startup-api-plan] [object Object]
06-22 11:23:39.357 30727 30727 I DIBAY_WebView: webview_console_message level=LOG line=348 source= msg=%cnative %cApp.addListener (#9363453) font-weight: lighter; color: gray font-weight: bold; color: #000
06-22 11:23:39.357 30727 30727 I DIBAY_WebView: webview_console_message level=LOG line=349 source= msg=[object Object]
06-22 11:23:39.358 30727 30727 I Capacitor/Console: File:  - Line 349 - Msg: [object Object]
06-22 11:23:39.358 30727 30727 I DIBAY_WebView: webview_console_message level=LOG line=350 source= msg=console.groupEnd
06-22 11:23:39.358 30727 30727 I DIBAY_WebView: webview_console_message level=LOG line=348 source= msg=%cnative %cNativeDevicePermissions.checkPermission (#9363454) font-weight: lighter; color: gray font-weight: bold; color: #000
06-22 11:23:39.359 30727 30727 I DIBAY_WebView: webview_console_message level=LOG line=349 source= msg=[object Object]
06-22 11:23:39.359 30727 30727 I Capacitor/Console: File:  - Line 349 - Msg: [object Object]
06-22 11:23:39.359 30727 30727 I DIBAY_WebView: webview_console_message level=LOG line=350 source= msg=console.groupEnd
06-22 11:23:39.359 30727 30727 I DIBAY_WebView: webview_console_message level=LOG line=348 source= msg=%cnative %cNativeDevicePermissions.checkPermission (#9363455) font-weight: lighter; color: gray font-weight: bold; color: #000
06-22 11:23:39.359 30727 30727 I DIBAY_WebView: webview_console_message level=LOG line=349 source= msg=[object Object]
06-22 11:23:39.360 30727 30727 I Capacitor/Console: File:  - Line 349 - Msg: [object Object]
06-22 11:23:39.360 30727 30727 I DIBAY_WebView: webview_console_message level=LOG line=350 source= msg=console.groupEnd
06-22 11:23:39.360 30727 30727 I DIBAY_WebView: webview_console_message level=LOG line=348 source= msg=%cnative %cNativeDevicePermissions.checkPermission (#9363456) font-weight: lighter; color: gray font-weight: bold; color: #000
06-22 11:23:39.360 30727 30727 I DIBAY_WebView: webview_console_message level=LOG line=349 source= msg=[object Object]
06-22 11:23:39.360 30727 30727 I Capacitor/Console: File:  - Line 349 - Msg: [object Object]
06-22 11:23:39.361 30727 30727 I DIBAY_WebView: webview_console_message level=LOG line=350 source= msg=console.groupEnd
06-22 11:23:39.361 30727 30727 I DIBAY_WebView: webview_console_message level=LOG line=348 source= msg=%cnative %cNativeDevicePermissions.checkPermission (#9363457) font-weight: lighter; color: gray font-weight: bold; color: #000
06-22 11:23:39.361 30727 30727 I DIBAY_WebView: webview_console_message level=LOG line=349 source= msg=[object Object]
06-22 11:23:39.361 30727 30727 I Capacitor/Console: File:  - Line 349 - Msg: [object Object]
06-22 11:23:39.361 30727 30727 I DIBAY_WebView: webview_console_message level=LOG line=350 source= msg=console.groupEnd
06-22 11:23:39.362 30727 30727 I DIBAY_WebView: webview_console_message level=LOG line=348 source= msg=%cnative %cNativeGoogleAuth.recoverSignInIfPending (#9363458) font-weight: lighter; color: gray font-weight: bold; color: #000
06-22 11:23:39.362 30727 30727 I DIBAY_WebView: webview_console_message level=LOG line=349 source= msg=[object Object]
06-22 11:23:39.362 30727 30727 I Capacitor/Console: File:  - Line 349 - Msg: [object Object]
06-22 11:23:39.362 30727 30727 I DIBAY_WebView: webview_console_message level=LOG line=350 source= msg=console.groupEnd
06-22 11:23:39.364 30727 30727 V Capacitor/Plugin: To native (Capacitor plugin): callbackId: 9363453, pluginId: App, methodName: addListener
06-22 11:23:39.365 30727 30727 V Capacitor: callback: 9363453, pluginId: App, methodName: addListener, methodData: {"eventName":"appStateChange"}
06-22 11:23:39.365 30727 30727 V Capacitor/Plugin: To native (Capacitor plugin): callbackId: 9363454, pluginId: NativeDevicePermissions, methodName: checkPermission
06-22 11:23:39.366 30727 30727 V Capacitor: callback: 9363454, pluginId: NativeDevicePermissions, methodName: checkPermission, methodData: {"kind":"location"}
06-22 11:23:39.366 30727 30727 I DIBAY_WebView: webview_console_message level=LOG line=348 source= msg=%cnative %cApp.addListener (#9363459) font-weight: lighter; color: gray font-weight: bold; color: #000
06-22 11:23:39.366 30727 30727 I DIBAY_WebView: webview_console_message level=LOG line=349 source= msg=[object Object]
06-22 11:23:39.366 30727 30727 I Capacitor/Console: File:  - Line 349 - Msg: [object Object]
06-22 11:23:39.367 30727 30727 I DIBAY_WebView: webview_console_message level=LOG line=350 source= msg=console.groupEnd
06-22 11:23:39.367 30727 30727 I DIBAY_WebView: webview_console_message level=LOG line=348 source= msg=%cnative %cApp.getLaunchUrl (#9363460) font-weight: lighter; color: gray font-weight: bold; color: #000
06-22 11:23:39.367 30727 30727 I DIBAY_WebView: webview_console_message level=LOG line=349 source= msg=[object Object]
06-22 11:23:39.367 30727 30727 I Capacitor/Console: File:  - Line 349 - Msg: [object Object]
06-22 11:23:39.367 30727 30727 I DIBAY_WebView: webview_console_message level=LOG line=350 source= msg=console.groupEnd
06-22 11:23:39.368 30727 30727 I DIBAY_WebView: webview_console_message level=LOG line=348 source= msg=%cnative %cPushNotifications.addListener (#9363461) font-weight: lighter; color: gray font-weight: bold; color: #000
06-22 11:23:39.368 30727 30727 I DIBAY_WebView: webview_console_message level=LOG line=349 source= msg=[object Object]
06-22 11:23:39.368 30727 30727 I Capacitor/Console: File:  - Line 349 - Msg: [object Object]
06-22 11:23:39.368 30727 30727 I DIBAY_WebView: webview_console_message level=LOG line=350 source= msg=console.groupEnd
06-22 11:23:39.369 30727 30727 V Capacitor/Plugin: To native (Capacitor plugin): callbackId: 9363455, pluginId: NativeDevicePermissions, methodName: checkPermission
06-22 11:23:39.369 30727 30727 V Capacitor: callback: 9363455, pluginId: NativeDevicePermissions, methodName: checkPermission, methodData: {"kind":"microphone"}
06-22 11:23:39.370 30727 30727 V Capacitor/Plugin: To native (Capacitor plugin): callbackId: 9363456, pluginId: NativeDevicePermissions, methodName: checkPermission
06-22 11:23:39.370 30727 30727 V Capacitor: callback: 9363456, pluginId: NativeDevicePermissions, methodName: checkPermission, methodData: {"kind":"camera"}
06-22 11:23:39.372 30727 30727 V Capacitor/Plugin: To native (Capacitor plugin): callbackId: 9363457, pluginId: NativeDevicePermissions, methodName: checkPermission
06-22 11:23:39.372 30727 30727 V Capacitor: callback: 9363457, pluginId: NativeDevicePermissions, methodName: checkPermission, methodData: {"kind":"notification"}
06-22 11:23:39.373 30727 30727 V Capacitor/Plugin: To native (Capacitor plugin): callbackId: 9363458, pluginId: NativeGoogleAuth, methodName: recoverSignInIfPending
06-22 11:23:39.373 30727 30727 V Capacitor: callback: 9363458, pluginId: NativeGoogleAuth, methodName: recoverSignInIfPending, methodData: {}
06-22 11:23:39.374 30727 30727 V Capacitor/Plugin: To native (Capacitor plugin): callbackId: 9363459, pluginId: App, methodName: addListener
06-22 11:23:39.374 30727 30727 V Capacitor: callback: 9363459, pluginId: App, methodName: addListener, methodData: {"eventName":"appUrlOpen"}
06-22 11:23:39.374 30727 30727 V Capacitor/Plugin: To native (Capacitor plugin): callbackId: 9363460, pluginId: App, methodName: getLaunchUrl
06-22 11:23:39.375 30727 30727 V Capacitor: callback: 9363460, pluginId: App, methodName: getLaunchUrl, methodData: {}
06-22 11:23:39.375 30727 30727 V Capacitor/Plugin: To native (Capacitor plugin): callbackId: 9363461, pluginId: PushNotifications, methodName: addListener
06-22 11:23:39.376 30727 30727 V Capacitor: callback: 9363461, pluginId: PushNotifications, methodName: addListener, methodData: {"eventName":"pushNotificationActionPerformed"}
06-22 11:23:39.385 30727 30727 I DIBAY_WebView: webview_console_message level=LOG line=5 source=https://samarket.vercel.app/_next/static/chunks/e5e064168eda9f05.js msg=[auth_session_changed] {"event":"SIGNED_IN","at":1782098619385}
06-22 11:23:39.386 30727 30727 I Capacitor/Console: File: https://samarket.vercel.app/_next/static/chunks/e5e064168eda9f05.js - Line 5 - Msg: [auth_session_changed] {"event":"SIGNED_IN","at":1782098619385}
06-22 11:23:39.386 30727 30727 I DIBAY_WebView: webview_console_message level=LOG line=1 source=https://samarket.vercel.app/_next/static/chunks/c10ce78b469d1b93.js msg=[oauth] exchange_success {"userId":"f6d5a169-9306-48ba-85f1-0342a830425e","provider":"google"}
06-22 11:23:39.387 30727 30727 I Capacitor/Console: File: https://samarket.vercel.app/_next/static/chunks/c10ce78b469d1b93.js - Line 1 - Msg: [oauth] exchange_success {"userId":"f6d5a169-9306-48ba-85f1-0342a830425e","provider":"google"}
06-22 11:23:39.389 30727 30727 I DIBAY_WebView: webview_console_message level=LOG line=328 source= msg=%cresult %cNativeDevicePermissions.checkPermission (#9363454) font-style: italic; font-weight: lighter; color: gray font-style: italic; font-weight: bold; color: #444
06-22 11:23:39.390 30727 30727 I DIBAY_WebView: webview_console_message level=LOG line=333 source= msg={"kind":"location","state":"prompt"}
06-22 11:23:39.390 30727 30727 I Capacitor/Console: File:  - Line 333 - Msg: {"kind":"location","state":"prompt"}
06-22 11:23:39.390 30727 30727 I DIBAY_WebView: webview_console_message level=LOG line=335 source= msg=console.groupEnd
06-22 11:23:39.391 30727 30727 I DIBAY_WebView: webview_console_message level=LOG line=328 source= msg=%cresult %cNativeDevicePermissions.checkPermission (#9363455) font-style: italic; font-weight: lighter; color: gray font-style: italic; font-weight: bold; color: #444
06-22 11:23:39.392 30727 30727 I DIBAY_WebView: webview_console_message level=LOG line=333 source= msg={"kind":"microphone","state":"granted"}
06-22 11:23:39.392 30727 30727 I Capacitor/Console: File:  - Line 333 - Msg: {"kind":"microphone","state":"granted"}
06-22 11:23:39.393 30727 30727 I DIBAY_WebView: webview_console_message level=LOG line=335 source= msg=console.groupEnd
06-22 11:23:39.394 30727 30727 I DIBAY_WebView: webview_console_message level=LOG line=328 source= msg=%cresult %cNativeDevicePermissions.checkPermission (#9363456) font-style: italic; font-weight: lighter; color: gray font-style: italic; font-weight: bold; color: #444
06-22 11:23:39.394 30727 30727 I DIBAY_WebView: webview_console_message level=LOG line=333 source= msg={"kind":"camera","state":"granted"}
06-22 11:23:39.394 30727 30727 I Capacitor/Console: File:  - Line 333 - Msg: {"kind":"camera","state":"granted"}
06-22 11:23:39.394 30727 30727 I DIBAY_WebView: webview_console_message level=LOG line=335 source= msg=console.groupEnd
06-22 11:23:39.395 30727 30727 I DIBAY_WebView: webview_console_message level=LOG line=328 source= msg=%cresult %cNativeDevicePermissions.checkPermission (#9363457) font-style: italic; font-weight: lighter; color: gray font-style: italic; font-weight: bold; color: #444
06-22 11:23:39.395 30727 30727 I DIBAY_WebView: webview_console_message level=LOG line=333 source= msg={"kind":"notification","state":"granted"}
06-22 11:23:39.395 30727 30727 I Capacitor/Console: File:  - Line 333 - Msg: {"kind":"notification","state":"granted"}
06-22 11:23:39.395 30727 30727 I DIBAY_WebView: webview_console_message level=LOG line=335 source= msg=console.groupEnd
06-22 11:23:39.396 30727 30727 I DIBAY_WebView: webview_console_message level=LOG line=328 source= msg=%cresult %cNativeGoogleAuth.recoverSignInIfPending (#9363458) font-style: italic; font-weight: lighter; color: gray font-style: italic; font-weight: bold; color: #444
06-22 11:23:39.396 30727 30727 I DIBAY_WebView: webview_console_message level=LOG line=333 source= msg={"recovered":false}
06-22 11:23:39.396 30727 30727 I Capacitor/Console: File:  - Line 333 - Msg: {"recovered":false}
06-22 11:23:39.396 30727 30727 I DIBAY_WebView: webview_console_message level=LOG line=335 source= msg=console.groupEnd
06-22 11:23:39.396 30727 30727 I DIBAY_WebView: webview_console_message level=LOG line=328 source= msg=%cresult %cApp.getLaunchUrl (#9363460) font-style: italic; font-weight: lighter; color: gray font-style: italic; font-weight: bold; color: #444
06-22 11:23:39.396 30727 30727 I DIBAY_WebView: webview_console_message level=LOG line=333 source= msg={"url":"dibay://call/tmp_qa_1782098417360?kind=voice"}
06-22 11:23:39.396 30727 30727 I Capacitor/Console: File:  - Line 333 - Msg: {"url":"dibay://call/tmp_qa_1782098417360?kind=voice"}
06-22 11:23:39.397 30727 30727 I DIBAY_WebView: webview_console_message level=LOG line=335 source= msg=console.groupEnd
06-22 11:23:39.397 30727 30727 I DIBAY_WebView: webview_console_message level=LOG line=1 source=https://samarket.vercel.app/_next/static/chunks/c10ce78b469d1b93.js msg=[oauth] callback_launch_url {"urlLen":44,"payload":{"scheme":"dibay","host":"call","path":"/tmp_qa_1782098417360","hasCode":false,"hasError":false,"provider":null,"hasState":false,"hasNext":false}}
06-22 11:23:39.397 30727 30727 I Capacitor/Console: File: https://samarket.vercel.app/_next/static/chunks/c10ce78b469d1b93.js - Line 1 - Msg: [oauth] callback_launch_url {"urlLen":44,"payload":{"scheme":"dibay","host":"call","path":"/tmp_qa_1782098417360","hasCode":false,"hasError":false,"provider":null,"hasState":false,"hasNext":false}}
06-22 11:23:39.397 30727 30727 W DIBAY_WebView: webview_console_message level=WARNING line=1 source=https://samarket.vercel.app/_next/static/chunks/c10ce78b469d1b93.js msg=[oauth] callback_ignored {"reason":"non_dibay_scheme","urlPrefix":"dibay://call/tmp_qa_178209841736"}
06-22 11:23:39.397 30727 30727 W Capacitor/Console: File: https://samarket.vercel.app/_next/static/chunks/c10ce78b469d1b93.js - Line 1 - Msg: [oauth] callback_ignored {"reason":"non_dibay_scheme","urlPrefix":"dibay://call/tmp_qa_178209841736"}
06-22 11:23:39.397 30727 30727 I DIBAY_WebView: webview_console_message level=LOG line=348 source= msg=%cnative %cApp.addListener (#9363462) font-weight: lighter; color: gray font-weight: bold; color: #000
06-22 11:23:39.398 30727 30727 I DIBAY_WebView: webview_console_message level=LOG line=349 source= msg=[object Object]
06-22 11:23:39.398 30727 30727 I Capacitor/Console: File:  - Line 349 - Msg: [object Object]
06-22 11:23:39.398 30727 30727 I DIBAY_WebView: webview_console_message level=LOG line=350 source= msg=console.groupEnd
06-22 11:23:39.398 30727 30727 I DIBAY_WebView: webview_console_message level=LOG line=1 source=https://samarket.vercel.app/_next/static/chunks/c10ce78b469d1b93.js msg=[oauth] callback_listener_attached {}
06-22 11:23:39.398 30727 30727 I Capacitor/Console: File: https://samarket.vercel.app/_next/static/chunks/c10ce78b469d1b93.js - Line 1 - Msg: [oauth] callback_listener_attached {}
06-22 11:23:39.399 30727 30727 V Capacitor/Plugin: To native (Capacitor plugin): callbackId: 9363462, pluginId: App, methodName: addListener
06-22 11:23:39.400 30727 30727 V Capacitor: callback: 9363462, pluginId: App, methodName: addListener, methodData: {"eventName":"appUrlOpen"}
06-22 11:23:39.408 30727 30727 I DIBAY_WebView: webview_console_message level=LOG line=348 source= msg=%cnative %cSplashScreen.hide (#9363463) font-weight: lighter; color: gray font-weight: bold; color: #000
06-22 11:23:39.408 30727 30727 I DIBAY_WebView: webview_console_message level=LOG line=349 source= msg=[object Object]
06-22 11:23:39.408 30727 30727 I Capacitor/Console: File:  - Line 349 - Msg: [object Object]
06-22 11:23:39.408 30727 30727 I DIBAY_WebView: webview_console_message level=LOG line=350 source= msg=console.groupEnd
06-22 11:23:39.409 30727 30727 V Capacitor/Plugin: To native (Capacitor plugin): callbackId: 9363463, pluginId: SplashScreen, methodName: hide
06-22 11:23:39.409 30727 30727 V Capacitor: callback: 9363463, pluginId: SplashScreen, methodName: hide, methodData: {}
06-22 11:23:39.411 30727 30727 E DIBAY_WebView: webview_console_message level=ERROR line=1 source=https://samarket.vercel.app/_next/static/chunks/695874cb023d84e5.js msg=Uncaught (in promise) Error: "NativeIncomingCall.then()" is not implemented on android
06-22 11:23:39.412 30727 30727 E Capacitor/Console: File: https://samarket.vercel.app/_next/static/chunks/695874cb023d84e5.js - Line 1 - Msg: Uncaught (in promise) Error: "NativeIncomingCall.then()" is not implemented on android
06-22 11:23:39.414 30727 30727 I DIBAY_WebView: webview_console_message level=LOG line=1 source=https://samarket.vercel.app/_next/static/chunks/6fd7e9b70d726866.js msg=[DIBAY_PUSH_REGISTER] {"step":"mount","href":"https://samarket.vercel.app/community-messenger/calls/tmp_qa_1782098618463?kind=video","hasCapacitor":true,"isNativePlatform":true,"platform":"android","hasAndroidBridge":true,"hasNativeOAuthLauncherPluginHeader":true,"hasNativeAppleAuthPluginHeader":false,"hasNativeKakaoAuthPluginHeader":true,"hasNativeGoogleAuthPluginHeader":true,"nativeAppleLoginAvailable":false,"nativeKakaoLoginAvailable":true,"nativeGoogleLoginAvailable":true,"hasCapacitorNativePromise":true,"bridgeReady":true,"oauthNativeLaunchAvailable":true,"dibayAppPlatformMarker":"android","locationHref":"https://samarket.vercel.app/community-messenger/calls/tmp_qa_1782098618463?kind=video","detectedNative":true,"oauthLaunchShell":true}
06-22 11:23:39.414 30727 30727 I DIBAY_PUSH_REGISTER: [DIBAY_PUSH_REGISTER] {"step":"mount","href":"https://samarket.vercel.app/community-messenger/calls/tmp_qa_1782098618463?kind=video","hasCapacitor":true,"isNativePlatform":true,"platform":"android","hasAndroidBridge":true,"hasNativeOAuthLauncherPluginHeader":true,"hasNativeAppleAuthPluginHeader":false,"hasNativeKakaoAuthPluginHeader":true,"hasNativeGoogleAuthPluginHeader":true,"nativeAppleLoginAvailable":false,"nativeKakaoLoginAvailable":true,"nativeGoogleLoginAvailable":true,"hasCapacitorNativePromise":true,"bridgeReady":true,"oauthNativeLaunchAvailable":true,"dibayAppPlatformMarker":"android","locationHref":"https://samarket.vercel.app/community-messenger/calls/tmp_qa_1782098618463?kind=video","detectedNative":true,"oauthLaunchShell":true}
06-22 11:23:39.415 30727 30727 I Capacitor/Console: File: https://samarket.vercel.app/_next/static/chunks/6fd7e9b70d726866.js - Line 1 - Msg: [DIBAY_PUSH_REGISTER] {"step":"mount","href":"https://samarket.vercel.app/community-messenger/calls/tmp_qa_1782098618463?kind=video","hasCapacitor":true,"isNativePlatform":true,"platform":"android","hasAndroidBridge":true,"hasNativeOAuthLauncherPluginHeader":true,"hasNativeAppleAuthPluginHeader":false,"hasNativeKakaoAuthPluginHeader":true,"hasNativeGoogleAuthPluginHeader":true,"nativeAppleLoginAvailable":false,"nativeKakaoLoginAvailable":true,"nativeGoogleLoginAvailable":true,"hasCapacitorNativePromise":true,"bridgeReady":true,"oauthNativeLaunchAvailable":true,"dibayAppPlatformMarker":"android","locationHref":"https://samarket.vercel.app/community-messenger/calls/tmp_qa_1782098618463?kind=video","detectedNative":true,"oauthLaunchShell":true}
06-22 11:23:39.416 30727 30727 I DIBAY_WebView: webview_console_message level=LOG line=1 source=https://samarket.vercel.app/_next/static/chunks/519c3575a0e223c1.js msg=[notify-badge] native_set {"count":0}
06-22 11:23:39.417 30727 30727 I Capacitor/Console: File: https://samarket.vercel.app/_next/static/chunks/519c3575a0e223c1.js - Line 1 - Msg: [notify-badge] native_set {"count":0}
06-22 11:23:39.418 30727 30727 I DIBAY_WebView: webview_console_message level=LOG line=348 source= msg=%cnative %cDibayCallPip.addListener (#9363464) font-weight: lighter; color: gray font-weight: bold; color: #000
06-22 11:23:39.418 30727 30727 I DIBAY_WebView: webview_console_message level=LOG line=349 source= msg=[object Object]
06-22 11:23:39.418  1673  1998 E CamOpt_Service: No CPU temp nodes available
06-22 11:23:39.418 30727 30727 I Capacitor/Console: File:  - Line 349 - Msg: [object Object]
06-22 11:23:39.418 30727 30727 I DIBAY_WebView: webview_console_message level=LOG line=350 source= msg=console.groupEnd
06-22 11:23:39.419 30727 30727 I DIBAY_WebView: webview_console_message level=LOG line=348 source= msg=%cnative %cDibayCallPip.addListener (#9363465) font-weight: lighter; color: gray font-weight: bold; color: #000
06-22 11:23:39.419 30727 30727 I DIBAY_WebView: webview_console_message level=LOG line=349 source= msg=[object Object]
06-22 11:23:39.419 30727 30727 I Capacitor/Console: File:  - Line 349 - Msg: [object Object]
06-22 11:23:39.419 30727 30727 I DIBAY_WebView: webview_console_message level=LOG line=350 source= msg=console.groupEnd
06-22 11:23:39.420 30727 30727 I DIBAY_WebView: webview_console_message level=LOG line=328 source= msg=%cresult %cSplashScreen.hide (#9363463) font-style: italic; font-weight: lighter; color: gray font-style: italic; font-weight: bold; color: #444
06-22 11:23:39.420 30727 30727 I DIBAY_WebView: webview_console_message level=LOG line=333 source= msg=undefined
06-22 11:23:39.420 30727 30727 I Capacitor/Console: File:  - Line 333 - Msg: undefined
06-22 11:23:39.421 30727 30727 I DIBAY_WebView: webview_console_message level=LOG line=335 source= msg=console.groupEnd
06-22 11:23:39.421 30727 30727 W DIBAY_WebView: webview_console_message level=WARNING line=1 source=https://samarket.vercel.app/_next/static/chunks/4938854ab47a9801.js msg=[dibay-boot] dismissSplash reason=reactMounted ok=true detail=capacitor-only
06-22 11:23:39.421 30727 30727 W Capacitor/Console: File: https://samarket.vercel.app/_next/static/chunks/4938854ab47a9801.js - Line 1 - Msg: [dibay-boot] dismissSplash reason=reactMounted ok=true detail=capacitor-only
06-22 11:23:39.421 30727 30727 W DIBAY_WebView: webview_console_message level=WARNING line=1 source=https://samarket.vercel.app/_next/static/chunks/4938854ab47a9801.js msg=[dibay-boot] dismissSplash reason=reactMounted ok=false detail=DibayBootBridge missing
06-22 11:23:39.422 30727 30727 W Capacitor/Console: File: https://samarket.vercel.app/_next/static/chunks/4938854ab47a9801.js - Line 1 - Msg: [dibay-boot] dismissSplash reason=reactMounted ok=false detail=DibayBootBridge missing
06-22 11:23:39.423 30727 30727 V Capacitor/Plugin: To native (Capacitor plugin): callbackId: 9363464, pluginId: DibayCallPip, methodName: addListener
06-22 11:23:39.423 30727 30727 V Capacitor: callback: 9363464, pluginId: DibayCallPip, methodName: addListener, methodData: {"eventName":"pipModeChanged"}
06-22 11:23:39.424 30727 30727 V Capacitor/Plugin: To native (Capacitor plugin): callbackId: 9363465, pluginId: DibayCallPip, methodName: addListener
06-22 11:23:39.424 30727 30727 V Capacitor: callback: 9363465, pluginId: DibayCallPip, methodName: addListener, methodData: {"eventName":"pipAction"}
06-22 11:23:39.428 30727 30727 I DIBAY_WebView: webview_console_message level=LOG line=348 source= msg=%cnative %cBadge.clear (#9363466) font-weight: lighter; color: gray font-weight: bold; color: #000
06-22 11:23:39.428 30727 30727 I DIBAY_WebView: webview_console_message level=LOG line=349 source= msg=[object Object]
06-22 11:23:39.428 30727 30727 I Capacitor/Console: File:  - Line 349 - Msg: [object Object]
06-22 11:23:39.428 30727 30727 I DIBAY_WebView: webview_console_message level=LOG line=350 source= msg=console.groupEnd
06-22 11:23:39.429 30727 30727 V Capacitor/Plugin: To native (Capacitor plugin): callbackId: 9363466, pluginId: Badge, methodName: clear
06-22 11:23:39.429 30727 30727 V Capacitor: callback: 9363466, pluginId: Badge, methodName: clear, methodData: {}
06-22 11:23:39.431 30727 30727 I DIBAY_WebView: webview_console_message level=LOG line=5 source=https://samarket.vercel.app/_next/static/chunks/e5e064168eda9f05.js msg=[auth_session_changed] {"event":"INITIAL_SESSION","at":1782098619430}
06-22 11:23:39.431 30727 30727 I Capacitor/Console: File: https://samarket.vercel.app/_next/static/chunks/e5e064168eda9f05.js - Line 5 - Msg: [auth_session_changed] {"event":"INITIAL_SESSION","at":1782098619430}
06-22 11:23:39.441 30727 30727 I DIBAY_WebView: webview_console_message level=LOG line=328 source= msg=%cresult %cBadge.clear (#9363466) font-style: italic; font-weight: lighter; color: gray font-style: italic; font-weight: bold; color: #444
06-22 11:23:39.442 30727 30727 I DIBAY_WebView: webview_console_message level=LOG line=333 source= msg=undefined
06-22 11:23:39.443 30727 30727 I Capacitor/Console: File:  - Line 333 - Msg: undefined
06-22 11:23:39.443 30727 30727 I DIBAY_WebView: webview_console_message level=LOG line=335 source= msg=console.groupEnd
06-22 11:23:39.472 30727 30727 W InsetsSource: Has no intersection or mTmpFrame.height(), return Insets.NONE mTmpFrame.height() =0 hasIntersection =false
06-22 11:23:39.472 30727 30727 W InsetsSource: Has no intersection or mTmpFrame.height(), return Insets.NONE mTmpFrame.height() =0 hasIntersection =false
06-22 11:23:39.472 30727 30727 W InsetsSource: Has no intersection or mTmpFrame.height(), return Insets.NONE mTmpFrame.height() =0 hasIntersection =false
06-22 11:23:39.472 30727 30727 W InsetsSource: Has no intersection or mTmpFrame.height(), return Insets.NONE mTmpFrame.height() =0 hasIntersection =false
06-22 11:23:39.472 30727 30727 W InsetsSource: Has no intersection or mTmpFrame.height(), return Insets.NONE mTmpFrame.height() =0 hasIntersection =false
06-22 11:23:39.472 30727 30727 W InsetsSource: Has no intersection or mTmpFrame.height(), return Insets.NONE mTmpFrame.height() =0 hasIntersection =false
06-22 11:23:39.484  1673  4059 D PerfShielderService: com.dibay.app|com.dibay.app/com.dibay.app.MainActivity|847|651034373444342|65|5|36
06-22 11:23:39.485  3805 16069 W MiuiPerfServiceClient: interceptAndQueuing:30727|com.dibay.app|847|65|651034373444342|Slow issue draw commands|36
06-22 11:23:39.489  1045  1045 E HwcComposer: presentOrValidateDisplay 0 presentFence:-1
06-22 11:23:39.490   970   982 I hwcomposer: [HWCDisplay] (0 updateFps():3644), (type:1, mode:2) fps:23.191481,dur:1034.86,max:461.02,min:14.13  
06-22 11:23:39.491  1045  1045 I MI-SF   : surfaceflinger setAffinity mode=0
06-22 11:23:39.491  1045  1045 E MI-SF   : surfaceflinger setAffinity success
06-22 11:23:39.492  1045  1537 W libc    : Access denied finding property "ro.vendor.display.max_hdr_luminance"
06-22 11:23:39.497  2402  2402 I DeviceUtils: getComputilityLevel(): 2
06-22 11:23:39.497  2402  2402 I DeviceUtils: getComputilityLevel(): 2
06-22 11:23:39.497  2402  2402 I DeviceUtils: getComputilityLevel(): 2
06-22 11:23:39.504  2402  2402 I DeviceUtils: getComputilityLevel(): 2
06-22 11:23:39.504  2402  2402 I DeviceUtils: getComputilityLevel(): 2
06-22 11:23:39.504  2402  2402 I DeviceUtils: getComputilityLevel(): 2
06-22 11:23:39.521  2402  2402 I DeviceUtils: getComputilityLevel(): 2
06-22 11:23:39.522  2402  2402 I DeviceUtils: getComputilityLevel(): 2
06-22 11:23:39.522  2402  2402 I DeviceUtils: getComputilityLevel(): 2
06-22 11:23:39.538  2402  2402 I DeviceUtils: getComputilityLevel(): 2
06-22 11:23:39.538  2402  2402 I DeviceUtils: getComputilityLevel(): 2
06-22 11:23:39.538  2402  2402 I DeviceUtils: getComputilityLevel(): 2
06-22 11:23:39.539  1045  1045 I BufferQueueProducer: [NavigationBar0#122](this:0xb400007acb0b7aa0,id:-1,api:0,p:-1,c:1045) queueBuffer: fps=0.20 dur=65947.32 max=65747.18 min=16.48
06-22 11:23:39.558  2402  2402 I DeviceUtils: getComputilityLevel(): 2
06-22 11:23:39.558  2402  2402 I DeviceUtils: getComputilityLevel(): 2
06-22 11:23:39.559  2402  2402 I DeviceUtils: getComputilityLevel(): 2
06-22 11:23:39.575  2402  2402 I DeviceUtils: getComputilityLevel(): 2
06-22 11:23:39.575  2402  2402 I DeviceUtils: getComputilityLevel(): 2
06-22 11:23:39.575  2402  2402 I DeviceUtils: getComputilityLevel(): 2
06-22 11:23:39.591  2402  2402 I DeviceUtils: getComputilityLevel(): 2
06-22 11:23:39.592  2402  2402 I DeviceUtils: getComputilityLevel(): 2
06-22 11:23:39.592  2402  2402 I DeviceUtils: getComputilityLevel(): 2
06-22 11:23:39.608  2402  2402 I DeviceUtils: getComputilityLevel(): 2
06-22 11:23:39.609  2402  2402 I DeviceUtils: getComputilityLevel(): 2
06-22 11:23:39.609  2402  2402 I DeviceUtils: getComputilityLevel(): 2
06-22 11:23:39.625  2402  2402 I DeviceUtils: getComputilityLevel(): 2
06-22 11:23:39.625  2402  2402 I DeviceUtils: getComputilityLevel(): 2
06-22 11:23:39.625  2402  2402 I DeviceUtils: getComputilityLevel(): 2
06-22 11:23:39.641  2402  2402 I DeviceUtils: getComputilityLevel(): 2
06-22 11:23:39.641  2402  2402 I DeviceUtils: getComputilityLevel(): 2
06-22 11:23:39.642  2402  2402 I DeviceUtils: getComputilityLevel(): 2
06-22 11:23:39.653 30727 30727 I DIBAY_WebView: webview_console_message level=LOG line=1 source=https://samarket.vercel.app/_next/static/chunks/6fd7e9b70d726866.js msg=[DIBAY_PUSH_REGISTER] {"step":"session_authenticated","user_id":"f6d5a169-9306-48ba-85f1-0342a830425e","registerAttempt":0}
06-22 11:23:39.653 30727 30727 I DIBAY_PUSH_REGISTER: [DIBAY_PUSH_REGISTER] {"step":"session_authenticated","user_id":"f6d5a169-9306-48ba-85f1-0342a830425e","registerAttempt":0}
06-22 11:23:39.654 30727 30727 I Capacitor/Console: File: https://samarket.vercel.app/_next/static/chunks/6fd7e9b70d726866.js - Line 1 - Msg: [DIBAY_PUSH_REGISTER] {"step":"session_authenticated","user_id":"f6d5a169-9306-48ba-85f1-0342a830425e","registerAttempt":0}
06-22 11:23:39.654 30727 30727 I DIBAY_WebView: webview_console_message level=LOG line=1 source=https://samarket.vercel.app/_next/static/chunks/6fd7e9b70d726866.js msg=[DIBAY_PUSH_REGISTER] {"step":"session_authenticated","platform":"android","user_id":"f6d5a169-9306-48ba-85f1-0342a830425e","device_id":"3fbe3209-1328-4eb6-85a8-b35fa687f4e8"}
06-22 11:23:39.655 30727 30727 I DIBAY_PUSH_REGISTER: [DIBAY_PUSH_REGISTER] {"step":"session_authenticated","platform":"android","user_id":"f6d5a169-9306-48ba-85f1-0342a830425e","device_id":"3fbe3209-1328-4eb6-85a8-b35fa687f4e8"}
06-22 11:23:39.655 30727 30727 I Capacitor/Console: File: https://samarket.vercel.app/_next/static/chunks/6fd7e9b70d726866.js - Line 1 - Msg: [DIBAY_PUSH_REGISTER] {"step":"session_authenticated","platform":"android","user_id":"f6d5a169-9306-48ba-85f1-0342a830425e","device_id":"3fbe3209-1328-4eb6-85a8-b35fa687f4e8"}
06-22 11:23:39.656 30727 30727 I DIBAY_WebView: webview_console_message level=LOG line=348 source= msg=%cnative %cNativeDevicePermissions.checkPermission (#9363467) font-weight: lighter; color: gray font-weight: bold; color: #000
06-22 11:23:39.657 30727 30727 I DIBAY_WebView: webview_console_message level=LOG line=349 source= msg=[object Object]
06-22 11:23:39.658 30727 30727 I Capacitor/Console: File:  - Line 349 - Msg: [object Object]
06-22 11:23:39.658  2402  2402 I DeviceUtils: getComputilityLevel(): 2
06-22 11:23:39.658 30727 30727 I DIBAY_WebView: webview_console_message level=LOG line=350 source= msg=console.groupEnd
06-22 11:23:39.659  2402  2402 I DeviceUtils: getComputilityLevel(): 2
06-22 11:23:39.659  2402  2402 I DeviceUtils: getComputilityLevel(): 2
06-22 11:23:39.665 30727 30727 V Capacitor/Plugin: To native (Capacitor plugin): callbackId: 9363467, pluginId: NativeDevicePermissions, methodName: checkPermission
06-22 11:23:39.665 30727 30727 V Capacitor: callback: 9363467, pluginId: NativeDevicePermissions, methodName: checkPermission, methodData: {"kind":"notification"}
06-22 11:23:39.674  2402  2402 I DeviceUtils: getComputilityLevel(): 2
06-22 11:23:39.675  2402  2402 I DeviceUtils: getComputilityLevel(): 2
06-22 11:23:39.675  2402  2402 I DeviceUtils: getComputilityLevel(): 2
06-22 11:23:39.678  1241  1241 I thermal_src: recvmsg_expect 5, but get 2 
06-22 11:23:39.679  1241  1241 V thermal_src: TA_DAEMON_CMD_GET_TPCB:ERROR ret=-1
06-22 11:23:39.679  1241  1241 E thermal_src: get_tpcb_from_kernel:error -1. retry...
06-22 11:23:39.680  1241  1241 I thermal_src: recvmsg_expect 5, but get 2 
06-22 11:23:39.680  1241  1241 V thermal_src: TA_DAEMON_CMD_GET_TPCB:ERROR ret=-1
06-22 11:23:39.680  1241  1241 E thermal_src: get_tpcb_from_kernel:error -1. retry...
06-22 11:23:39.680  1241  1241 I thermal_src: recvmsg_expect 5, but get 2 
06-22 11:23:39.680  1241  1241 V thermal_src: TA_DAEMON_CMD_GET_TPCB:ERROR ret=-1
06-22 11:23:39.680  1241  1241 E thermal_src: get_tpcb_from_kernel:error -1. retry...
06-22 11:23:39.680  1241  1241 I thermal_src: recvmsg_expect 4, but get 5 
06-22 11:23:39.680  1241  1241 V thermal_src: TA_DAEMON_CMD_SET_TTJ:ERROR ret=-1
06-22 11:23:39.680  1241  1241 E thermal_src: set_ttj_to_kernel 1:error -1
06-22 11:23:39.680  1241  1241 I thermal_src: recvmsg_expect 2, but get 5 
06-22 11:23:39.680  1241  1241 V thermal_src: waiting NOTIFY from kernel miss, -1
06-22 11:23:39.680  1241  1241 I thermal_src: recvmsg_expect 2, but get 5 
06-22 11:23:39.680  1241  1241 V thermal_src: waiting NOTIFY from kernel miss, -1
06-22 11:23:39.680  1241  1241 I thermal_src: recvmsg_expect 2, but get 4 
06-22 11:23:39.680 30727 30727 I DIBAY_WebView: webview_console_message level=LOG line=328 source= msg=%cresult %cNativeDevicePermissions.checkPermission (#9363467) font-style: italic; font-weight: lighter; color: gray font-style: italic; font-weight: bold; color: #444
06-22 11:23:39.680  1241  1241 V thermal_src: waiting NOTIFY from kernel miss, -1
06-22 11:23:39.680 30727 30727 I DIBAY_WebView: webview_console_message level=LOG line=333 source= msg={"kind":"notification","state":"granted"}
06-22 11:23:39.680 30727 30727 I Capacitor/Console: File:  - Line 333 - Msg: {"kind":"notification","state":"granted"}
06-22 11:23:39.681 30727 30727 I DIBAY_WebView: webview_console_message level=LOG line=335 source= msg=console.groupEnd
06-22 11:23:39.681 30727 30727 I DIBAY_WebView: webview_console_message level=LOG line=1 source=https://samarket.vercel.app/_next/static/chunks/6fd7e9b70d726866.js msg=[DIBAY_PUSH_REGISTER] {"step":"permission_check","state":"granted"}
06-22 11:23:39.681 30727 30727 I DIBAY_PUSH_REGISTER: [DIBAY_PUSH_REGISTER] {"step":"permission_check","state":"granted"}
06-22 11:23:39.681 30727 30727 I Capacitor/Console: File: https://samarket.vercel.app/_next/static/chunks/6fd7e9b70d726866.js - Line 1 - Msg: [DIBAY_PUSH_REGISTER] {"step":"permission_check","state":"granted"}
06-22 11:23:39.681 30727 30727 I DIBAY_WebView: webview_console_message level=LOG line=348 source= msg=%cnative %cApp.getInfo (#9363468) font-weight: lighter; color: gray font-weight: bold; color: #000
06-22 11:23:39.681 30727 30727 I DIBAY_WebView: webview_console_message level=LOG line=349 source= msg=[object Object]
06-22 11:23:39.683 30727 30727 I Capacitor/Console: File:  - Line 349 - Msg: [object Object]
06-22 11:23:39.683 30727 30727 I DIBAY_WebView: webview_console_message level=LOG line=350 source= msg=console.groupEnd
06-22 11:23:39.684 30727 30727 I DIBAY_WebView: webview_console_message level=LOG line=348 source= msg=%cnative %cNativeDevicePermissions.checkPermission (#9363469) font-weight: lighter; color: gray font-weight: bold; color: #000
06-22 11:23:39.684 30727 30727 I DIBAY_WebView: webview_console_message level=LOG line=349 source= msg=[object Object]
06-22 11:23:39.685 30727 30727 I Capacitor/Console: File:  - Line 349 - Msg: [object Object]
06-22 11:23:39.685 30727 30727 I DIBAY_WebView: webview_console_message level=LOG line=350 source= msg=console.groupEnd
06-22 11:23:39.685 30727 30727 I DIBAY_WebView: webview_console_message level=LOG line=348 source= msg=%cnative %cNativeDevicePermissions.checkPermission (#9363470) font-weight: lighter; color: gray font-weight: bold; color: #000
06-22 11:23:39.685 30727 30727 I DIBAY_WebView: webview_console_message level=LOG line=349 source= msg=[object Object]
06-22 11:23:39.685 30727 30727 I Capacitor/Console: File:  - Line 349 - Msg: [object Object]
06-22 11:23:39.686 30727 30727 I DIBAY_WebView: webview_console_message level=LOG line=350 source= msg=console.groupEnd
06-22 11:23:39.687 30727 30727 V Capacitor/Plugin: To native (Capacitor plugin): callbackId: 9363468, pluginId: App, methodName: getInfo
06-22 11:23:39.687 30727 30727 V Capacitor: callback: 9363468, pluginId: App, methodName: getInfo, methodData: {}
06-22 11:23:39.687 30727 30727 V Capacitor/Plugin: To native (Capacitor plugin): callbackId: 9363469, pluginId: NativeDevicePermissions, methodName: checkPermission
06-22 11:23:39.688 30727 30727 V Capacitor: callback: 9363469, pluginId: NativeDevicePermissions, methodName: checkPermission, methodData: {"kind":"microphone"}
06-22 11:23:39.688 30727 30727 V Capacitor/Plugin: To native (Capacitor plugin): callbackId: 9363470, pluginId: NativeDevicePermissions, methodName: checkPermission
06-22 11:23:39.688 30727 30727 V Capacitor: callback: 9363470, pluginId: NativeDevicePermissions, methodName: checkPermission, methodData: {"kind":"camera"}
06-22 11:23:39.691  2402  2402 I DeviceUtils: getComputilityLevel(): 2
06-22 11:23:39.691  2402  2402 I DeviceUtils: getComputilityLevel(): 2
06-22 11:23:39.691  2402  2402 I DeviceUtils: getComputilityLevel(): 2
06-22 11:23:39.693 30727 30727 I DIBAY_WebView: webview_console_message level=LOG line=328 source= msg=%cresult %cApp.getInfo (#9363468) font-style: italic; font-weight: lighter; color: gray font-style: italic; font-weight: bold; color: #444
06-22 11:23:39.693 30727 30727 I DIBAY_WebView: webview_console_message level=LOG line=333 source= msg={"name":"DIBAY","id":"com.dibay.app","build":"1","version":"1.0"}
06-22 11:23:39.694 30727 30727 I Capacitor/Console: File:  - Line 333 - Msg: {"name":"DIBAY","id":"com.dibay.app","build":"1","version":"1.0"}
06-22 11:23:39.695 30727 30727 I DIBAY_WebView: webview_console_message level=LOG line=335 source= msg=console.groupEnd
06-22 11:23:39.695 30727 30727 I DIBAY_WebView: webview_console_message level=LOG line=1 source=https://samarket.vercel.app/_next/static/chunks/6fd7e9b70d726866.js msg=[DIBAY_PUSH_REGISTER] {"step":"register_call","platform":"android","push_provider":"fcm"}
06-22 11:23:39.695 30727 30727 I DIBAY_PUSH_REGISTER: [DIBAY_PUSH_REGISTER] {"step":"register_call","platform":"android","push_provider":"fcm"}
06-22 11:23:39.695  1045  1537 W libc    : Access denied finding property "ro.vendor.display.max_hdr_luminance"
06-22 11:23:39.695 30727 30727 I Capacitor/Console: File: https://samarket.vercel.app/_next/static/chunks/6fd7e9b70d726866.js - Line 1 - Msg: [DIBAY_PUSH_REGISTER] {"step":"register_call","platform":"android","push_provider":"fcm"}
06-22 11:23:39.695 30727 30727 I DIBAY_WebView: webview_console_message level=LOG line=348 source= msg=%cnative %cPushNotifications.addListener (#9363471) font-weight: lighter; color: gray font-weight: bold; color: #000
06-22 11:23:39.696 30727 30727 I DIBAY_WebView: webview_console_message level=LOG line=349 source= msg=[object Object]
06-22 11:23:39.696 30727 30727 I Capacitor/Console: File:  - Line 349 - Msg: [object Object]
06-22 11:23:39.696 30727 30727 I DIBAY_WebView: webview_console_message level=LOG line=350 source= msg=console.groupEnd
06-22 11:23:39.696 30727 30727 I DIBAY_WebView: webview_console_message level=LOG line=348 source= msg=%cnative %cPushNotifications.addListener (#9363472) font-weight: lighter; color: gray font-weight: bold; color: #000
06-22 11:23:39.696 30727 30727 I DIBAY_WebView: webview_console_message level=LOG line=349 source= msg=[object Object]
06-22 11:23:39.696 30727 30727 I Capacitor/Console: File:  - Line 349 - Msg: [object Object]
06-22 11:23:39.697 30727 30727 I DIBAY_WebView: webview_console_message level=LOG line=350 source= msg=console.groupEnd
06-22 11:23:39.697 30727 30727 I DIBAY_WebView: webview_console_message level=LOG line=348 source= msg=%cnative %cPushNotifications.register (#9363473) font-weight: lighter; color: gray font-weight: bold; color: #000
06-22 11:23:39.697 30727 30727 I DIBAY_WebView: webview_console_message level=LOG line=349 source= msg=[object Object]
06-22 11:23:39.697 30727 30727 I Capacitor/Console: File:  - Line 349 - Msg: [object Object]
06-22 11:23:39.697 30727 30727 I DIBAY_WebView: webview_console_message level=LOG line=350 source= msg=console.groupEnd
06-22 11:23:39.698 30727 30727 I DIBAY_WebView: webview_console_message level=LOG line=328 source= msg=%cresult %cNativeDevicePermissions.checkPermission (#9363469) font-style: italic; font-weight: lighter; color: gray font-style: italic; font-weight: bold; color: #444
06-22 11:23:39.698 30727 30727 I DIBAY_WebView: webview_console_message level=LOG line=333 source= msg={"kind":"microphone","state":"granted"}
06-22 11:23:39.698 30727 30727 I Capacitor/Console: File:  - Line 333 - Msg: {"kind":"microphone","state":"granted"}
06-22 11:23:39.698 30727 30727 I DIBAY_WebView: webview_console_message level=LOG line=335 source= msg=console.groupEnd
06-22 11:23:39.698 30727 30727 I DIBAY_WebView: webview_console_message level=LOG line=328 source= msg=%cresult %cNativeDevicePermissions.checkPermission (#9363470) font-style: italic; font-weight: lighter; color: gray font-style: italic; font-weight: bold; color: #444
06-22 11:23:39.698 30727 30727 I DIBAY_WebView: webview_console_message level=LOG line=333 source= msg={"kind":"camera","state":"granted"}
06-22 11:23:39.698 30727 30727 I Capacitor/Console: File:  - Line 333 - Msg: {"kind":"camera","state":"granted"}
06-22 11:23:39.699 30727 30727 I DIBAY_WebView: webview_console_message level=LOG line=335 source= msg=console.groupEnd
06-22 11:23:39.699 30727 30727 V Capacitor/Plugin: To native (Capacitor plugin): callbackId: 9363471, pluginId: PushNotifications, methodName: addListener
06-22 11:23:39.700 30727 30727 V Capacitor: callback: 9363471, pluginId: PushNotifications, methodName: addListener, methodData: {"eventName":"registration"}
06-22 11:23:39.700 30727 30727 V Capacitor/Plugin: To native (Capacitor plugin): callbackId: 9363472, pluginId: PushNotifications, methodName: addListener
06-22 11:23:39.700 30727 30727 V Capacitor: callback: 9363472, pluginId: PushNotifications, methodName: addListener, methodData: {"eventName":"registrationError"}
06-22 11:23:39.700 30727 30727 V Capacitor/Plugin: To native (Capacitor plugin): callbackId: 9363473, pluginId: PushNotifications, methodName: register
06-22 11:23:39.701 30727 30727 V Capacitor: callback: 9363473, pluginId: PushNotifications, methodName: register, methodData: {}
06-22 11:23:39.702 30727 30727 V Capacitor/PushNotificationsPlugin: Notifying listeners for event registration
06-22 11:23:39.704 30727 30727 I DIBAY_WebView: webview_console_message level=LOG line=328 source= msg=%cresult %cPushNotifications.addListener (#9363471) font-style: italic; font-weight: lighter; color: gray font-style: italic; font-weight: bold; color: #444
06-22 11:23:39.704 30727 30727 I DIBAY_WebView: webview_console_message level=LOG line=333 source= msg={"value":"cIUw1iOPTo-LRPMsOmKYmu:APA91bGRAhdsQd07P1cPYPB1tfaKwd2O_kwRih9zNsA5Fdfbc9CF8YHRRx0AzjGV5-2JgwMnyv0345eKg2TevxV09gb0KDv9kJPg9AQapMW_nmRxzc6FRCE"}
06-22 11:23:39.704 30727 30727 I Capacitor/Console: File:  - Line 333 - Msg: {"value":"cIUw1iOPTo-LRPMsOmKYmu:APA91bGRAhdsQd07P1cPYPB1tfaKwd2O_kwRih9zNsA5Fdfbc9CF8YHRRx0AzjGV5-2JgwMnyv0345eKg2TevxV09gb0KDv9kJPg9AQapMW_nmRxzc6FRCE"}
06-22 11:23:39.705 30727 30727 I DIBAY_WebView: webview_console_message level=LOG line=335 source= msg=console.groupEnd
06-22 11:23:39.705 30727 30727 I DIBAY_WebView: webview_console_message level=LOG line=1 source=https://samarket.vercel.app/_next/static/chunks/6fd7e9b70d726866.js msg=[DIBAY_PUSH_REGISTER] {"step":"registration_event","platform":"android","push_provider":"fcm","token_len":142,"user_id":"f6d5a169-9306-48ba-85f1-0342a830425e"}
06-22 11:23:39.705 30727 30727 I DIBAY_PUSH_REGISTER: [DIBAY_PUSH_REGISTER] {"step":"registration_event","platform":"android","push_provider":"fcm","token_len":142,"user_id":"f6d5a169-9306-48ba-85f1-0342a830425e"}
06-22 11:23:39.705 30727 30727 I Capacitor/Console: File: https://samarket.vercel.app/_next/static/chunks/6fd7e9b70d726866.js - Line 1 - Msg: [DIBAY_PUSH_REGISTER] {"step":"registration_event","platform":"android","push_provider":"fcm","token_len":142,"user_id":"f6d5a169-9306-48ba-85f1-0342a830425e"}
06-22 11:23:39.705 30727 30727 I DIBAY_WebView: webview_console_message level=LOG line=1 source=https://samarket.vercel.app/_next/static/chunks/6fd7e9b70d726866.js msg=[DIBAY_PUSH_REGISTER] {"step":"api_post","platform":"android","push_provider":"fcm","device_id":"3fbe3209-1328-4eb6-85a8-b35fa687f4e8","user_id":"f6d5a169-9306-48ba-85f1-0342a830425e","push_token_len":142}
06-22 11:23:39.705 30727 30727 I DIBAY_PUSH_REGISTER: [DIBAY_PUSH_REGISTER] {"step":"api_post","platform":"android","push_provider":"fcm","device_id":"3fbe3209-1328-4eb6-85a8-b35fa687f4e8","user_id":"f6d5a169-9306-48ba-85f1-0342a830425e","push_token_len":142}
06-22 11:23:39.705 30727 30727 I Capacitor/Console: File: https://samarket.vercel.app/_next/static/chunks/6fd7e9b70d726866.js - Line 1 - Msg: [DIBAY_PUSH_REGISTER] {"step":"api_post","platform":"android","push_provider":"fcm","device_id":"3fbe3209-1328-4eb6-85a8-b35fa687f4e8","user_id":"f6d5a169-9306-48ba-85f1-0342a830425e","push_token_len":142}
06-22 11:23:39.705 30727 30727 I DIBAY_WebView: webview_console_message level=LOG line=328 source= msg=%cresult %cPushNotifications.register (#9363473) font-style: italic; font-weight: lighter; color: gray font-style: italic; font-weight: bold; color: #444
06-22 11:23:39.706 30727 30727 I DIBAY_WebView: webview_console_message level=LOG line=333 source= msg=undefined
06-22 11:23:39.706 30727 30727 I Capacitor/Console: File:  - Line 333 - Msg: undefined
06-22 11:23:39.706 30727 30727 I DIBAY_WebView: webview_console_message level=LOG line=335 source= msg=console.groupEnd
06-22 11:23:39.707  2402  2402 I DeviceUtils: getComputilityLevel(): 2
06-22 11:23:39.708  2402  2402 I DeviceUtils: getComputilityLevel(): 2
06-22 11:23:39.708  2402  2402 I DeviceUtils: getComputilityLevel(): 2
06-22 11:23:39.709   960  1431 I android.hardware.audio.service-aidl.mediatek: misoundfx process numSamples: 48
06-22 11:23:39.724  2402  2402 I DeviceUtils: getComputilityLevel(): 2
06-22 11:23:39.725  2402  2402 I DeviceUtils: getComputilityLevel(): 2
06-22 11:23:39.725  2402  2402 I DeviceUtils: getComputilityLevel(): 2
06-22 11:23:39.741  2402  2402 I DeviceUtils: getComputilityLevel(): 2
06-22 11:23:39.741  2402  2402 I DeviceUtils: getComputilityLevel(): 2
06-22 11:23:39.742  2402  2402 I DeviceUtils: getComputilityLevel(): 2
06-22 11:23:39.748 30727 30727 I DIBAY_WebView: webview_console_message level=LOG line=1 source=https://samarket.vercel.app/_next/static/chunks/519c3575a0e223c1.js msg=[notify-badge] ui_set {"total":2,"chatMessage":0,"groupMessage":0,"tradeMessage":0,"tradeStatus":0,"orderStatus":0,"deliveryStatus":0,"communityActivity":0,"adminMarketingBanner":0,"adminNotice":2,"chat":0,"group":0,"trade":0,"store":0,"missedCall":0}
06-22 11:23:39.749 30727 30727 I Capacitor/Console: File: https://samarket.vercel.app/_next/static/chunks/519c3575a0e223c1.js - Line 1 - Msg: [notify-badge] ui_set {"total":2,"chatMessage":0,"groupMessage":0,"tradeMessage":0,"tradeStatus":0,"orderStatus":0,"deliveryStatus":0,"communityActivity":0,"adminMarketingBanner":0,"adminNotice":2,"chat":0,"group":0,"trade":0,"store":0,"missedCall":0}
06-22 11:23:39.750 30727 30727 I DIBAY_WebView: webview_console_message level=LOG line=1 source=https://samarket.vercel.app/_next/static/chunks/519c3575a0e223c1.js msg=[notify-badge] native_set {"count":2}
06-22 11:23:39.750 30727 30727 I Capacitor/Console: File: https://samarket.vercel.app/_next/static/chunks/519c3575a0e223c1.js - Line 1 - Msg: [notify-badge] native_set {"count":2}
06-22 11:23:39.750 30727 30727 I DIBAY_WebView: webview_console_message level=LOG line=348 source= msg=%cnative %cBadge.set (#9363474) font-weight: lighter; color: gray font-weight: bold; color: #000
06-22 11:23:39.751 30727 30727 I DIBAY_WebView: webview_console_message level=LOG line=349 source= msg=[object Object]
06-22 11:23:39.751 30727 30727 I Capacitor/Console: File:  - Line 349 - Msg: [object Object]
06-22 11:23:39.751 30727 30727 I DIBAY_WebView: webview_console_message level=LOG line=350 source= msg=console.groupEnd
06-22 11:23:39.753 30727 30727 V Capacitor/Plugin: To native (Capacitor plugin): callbackId: 9363474, pluginId: Badge, methodName: set
06-22 11:23:39.753 30727 30727 V Capacitor: callback: 9363474, pluginId: Badge, methodName: set, methodData: {"count":2}
06-22 11:23:39.758  2402  2402 I DeviceUtils: getComputilityLevel(): 2
06-22 11:23:39.758  2402  2402 I DeviceUtils: getComputilityLevel(): 2
06-22 11:23:39.758  2402  2402 I DeviceUtils: getComputilityLevel(): 2
06-22 11:23:39.775  2402  2402 I DeviceUtils: getComputilityLevel(): 2
06-22 11:23:39.775  2402  2402 I DeviceUtils: getComputilityLevel(): 2
06-22 11:23:39.775  2402  2402 I DeviceUtils: getComputilityLevel(): 2
06-22 11:23:39.783 30727 30727 I DIBAY_WebView: webview_console_message level=TIP line=1 source=https://samarket.vercel.app/_next/static/chunks/59ccdb03bde461bf.js msg=[lock-safari-1] is created.
06-22 11:23:39.784 30727 30727 D Capacitor/Console: File: https://samarket.vercel.app/_next/static/chunks/59ccdb03bde461bf.js - Line 1 - Msg: [lock-safari-1] is created.
06-22 11:23:39.787 30727  2299 D CameraInjector: updateCloudCameraControllerInfoAsync: canceled.
06-22 11:23:39.788 30727  2299 W libc    : Access denied finding property "vendor.camera.aux.packagelist"
06-22 11:23:39.788 30727  2299 W libc    : Access denied finding property "vendor.camera.aux.packagelistext"
06-22 11:23:39.789 30727  2299 D CameraInjector: updateCloudCameraControllerInfoAsync: canceled.
06-22 11:23:39.790 30727  2299 W libc    : Access denied finding property "vendor.camera.aux.packagelist"
06-22 11:23:39.790 30727  2299 W libc    : Access denied finding property "vendor.camera.aux.packagelistext"
06-22 11:23:39.791  2402  2402 I DeviceUtils: getComputilityLevel(): 2
06-22 11:23:39.792  2402  2402 I DeviceUtils: getComputilityLevel(): 2
06-22 11:23:39.792  2402  2402 I DeviceUtils: getComputilityLevel(): 2
06-22 11:23:39.795 30727  2299 D CameraInjector: updateCloudCameraControllerInfoAsync: canceled.
06-22 11:23:39.795 30727  2299 W libc    : Access denied finding property "vendor.camera.aux.packagelist"
06-22 11:23:39.795 30727  2299 W libc    : Access denied finding property "vendor.camera.aux.packagelistext"
06-22 11:23:39.796  2183  2409 I chromium: [INFO:third_party/blink/renderer/modules/peerconnection/peer_connection_dependency_factory.cc:941] Running WebRTC with a combined Network and Worker thread.
06-22 11:23:39.796 30727  2299 D CameraInjector: updateCloudCameraControllerInfoAsync: canceled.
06-22 11:23:39.796 30727  2299 W libc    : Access denied finding property "vendor.camera.aux.packagelist"
06-22 11:23:39.797 30727  2299 W libc    : Access denied finding property "vendor.camera.aux.packagelistext"
06-22 11:23:39.800 30727  2299 D CameraInjector: updateCloudCameraControllerInfoAsync: canceled.
06-22 11:23:39.800 30727  2299 W libc    : Access denied finding property "vendor.camera.aux.packagelist"
06-22 11:23:39.801 30727  2299 W libc    : Access denied finding property "vendor.camera.aux.packagelistext"
06-22 11:23:39.804 30727  2299 D CameraInjector: updateCloudCameraControllerInfoAsync: canceled.
06-22 11:23:39.805 30727  2299 W libc    : Access denied finding property "vendor.camera.aux.packagelist"
06-22 11:23:39.805 30727  2299 W libc    : Access denied finding property "vendor.camera.aux.packagelistext"
06-22 11:23:39.807  2402  2402 I DeviceUtils: getComputilityLevel(): 2
06-22 11:23:39.808  2402  2402 I DeviceUtils: getComputilityLevel(): 2
06-22 11:23:39.808  2402  2402 I DeviceUtils: getComputilityLevel(): 2
06-22 11:23:39.809 30727  2299 D CameraInjector: updateCloudCameraControllerInfoAsync: canceled.
06-22 11:23:39.809 30727  2299 W libc    : Access denied finding property "vendor.camera.aux.packagelist"
06-22 11:23:39.809 30727  2299 W libc    : Access denied finding property "vendor.camera.aux.packagelistext"
06-22 11:23:39.811 30727  2299 D CameraInjector: updateCloudCameraControllerInfoAsync: canceled.
06-22 11:23:39.811 30727  2299 W libc    : Access denied finding property "vendor.camera.aux.packagelist"
06-22 11:23:39.811 30727  2299 W libc    : Access denied finding property "vendor.camera.aux.packagelistext"
06-22 11:23:39.814 30727  2299 D CameraInjector: updateCloudCameraControllerInfoAsync: canceled.
06-22 11:23:39.814 30727  2299 W libc    : Access denied finding property "vendor.camera.aux.packagelist"
06-22 11:23:39.814 30727  2299 W libc    : Access denied finding property "vendor.camera.aux.packagelistext"
06-22 11:23:39.825  2402  2402 I DeviceUtils: getComputilityLevel(): 2
06-22 11:23:39.825  2402  2402 I DeviceUtils: getComputilityLevel(): 2
06-22 11:23:39.825  2402  2402 I DeviceUtils: getComputilityLevel(): 2
06-22 11:23:39.827  4617  5588 D JavaheapMonitor: Java heap used=9M max=256M, proc: com.miui.securitycenter.remote
06-22 11:23:39.827  4617  5588 V JavaheapMonitor: Check java heap usage finished! Next check delay: 300000
06-22 11:23:39.841  2402  2402 I DeviceUtils: getComputilityLevel(): 2
06-22 11:23:39.842  2402  2402 I DeviceUtils: getComputilityLevel(): 2
06-22 11:23:39.842  2402  2402 I DeviceUtils: getComputilityLevel(): 2
06-22 11:23:39.858  2402  2402 I DeviceUtils: getComputilityLevel(): 2
06-22 11:23:39.858  2402  2402 I DeviceUtils: getComputilityLevel(): 2
06-22 11:23:39.858  2402  2402 I DeviceUtils: getComputilityLevel(): 2
06-22 11:23:39.862 30727 30727 I DIBAY_WebView: webview_console_message level=LOG line=328 source= msg=%cresult %cBadge.set (#9363474) font-style: italic; font-weight: lighter; color: gray font-style: italic; font-weight: bold; color: #444
06-22 11:23:39.863 30727 30727 I DIBAY_WebView: webview_console_message level=LOG line=333 source= msg=undefined
06-22 11:23:39.863 30727 30727 I Capacitor/Console: File:  - Line 333 - Msg: undefined
06-22 11:23:39.864 30727 30727 I DIBAY_WebView: webview_console_message level=LOG line=335 source= msg=console.groupEnd
06-22 11:23:39.867 30727  2299 D CameraInjector: updateCloudCameraControllerInfoAsync: canceled.
06-22 11:23:39.867 30727  2299 W libc    : Access denied finding property "vendor.camera.aux.packagelist"
06-22 11:23:39.867 30727  2299 W libc    : Access denied finding property "vendor.camera.aux.packagelistext"
06-22 11:23:39.868 30727  2299 D CameraInjector: updateCloudCameraControllerInfoAsync: canceled.
06-22 11:23:39.868 30727  2299 W libc    : Access denied finding property "vendor.camera.aux.packagelist"
06-22 11:23:39.868 30727  2299 W libc    : Access denied finding property "vendor.camera.aux.packagelistext"
06-22 11:23:39.872 30727  2299 D CameraInjector: updateCloudCameraControllerInfoAsync: canceled.
06-22 11:23:39.872 30727  2299 W libc    : Access denied finding property "vendor.camera.aux.packagelist"
06-22 11:23:39.872 30727  2299 W libc    : Access denied finding property "vendor.camera.aux.packagelistext"
06-22 11:23:39.873 30727  2299 D CameraInjector: updateCloudCameraControllerInfoAsync: canceled.
06-22 11:23:39.874 30727  2299 W libc    : Access denied finding property "vendor.camera.aux.packagelist"
06-22 11:23:39.874 30727  2299 W libc    : Access denied finding property "vendor.camera.aux.packagelistext"
06-22 11:23:39.874  2402  2402 I DeviceUtils: getComputilityLevel(): 2
06-22 11:23:39.875  2402  2402 I DeviceUtils: getComputilityLevel(): 2
06-22 11:23:39.875  2402  2402 I DeviceUtils: getComputilityLevel(): 2
06-22 11:23:39.878 30727  2299 D CameraInjector: updateCloudCameraControllerInfoAsync: canceled.
06-22 11:23:39.878 30727  2299 W libc    : Access denied finding property "vendor.camera.aux.packagelist"
06-22 11:23:39.878 30727  2299 W libc    : Access denied finding property "vendor.camera.aux.packagelistext"
06-22 11:23:39.881 30727  2299 D CameraInjector: updateCloudCameraControllerInfoAsync: canceled.
06-22 11:23:39.881 30727  2299 W libc    : Access denied finding property "vendor.camera.aux.packagelist"
06-22 11:23:39.882 30727  2299 W libc    : Access denied finding property "vendor.camera.aux.packagelistext"
06-22 11:23:39.886 30727  2299 D CameraInjector: updateCloudCameraControllerInfoAsync: canceled.
06-22 11:23:39.886 30727  2299 W libc    : Access denied finding property "vendor.camera.aux.packagelist"
06-22 11:23:39.887 30727  2299 W libc    : Access denied finding property "vendor.camera.aux.packagelistext"
06-22 11:23:39.889 30727  2299 D CameraInjector: updateCloudCameraControllerInfoAsync: canceled.
06-22 11:23:39.890 30727  2299 W libc    : Access denied finding property "vendor.camera.aux.packagelist"
06-22 11:23:39.890 30727  2299 W libc    : Access denied finding property "vendor.camera.aux.packagelistext"
06-22 11:23:39.893  2402  2402 I DeviceUtils: getComputilityLevel(): 2
06-22 11:23:39.893  2402  2402 I DeviceUtils: getComputilityLevel(): 2
06-22 11:23:39.893  2402  2402 I DeviceUtils: getComputilityLevel(): 2
06-22 11:23:39.897 30727  2299 D CameraInjector: updateCloudCameraControllerInfoAsync: canceled.
06-22 11:23:39.897 30727  2299 W libc    : Access denied finding property "vendor.camera.aux.packagelist"
06-22 11:23:39.897 30727  2299 W libc    : Access denied finding property "vendor.camera.aux.packagelistext"
06-22 11:23:39.908  2402  2402 I DeviceUtils: getComputilityLevel(): 2
06-22 11:23:39.908  2402  2402 I DeviceUtils: getComputilityLevel(): 2
06-22 11:23:39.908  2402  2402 I DeviceUtils: getComputilityLevel(): 2
06-22 11:23:39.923 30727  2299 D CameraInjector: updateCloudCameraControllerInfoAsync: canceled.
06-22 11:23:39.923 30727  2299 W libc    : Access denied finding property "vendor.camera.aux.packagelist"
06-22 11:23:39.924 30727  2299 W libc    : Access denied finding property "vendor.camera.aux.packagelistext"
06-22 11:23:39.926 30727  2299 D CameraInjector: updateCloudCameraControllerInfoAsync: canceled.
06-22 11:23:39.926 30727  2299 W libc    : Access denied finding property "vendor.camera.aux.packagelist"
06-22 11:23:39.926 30727  2299 W libc    : Access denied finding property "vendor.camera.aux.packagelistext"
06-22 11:23:39.929  1045  1537 W libc    : Access denied finding property "ro.vendor.display.max_hdr_luminance"
06-22 11:23:39.930 30727  2299 D CameraInjector: updateCloudCameraControllerInfoAsync: canceled.
06-22 11:23:39.930 30727  2299 W libc    : Access denied finding property "vendor.camera.aux.packagelist"
06-22 11:23:39.931 30727  2299 W libc    : Access denied finding property "vendor.camera.aux.packagelistext"
06-22 11:23:39.932 30727  2299 D CameraInjector: updateCloudCameraControllerInfoAsync: canceled.
06-22 11:23:39.932 30727  2299 W libc    : Access denied finding property "vendor.camera.aux.packagelist"
06-22 11:23:39.932 30727  2299 W libc    : Access denied finding property "vendor.camera.aux.packagelistext"
06-22 11:23:39.935 30727  2299 D CameraInjector: updateCloudCameraControllerInfoAsync: canceled.
06-22 11:23:39.936 30727  2299 W libc    : Access denied finding property "vendor.camera.aux.packagelist"
06-22 11:23:39.936 30727  2299 W libc    : Access denied finding property "vendor.camera.aux.packagelistext"
06-22 11:23:39.939 30727  2299 D CameraInjector: updateCloudCameraControllerInfoAsync: canceled.
06-22 11:23:39.939  1180  1236 I misight : OnEvent EventPrivacyCompliance event=911001001
06-22 11:23:39.939 30727  2299 W libc    : Access denied finding property "vendor.camera.aux.packagelist"
06-22 11:23:39.939 30727  2299 W libc    : Access denied finding property "vendor.camera.aux.packagelistext"
06-22 11:23:39.939  1180  1236 D misight : ProcessEvent devVersion==OS3.0.302.0.WHYMIXM,faultLevel=2,prv=3 region=eea
06-22 11:23:39.939 30727 30727 I DIBAY_WebView: webview_console_message level=LOG line=1 source=https://samarket.vercel.app/_next/static/chunks/59ccdb03bde461bf.js msg=11:23:39:937 %cAgora-SDK [DEBUG]: color: #64B5F6; Loading global parameters from cache [object Object]
06-22 11:23:39.939  1180  1236 I misight : OnEvent EventStorageManager event=911001001,2
06-22 11:23:39.939  1180  1236 D misight : ProcessNewDayEvent event happen time 1782098619,start time=1782057600,restart=1
06-22 11:23:39.939  1180  1236 D misight : ProcessNewDayEvent event happen time 1782098619, last=1782098617,start time=1782057600,next day =1782144000, interval=86400
06-22 11:23:39.939  1180  1236 D misight : Execute start execute sql /data/miuilog/misight/event.db:select id,event_id,daily_cnt,over_cnt,hour_cnt,next_expire_time,last_happen_time,last_log_time from event_daily where event_id = '911001001' limit 1
06-22 11:23:39.939 30727 30727 I Capacitor/Console: File: https://samarket.vercel.app/_next/static/chunks/59ccdb03bde461bf.js - Line 1 - Msg: 11:23:39:937 %cAgora-SDK [DEBUG]: color: #64B5F6; Loading global parameters from cache [object Object]
06-22 11:23:39.940  1180  1236 D misight : DetectDropByTime event 911001001 parser maxCnt=200 lastTime=1782097229 same=0, overCnt=44226,dailyCnt=186,hourCnt=1
06-22 11:23:39.940  1180  1236 I misight : DetectDropEvent event 911001001 over hour cnt drop it, hourCnt=2 halfCnt=1, maxCnt=200 punishSecond=3241,space=1390
06-22 11:23:39.940  1180  1236 D misight : Execute start execute sql /data/miuilog/misight/event.db:update event_daily set  daily_cnt=186, hour_cnt=1, next_expire_time=1782100829, over_cnt=44227, last_happen_time=1782097229, last_log_time=0  where id = '1'
06-22 11:23:39.941  1180  1236 I misight : OnEvent EventInfoPack event 911001001
06-22 11:23:39.943 30727  2299 D CameraInjector: updateCloudCameraControllerInfoAsync: canceled.
06-22 11:23:39.943 30727  2299 W libc    : Access denied finding property "vendor.camera.aux.packagelist"
06-22 11:23:39.943 30727  2299 W libc    : Access denied finding property "vendor.camera.aux.packagelistext"
06-22 11:23:39.944 30727 30727 I DIBAY_WebView: webview_console_message level=LOG line=1 source=https://samarket.vercel.app/_next/static/chunks/59ccdb03bde461bf.js msg=11:23:39:943 %cAgora-SDK [DEBUG]: color: #64B5F6; browser ua:  Mozilla/5.0 (Linux; Android 16; 24076RP19G Build/BP2A.250605.031.A3; wv) AppleWebKit/537.36 (KHTML, like Gecko) Version/4.0 Chrome/148.0.7778.215 Safari/537.36
06-22 11:23:39.944 30727  2299 D CameraInjector: updateCloudCameraControllerInfoAsync: canceled.
06-22 11:23:39.944 30727  2299 W libc    : Access denied finding property "vendor.camera.aux.packagelist"
06-22 11:23:39.944 30727  2299 W libc    : Access denied finding property "vendor.camera.aux.packagelistext"
06-22 11:23:39.944 30727 30727 I Capacitor/Console: File: https://samarket.vercel.app/_next/static/chunks/59ccdb03bde461bf.js - Line 1 - Msg: 11:23:39:943 %cAgora-SDK [DEBUG]: color: #64B5F6; browser ua:  Mozilla/5.0 (Linux; Android 16; 24076RP19G Build/BP2A.250605.031.A3; wv) AppleWebKit/537.36 (KHTML, like Gecko) Version/4.0 Chrome/148.0.7778.215 Safari/537.36
06-22 11:23:39.945 30727 30727 I DIBAY_WebView: webview_console_message level=LOG line=1 source=https://samarket.vercel.app/_next/static/chunks/59ccdb03bde461bf.js msg=11:23:39:943 %cAgora-SDK [INFO]: color: #1E88E5; font-weight: bold; browser info:  [object Object]
06-22 11:23:39.945 30727 30727 I Capacitor/Console: File: https://samarket.vercel.app/_next/static/chunks/59ccdb03bde461bf.js - Line 1 - Msg: 11:23:39:943 %cAgora-SDK [INFO]: color: #1E88E5; font-weight: bold; browser info:  [object Object]
06-22 11:23:39.946 30727 30727 I DIBAY_WebView: webview_console_message level=LOG line=1 source=https://samarket.vercel.app/_next/static/chunks/59ccdb03bde461bf.js msg=11:23:39:943 %cAgora-SDK [INFO]: color: #1E88E5; font-weight: bold; browser compatibility:  [object Object]
06-22 11:23:39.946 30727 30727 I Capacitor/Console: File: https://samarket.vercel.app/_next/static/chunks/59ccdb03bde461bf.js - Line 1 - Msg: 11:23:39:943 %cAgora-SDK [INFO]: color: #1E88E5; font-weight: bold; browser compatibility:  [object Object]
06-22 11:23:39.947  1180  1236 I misight : OnEvent EventPrivacyCompliance event=811001001
06-22 11:23:39.947  1180  1236 D misight : ProcessEvent devVersion==OS3.0.302.0.WHYMIXM,faultLevel=2,prv=3 region=eea
06-22 11:23:39.947  1180  1236 I misight : OnEvent EventStorageManager event=811001001,3
06-22 11:23:39.947  1180  1236 D misight : ProcessNewDayEvent event happen time 1782098619,start time=1782057600,restart=1
06-22 11:23:39.947  1180  1236 D misight : ProcessNewDayEvent event happen time 1782098619, last=1782098619,start time=1782057600,next day =1782144000, interval=86400
06-22 11:23:39.947  1180  1236 D misight : Execute start execute sql /data/miuilog/misight/event.db:select id,event_id,daily_cnt,over_cnt,hour_cnt,next_expire_time,last_happen_time,last_log_time from event_daily where event_id = '811001001' limit 1
06-22 11:23:39.947  1180  1236 D misight : DetectDropByTime event 811001001 parser maxCnt=200 lastTime=1782097229 same=0, overCnt=44226,dailyCnt=186,hourCnt=1
06-22 11:23:39.947  1180  1236 I misight : DetectDropEvent event 811001001 over hour cnt drop it, hourCnt=2 halfCnt=1, maxCnt=200 punishSecond=3241,space=1390
06-22 11:23:39.947  1180  1236 D misight : Execute start execute sql /data/miuilog/misight/event.db:update event_daily set  daily_cnt=186, hour_cnt=1, next_expire_time=1782100829, over_cnt=44227, last_happen_time=1782097229, last_log_time=0  where id = '2'
06-22 11:23:39.947 30727  2299 D CameraInjector: updateCloudCameraControllerInfoAsync: canceled.
06-22 11:23:39.947 30727  2299 W libc    : Access denied finding property "vendor.camera.aux.packagelist"
06-22 11:23:39.948 30727  2299 W libc    : Access denied finding property "vendor.camera.aux.packagelistext"
06-22 11:23:39.948  1180  1236 I misight : OnEvent EventInfoPack event 811001001
06-22 11:23:39.959 30727 30727 I DIBAY_WebView: webview_console_message level=LOG line=1 source=https://samarket.vercel.app/_next/static/chunks/6fd7e9b70d726866.js msg=[DIBAY_PUSH_REGISTER] {"step":"success","http_status":200,"device_row_id":"f3a485e0-5f79-4253-9701-c7e930a46a6e","user_id":"f6d5a169-9306-48ba-85f1-0342a830425e"}
06-22 11:23:39.959 30727 30727 I DIBAY_PUSH_REGISTER: [DIBAY_PUSH_REGISTER] {"step":"success","http_status":200,"device_row_id":"f3a485e0-5f79-4253-9701-c7e930a46a6e","user_id":"f6d5a169-9306-48ba-85f1-0342a830425e"}
06-22 11:23:39.959 30727 30727 I Capacitor/Console: File: https://samarket.vercel.app/_next/static/chunks/6fd7e9b70d726866.js - Line 1 - Msg: [DIBAY_PUSH_REGISTER] {"step":"success","http_status":200,"device_row_id":"f3a485e0-5f79-4253-9701-c7e930a46a6e","user_id":"f6d5a169-9306-48ba-85f1-0342a830425e"}
06-22 11:23:39.959 30727 30727 I DIBAY_WebView: webview_console_message level=LOG line=348 source= msg=%cnative %cPushNotifications.removeListener (#9363475) font-weight: lighter; color: gray font-weight: bold; color: #000
06-22 11:23:39.959 30727 30727 I DIBAY_WebView: webview_console_message level=LOG line=349 source= msg=[object Object]
06-22 11:23:39.960 30727 30727 I Capacitor/Console: File:  - Line 349 - Msg: [object Object]
06-22 11:23:39.960 30727 30727 I DIBAY_WebView: webview_console_message level=LOG line=350 source= msg=console.groupEnd
06-22 11:23:39.960 30727 30727 I DIBAY_WebView: webview_console_message level=LOG line=348 source= msg=%cnative %cPushNotifications.removeListener (#9363476) font-weight: lighter; color: gray font-weight: bold; color: #000
06-22 11:23:39.960 30727 30727 I DIBAY_WebView: webview_console_message level=LOG line=349 source= msg=[object Object]
06-22 11:23:39.960 30727 30727 I Capacitor/Console: File:  - Line 349 - Msg: [object Object]
06-22 11:23:39.960 30727 30727 I DIBAY_WebView: webview_console_message level=LOG line=350 source= msg=console.groupEnd
06-22 11:23:39.961 30727 30727 V Capacitor/Plugin: To native (Capacitor plugin): callbackId: 9363475, pluginId: PushNotifications, methodName: removeListener
06-22 11:23:39.961 30727 30727 V Capacitor: callback: 9363475, pluginId: PushNotifications, methodName: removeListener, methodData: {"eventName":"registration","callbackId":"9363471"}
06-22 11:23:39.962 30727 30727 V Capacitor/Plugin: To native (Capacitor plugin): callbackId: 9363476, pluginId: PushNotifications, methodName: removeListener
06-22 11:23:39.962 30727 30727 V Capacitor: callback: 9363476, pluginId: PushNotifications, methodName: removeListener, methodData: {"eventName":"registrationError","callbackId":"9363472"}
06-22 11:23:39.997 30727 30727 I DIBAY_WebView: webview_console_message level=LOG line=1 source=https://samarket.vercel.app/_next/static/chunks/0987e91912be182b.js msg=[DIBAY_CALL] incoming_presenter_decision {"callId":null,"pathname":"/community-messenger/calls/tmp_qa_1782098618463","routeCallId":"tmp_qa_1782098618463","isDedicatedCallRoute":true,"shouldHideForSameCallRoute":false,"incomingTabLeader":true,"incomingTabLeaderRaw":false,"firstRingingCalleeSessionId":null,"directRingingCalleeSessionId":null,"visibleSessionId":null,"incomingSurface":null,"renderIncomingBanner":false,"renderIncomingFullScreen":false,"canShowIncoming":null,"isConsumed":null,"isTerminal":null,"visibilityState":"visible","appVisibleProxy":true,"busyPolicyShouldAutoReject":null,"viewerLiveSessionId":null,"sessionsCount":0,"reason":"no_ringing_in_sessions","ringingSessionIds":[],"firstRingingSkipDetail":"no_ringing_in_sessions","nativeWakeMatched":null,"nativeWakeAgeMs":null,"pollHitAgeMs":null}
06-22 11:23:39.998 30727 30727 I DIBAY_CALL: [DIBAY_CALL] incoming_presenter_decision {"callId":null,"pathname":"/community-messenger/calls/tmp_qa_1782098618463","routeCallId":"tmp_qa_1782098618463","isDedicatedCallRoute":true,"shouldHideForSameCallRoute":false,"incomingTabLeader":true,"incomingTabLeaderRaw":false,"firstRingingCalleeSessionId":null,"directRingingCalleeSessionId":null,"visibleSessionId":null,"incomingSurface":null,"renderIncomingBanner":false,"renderIncomingFullScreen":false,"canShowIncoming":null,"isConsumed":null,"isTerminal":null,"visibilityState":"visible","appVisibleProxy":true,"busyPolicyShouldAutoReject":null,"viewerLiveSessionId":null,"sessionsCount":0,"reason":"no_ringing_in_sessions","ringingSessionIds":[],"firstRingingSkipDetail":"no_ringing_in_sessions","nativeWakeMatched":null,"nativeWakeAgeMs":null,"pollHitAgeMs":null}
06-22 11:23:39.998 30727 30727 I Capacitor/Console: File: https://samarket.vercel.app/_next/static/chunks/0987e91912be182b.js - Line 1 - Msg: [DIBAY_CALL] incoming_presenter_decision {"callId":null,"pathname":"/community-messenger/calls/tmp_qa_1782098618463","routeCallId":"tmp_qa_1782098618463","isDedicatedCallRoute":true,"shouldHideForSameCallRoute":false,"incomingTabLeader":true,"incomingTabLeaderRaw":false,"firstRingingCalleeSessionId":null,"directRingingCalleeSessionId":null,"visibleSessionId":null,"incomingSurface":null,"renderIncomingBanner":false,"renderIncomingFullScreen":false,"canShowIncoming":null,"isConsumed":null,"isTerminal":null,"visibilityState":"visible","appVisibleProxy":true,"busyPolicyShouldAutoReject":null,"viewerLiveSessionId":null,"sessionsCount":0,"reason":"no_ringing_in_sessions","ringingSessionIds":[],"firstRingingSkipDetail":"no_ringing_in_sessions","nativeWakeMatched":null,"nativeWakeAgeMs":null,"pollHitAgeMs":null}
06-22 11:23:40.000  2183  2227 I chromium: [INFO:media/base/audio_latency.cc:142] audioHardwareBufferSize = 256
06-22 11:23:40.011 30727  2209 D AAudio  : AAudioStream_requestStart(s#1) called --------------
06-22 11:23:40.011 30727  2209 D AAudioStream: setState(s#1) from 10 to 3
06-22 11:23:40.012 30727  2209 I AudioTrack: start(5498): prior state:STATE_STOPPED packageName: com.dibay.app
06-22 11:23:40.012  1025  1105 V AudioPolicyInterfaceImpl: startOutput()
06-22 11:23:40.012  1025  1105 I AudioEffect: set 0xb4000078d85987e0 uuid: 0x0 timeLow 00000000
06-22 11:23:40.012  1025  1105 I AudioFlinger: createEffect pid 1025, effectClient 0xb4000078b85a9fd0, priority 0, sessionId 50393, io 21, factory 0xb4000079b858b430
06-22 11:23:40.013  1025  1105 I AudioFlinger_Threads: createEffect_l() thread 0xb400007a8340b520 effect Music Volume Listener on session 50393
06-22 11:23:40.013  1025  1105 V audio_utils::mutex: mutex_impl: audio_mutex initialized: ret:0  order:15
06-22 11:23:40.013  1025  1105 I EffectChain: EffectChain(): new EffectChain = 0xb4000078385a2950
06-22 11:23:40.013  1025  1105 I AudioFlinger_Threads: createEffect_l() got effect 0x0 on chain 0xb4000078385a2950
06-22 11:23:40.013  1025  1105 V audio_utils::mutex: mutex_impl: audio_mutex initialized: ret:0  order:16
06-22 11:23:40.013  1025  1105 V audio_utils::mutex: mutex_impl: audio_mutex initialized: ret:0  order:3
06-22 11:23:40.013  1025  1105 V EffectModule: Constructor 0xb400007848597430 pinned 1
06-22 11:23:40.013   960  1018 D AHAL_EffectFactory: createEffect: UUID 40f66c8b-5aa5-4345-8919-53ec431aaa98
06-22 11:23:40.013   960  1018 D AHAL_DlbVolumeListenerEffectImpl: VolumeListenerEffectImpl, AudioUuid{timeLow: 1089891467, timeMid: 23205, timeHiAndVersion: 17221, clockSeq: 35097, node: [83, 236, 67, 26, 170, 152]}
06-22 11:23:40.013   960  1018 D AHAL_DlbVolumeListenerEffectImpl: createEffect, instance 0xb4000079a7d55e10 is created
06-22 11:23:40.014   960  1018 D AHAL_DlbVolumeListenerEffectImpl: getDescriptor, Descriptor{common: Common{id: Identity{type: AudioUuid{timeLow: -92152866, timeMid: 22667, timeHiAndVersion: 4589, clockSeq: 39786, node: [2, 66, 172, 18, 0, 2]}, uuid: AudioUuid{timeLow: 1089891467, timeMid: 23205, timeHiAndVersion: 17221, clockSeq: 35097, node: [83, 236, 67, 26, 170, 152]}, proxy: (null)}, flags: Flags{type: INSERT, insert: LAST, volume: IND, hwAcceleratorMode: NONE, offloadIndication: true, deviceIndication: true, audioModeIndication: false, audioSourceIndication: false, bypass: true, sinkMetadataIndication: false, sourceMetadataIndication: false}, cpuLoad: 0, memoryUsage: 0, name: Music Volume Listener, implementor: Dolby Laboratories}, capability: Capability{vendorExtension: VendorExtension{extension: AParcelableHolder}, range: Range{vendorExtension: []}}}
06-22 11:23:40.015  1025  1105 I EffectHalAidl: createAidlConversion create UUID AudioUuid{timeLow: -92152866, timeMid: 22667, timeHiAndVersion: 4589, clockSeq: 39786, node: [2, 66, 172, 18, 0, 2]}
06-22 11:23:40.015  1025  1105 V EffectModule: setOffloaded_l offloaded 0 io 21 status 0
06-22 11:23:40.015  1025  1105 I EffectModule: EffectModule Constructor success name Music Volume Listener, Interface 0xb4000077d85b0480
06-22 11:23:40.015  1025  1105 I EffectChain: addEffect_l() effect 0xb400007848597430, added in chain 0xb4000078385a2950 at rank 0
06-22 11:23:40.015  1025  1105 V EffectModule: configure_l 0xb400007848597430 chain 0xb4000078385a2950 buffer 0x0 framecount 768
06-22 11:23:40.016  1025  1105 D EffectConversionHelperAidl: handleSetConfig at state INIT, opening effect with input AudioConfig{base: AudioConfigBase{sampleRate: 48000, channelMask: AudioChannelLayout{layoutMask: 3}, format: AudioFormatDescription{type: PCM, pcm: FLOAT_32_BIT, encoding: }}, offloadInfo: AudioOffloadInfo{base: AudioConfigBase{sampleRate: 0, channelMask: AudioChannelLayout{none: 0}, format: AudioFormatDescription{type: DEFAULT, pcm: DEFAULT, encoding: }}, streamType: INVALID, bitRatePerSecond: 0, durationUs: 0, hasVideo: false, isStreaming: false, bitWidth: 16, offloadBufferSize: 0, usage: INVALID, encapsulationMode: INVALID, contentId: 0, syncId: 0}, frameCount: 768} output AudioConfig{base: AudioConfigBase{sampleRate: 48000, channelMask: AudioChannelLayout{layoutMask: 3}, format: AudioFormatDescription{type: PCM, pcm: FLOAT_32_BIT, encoding: }}, offloadInfo: AudioOffloadInfo{base: AudioConfigBase{sampleRate: 0, channelMask: AudioChannelLayout{none: 0}, format: AudioFormatDescription{type: DEFAULT, pcm: DEFAULT, encoding: }}, streamType: INVALID, bit
06-22 11:23:40.017 30727 30727 I DIBAY_WebView: webview_console_message level=LOG line=1 source=https://samarket.vercel.app/_next/static/chunks/b2f1cee908f18d23.js msg=[DIBAY_CALL] call_client_mounted [object Object]
06-22 11:23:40.017   960  1018 D AHAL_DlbVolumeListenerEffectContext: VolumeListenerEffectContext
06-22 11:23:40.017 30727 30727 I Capacitor/Console: File: https://samarket.vercel.app/_next/static/chunks/b2f1cee908f18d23.js - Line 1 - Msg: [DIBAY_CALL] call_client_mounted [object Object]
06-22 11:23:40.018   960  1018 I AHAL_EffectImpl: Music Volume ListenerV2open
06-22 11:23:40.020  1025  1105 V EffectChain: addEffect_l effect 0xb400007848597430, added in chain 0xb4000078385a2950 at rank 0
06-22 11:23:40.020  1025  1105 V EffectModule: configure_l 0xb400007848597430 chain 0xb4000078385a2950 buffer 0xb4000078c85b96a0 framecount 768
06-22 11:23:40.020  1025  1105 D EffectHalAidl: setDevices AUDIO_DEVICE_OUT_SPEAKER, @:
06-22 11:23:40.021  1025  1105 V audio_utils::mutex: mutex_impl: audio_mutex initialized: ret:0  order:2
06-22 11:23:40.021  1025  1105 V EffectHandle: constructor 0xb4000079b858c4d0 client 0xb4000078685c14a0
06-22 11:23:40.021  1025  1105 V EffectHandle: setControl 0xb4000079b858c4d0 control 1
06-22 11:23:40.021  1025  1105 V EffectBase: addHandle() 0xb400007848597440 added handle 0xb4000079b858c4d0 in position 0
06-22 11:23:40.021  1025  1105 V audio_utils::mutex: mutex_impl: audio_mutex initialized: ret:0  order:21
06-22 11:23:40.022  1025  1105 V EffectBase: updatePolicyState name Music Volume Listener id 31075 session 50393 doRegister 1 registered 1 doEnable 0 enabled 0
06-22 11:23:40.022  1025  1105 I AudioEffect: set() 0xb4000078d85987e0 OK effect: Music Volume Listener id: 31075 status 0 enabled 0 pid 1025
06-22 11:23:40.022  1025  1105 I AudioEffect: enable 0xb4000078d85987e0
06-22 11:23:40.022  1025  1105 V EffectHandle: enable 0xb4000079b858c4d0
06-22 11:23:40.022  1025  1105 V EffectBase: updatePolicyState name Music Volume Listener id 31075 session 50393 doRegister 0 registered 1 doEnable 1 enabled 1
06-22 11:23:40.022 30727 30727 I DIBAY_WebView: webview_console_message level=LOG line=1 source=https://samarket.vercel.app/_next/static/chunks/2b4e86e454ae7a77.js msg=[call-audio-route] apply_start [object Object]
06-22 11:23:40.022  1025  1105 V EffectBase: setEnabled 0xb400007848597440 enabled 1
06-22 11:23:40.023 30727 30727 I Capacitor/Console: File: https://samarket.vercel.app/_next/static/chunks/2b4e86e454ae7a77.js - Line 1 - Msg: [call-audio-route] apply_start [object Object]
06-22 11:23:40.023   960  1018 D AHAL_DlbVolumeListenerEffectContext: enable
06-22 11:23:40.023   960  1018 D AHAL_DlbVolumeListenerEffectContext: VolumeListenerContext::enable, session = 50393, ioHandle = 21.
06-22 11:23:40.023 30727 30727 I DIBAY_WebView: webview_console_message level=LOG line=1 source=https://samarket.vercel.app/_next/static/chunks/2b4e86e454ae7a77.js msg=[call-audio-route] agora_default_route_set [object Object]
06-22 11:23:40.023  1025  1105 D APM_AudioPolicyManager: startOutput() output 21, portId 5498, stream 3, session 50393, sample_rate 48000, format 0x5, channel_mask 0x3, appname com.dibay.app)
06-22 11:23:40.023 30727 30727 I Capacitor/Console: File: https://samarket.vercel.app/_next/static/chunks/2b4e86e454ae7a77.js - Line 1 - Msg: [call-audio-route] agora_default_route_set [object Object]
06-22 11:23:40.024 30727 30727 I DIBAY_WebView: webview_console_message level=LOG line=1 source=https://samarket.vercel.app/_next/static/chunks/2b4e86e454ae7a77.js msg=[call-audio-route] agora_speaker_set [object Object]
06-22 11:23:40.025 30727 30727 I Capacitor/Console: File: https://samarket.vercel.app/_next/static/chunks/2b4e86e454ae7a77.js - Line 1 - Msg: [call-audio-route] agora_speaker_set [object Object]
06-22 11:23:40.025  1025  1105 D APM_AudioPolicyManager: setOutputDevices caller startSource[[portId:6][io:21, fast]] prevDevice {AUDIO_DEVICE_OUT_SPEAKER, @:}
06-22 11:23:40.026  1025  1105 D APM::AudioPolicyEngine: getDevices ForStrategy() strategy 0, device 0x1 avadevice 0x1, 0x2, 0x10000, 0x100000 sfu [0]:0, [1]:0, [4]:11
06-22 11:23:40.028 30727 30727 I DIBAY_WebView: webview_console_message level=LOG line=1 source=https://samarket.vercel.app/_next/static/chunks/b2f1cee908f18d23.js msg=[DIBAY_CALL] active_session_create [object Object]
06-22 11:23:40.028 30727 30727 I Capacitor/Console: File: https://samarket.vercel.app/_next/static/chunks/b2f1cee908f18d23.js - Line 1 - Msg: [DIBAY_CALL] active_session_create [object Object]
06-22 11:23:40.029  1025  1105 D APM::AudioPolicyEngine: getDevices ForStrategy() strategy 0, device 0x1 avadevice 0x1, 0x2, 0x10000, 0x100000 sfu [0]:0, [1]:0, [4]:11
06-22 11:23:40.031   970  1496 I hwcomposer: [HWC] (0)fire a callback of refresh to SF[4]  
06-22 11:23:40.034  1025  1105 D APM::AudioPolicyEngine: getDevices ForStrategy() strategy 0, device 0x1 avadevice 0x1, 0x2, 0x10000, 0x100000 sfu [0]:0, [1]:0, [4]:11
06-22 11:23:40.036  1025  1105 I UsecaseValidator: verifyAudioAttributes update usage: 1 to AUDIO_USAGE_GAME for output: 21 pid: 30727 package: com.dibay.app
06-22 11:23:40.036  1025  1105 V AudioPolicyInterfaceImpl: startOutput(): client portId 5498, active 1, ActiveClientRefCount 1
06-22 11:23:40.036  1025  1105 V audio_utils::mutex: mutex_impl: audio_mutex initialized: ret:0  order:21
06-22 11:23:40.037  1025  1105 D AudioFlinger_Threads: addTrack_l() starting track on chain 0xb4000078385a2950 for session 50393, cout:1.
06-22 11:23:40.037  1025  1105 D AudioFlinger_Threads: addTrack_l() mActiveEffectChainIdVector.size() = 0, before mActiveEffectChainIdVector.push_back(50393)
06-22 11:23:40.037  1025  1105 D AF::Track: noteStartAudioInNeed
06-22 11:23:40.037  1025  1105 D BatteryNotifier: batteryHandler::send audio start msg! 10307, 30727, 50393, 2
06-22 11:23:40.037  1025  1304 D BatteryNotifier: BatteryNotifier::update audio start to power insight! 10307, 30727, 50393, 2, isneedReport 1
06-22 11:23:40.037  1673  1740 D BatteryStatsService: noteStartAudio uid is 10307
06-22 11:23:40.037  1025  1435 D StreamHalAidl: [out|ioHandle:21] setParameters: parameters: "NoAudioTrack=0"
06-22 11:23:40.037  1673  1740 D ProcessManager: add audio active uid : 10307
06-22 11:23:40.037  1025  1435 D StreamHalAidl: [out|ioHandle:21] setParameters: parameters: NoAudioTrack=0
06-22 11:23:40.038  1673  4059 E AppOps  : attributionTag  not declared in manifest of com.dibay.app
06-22 11:23:40.038  1673  1740 E BatteryStatsService: note StartAudioToPower BatteryStatsservices10307 30727 50393 5498 2
06-22 11:23:40.038  1673  1721 D BatteryStatsManagerStub: audio on uid=10307
06-22 11:23:40.038  1673  1740 D BatteryStatsManagerStub: noteStartAudioInNeed uid is 10307, pid is 30727, session is 50393, port is 5498, type is 2
06-22 11:23:40.038  1040  1040 D Audio_ParameterParser: parseVendorParameters: scope: STREAM, keys/values: NoAudioTrack=0
06-22 11:23:40.038  5692 10904 I PowerKeeper.Event: noteStartAudioInNeed uid is 10307, sessionid is 50393, port is 5498, type is 2
06-22 11:23:40.038  1673  1958 D AurogonImmobulusMode: updateAppScore uid =10307 add=true type=8
06-22 11:23:40.038  1673  1740 E PowerInsightClientProxy: framework 10307 pid 30727 session 50393
06-22 11:23:40.038  1673  1740 E PowerInsightPolicy: sPowerInsightService null!
06-22 11:23:40.038  5692  5823 I AppActiveChecker: uid:10307 change to active
06-22 11:23:40.038  1673  2817 E AppOps  : attributionTag  not declared in manifest of com.dibay.app
06-22 11:23:40.039 30727  2209 D AudioRepeatStartCheck: [AudioRepeatStartStopCheck], enter: uid = 10307, session = 50393, uidnowTime = 1782098553
06-22 11:23:40.040 30727  2209 D AudioRepeatStartCheck: [AudioRepeatStartStopCheck] isAnomaly = 0
06-22 11:23:40.040  1025  1435 D AudioFlinger_Threads: updateWakeLockUids_l AudioOut_15 uids:10307 
06-22 11:23:40.040 30727  2209 D AAudio  : AAudioStream_requestStart(s#1) returned 0 ---------
06-22 11:23:40.040 30727  2453 D AudioTrackImpl: [audioTrackData][zero] 2s(f:27919 m:2 s:0 k:0 z:2053) : pid 30727 uid 10307 sessionId 50393 sr 48000 ch 2 fmt 5
06-22 11:23:40.040   960  5204 D MTKAdapterStreamLayer: updateMetadataCommon(), 
06-22 11:23:40.041   960  5204 I AudioALSAStreamOut: updateSourceMetadata(), do nothing source_metadata = 0x778c682f78
06-22 11:23:40.041  1025  1105 D NativePermissionController: checkPermission: missing 13 for 10307
06-22 11:23:40.041  1025  1435 D AudioFlinger_Threads: 0xb400007a8340b520: threadLoop_write write data to hw, mixerStatus 2, muted count 87
06-22 11:23:40.041 30727  2111 D AudioStreamTrack: onAudioDeviceUpdate() devices 3 => 3
06-22 11:23:40.041 30727  2111 D AudioTrack: onAudioDeviceUpdate AudioPortDebug[ID:00000003] deviceType:AUDIO_DEVICE_OUT_SPEAKER(00000002)
06-22 11:23:40.041 30727  2111 D BatteryNotifier: batteryHandler::send audio device update msg! 10307, 30727, 50393, 2
06-22 11:23:40.042 30727  2457 D BatteryNotifier: BatteryNotifier::update device to power insight! 10307, 30727, 50393, 2
06-22 11:23:40.042  1673  1740 E BatteryStatsService: note device change AudioToPower BatteryStatsservices 10307 30727 50393 2
06-22 11:23:40.042  1673  1740 E PowerInsightPolicy: sPowerInsightService null!
06-22 11:23:40.042  1045  1045 E HwcComposer: presentOrValidateDisplay 0 presentFence:-1
06-22 11:23:40.043  1673  1939 E AlarmManager: not align this alarm: Alarm{6156384 type 2 origWhen 772061764 whenElapsed 772061764 android}, reason=0
06-22 11:23:40.046 30727  2453 D AAudioStream: setState(s#1) from 3 to 4
06-22 11:23:40.046  1045  1045 I BufferQueueProducer: [FramebufferSurface](this:0xb400007c4ae95d90,id:-1,api:1,p:1045,c:1045) queueBuffer: fps=0.98 dur=1018.02 max=1018.02 min=1018.02
06-22 11:23:40.048  1045  1045 I MI-SF   : surfaceflinger setAffinity mode=1
06-22 11:23:40.048  1045  1045 E MI-SF   : surfaceflinger setAffinity success
06-22 11:23:40.048  1045  1045 I MI-SF   : surfaceflinger setreAffinity reTid=1232
06-22 11:23:40.048  1045  1045 E MI-SF   : surfaceflinger setAffinity success
06-22 11:23:40.051 30727 30727 I DIBAY_WebView: webview_console_message level=LOG line=348 source= msg=%cnative %cDibayCallAudioRoute.addListener (#9363477) font-weight: lighter; color: gray font-weight: bold; color: #000
06-22 11:23:40.051 30727 30727 I DIBAY_WebView: webview_console_message level=LOG line=349 source= msg=[object Object]
06-22 11:23:40.052 30727 30727 I Capacitor/Console: File:  - Line 349 - Msg: [object Object]
06-22 11:23:40.052 30727 30727 I DIBAY_WebView: webview_console_message level=LOG line=350 source= msg=console.groupEnd
06-22 11:23:40.053 30727 30727 I DIBAY_WebView: webview_console_message level=LOG line=348 source= msg=%cnative %cDibayCallAudioRoute.setSpeakerphoneEnabled (#9363478) font-weight: lighter; color: gray font-weight: bold; color: #000
06-22 11:23:40.055 30727 30727 I DIBAY_WebView: webview_console_message level=LOG line=349 source= msg=[object Object]
06-22 11:23:40.055 30727 30727 I Capacitor/Console: File:  - Line 349 - Msg: [object Object]
06-22 11:23:40.056 30727 30727 I DIBAY_WebView: webview_console_message level=LOG line=350 source= msg=console.groupEnd
06-22 11:23:40.057 30727 30727 I DIBAY_WebView: webview_console_message level=LOG line=348 source= msg=%cnative %cApp.addListener (#9363479) font-weight: lighter; color: gray font-weight: bold; color: #000
06-22 11:23:40.058 30727 30727 I DIBAY_WebView: webview_console_message level=LOG line=349 source= msg=[object Object]
06-22 11:23:40.058 30727 30727 I Capacitor/Console: File:  - Line 349 - Msg: [object Object]
06-22 11:23:40.058 30727 30727 I DIBAY_WebView: webview_console_message level=LOG line=350 source= msg=console.groupEnd
06-22 11:23:40.061 30727 30727 V Capacitor/Plugin: To native (Capacitor plugin): callbackId: 9363477, pluginId: DibayCallAudioRoute, methodName: addListener
06-22 11:23:40.061 30727 30727 V Capacitor: callback: 9363477, pluginId: DibayCallAudioRoute, methodName: addListener, methodData: {"eventName":"routeChanged"}
06-22 11:23:40.063 30727 30727 V Capacitor/Plugin: To native (Capacitor plugin): callbackId: 9363478, pluginId: DibayCallAudioRoute, methodName: setSpeakerphoneEnabled
06-22 11:23:40.064 30727 30727 V Capacitor: callback: 9363478, pluginId: DibayCallAudioRoute, methodName: setSpeakerphoneEnabled, methodData: {"enabled":true,"reason":"outgoing_video_preview_seed"}
06-22 11:23:40.065  1673  2817 I AS.AudioService: getMode, get current owner's mode
06-22 11:23:40.065  1673  2817 I AS.AudioService: getMode, currentModeHandler is null
06-22 11:23:40.066 30727  2229 D AudioManager: getMode: mode=0, callApp=com.dibay.app
06-22 11:23:40.067 30727  2229 I AudioManager: In isSpeakerphoneOn() calling application: com.dibay.app
06-22 11:23:40.067  1673  2817 D AS.BtHelper: isBluetoothScoOn() mBluetoothHeadset is null: truemBluetoothHeadsetDevice is null: true
06-22 11:23:40.067  1673  2817 V AS.AudioDeviceBroker: requestedCommunicationDevice: null mode owner pid: 0 crc: null
06-22 11:23:40.068  1673  2817 V AS.AudioService: setMode(mode=3, pid=30727, uid=10307, caller=com.dibay.app)
06-22 11:23:40.068 30727 30727 E DIBAY_WebView: webview_console_message level=ERROR line=1 source=https://samarket.vercel.app/_next/static/chunks/695874cb023d84e5.js msg=Uncaught (in promise) Error: "NativeIncomingCall.then()" is not implemented on android
06-22 11:23:40.068  1673  2817 V AS.AudioService: setMode(3) adding handler for pid=30727
06-22 11:23:40.068 30727 30727 E Capacitor/Console: File: https://samarket.vercel.app/_next/static/chunks/695874cb023d84e5.js - Line 1 - Msg: Uncaught (in promise) Error: "NativeIncomingCall.then()" is not implemented on android
06-22 11:23:40.068  1673  2817 D AS.AudioService: setMode: newSceneValue: 2 currentScene value:1
06-22 11:23:40.069 30727 30727 E DIBAY_WebView: webview_console_message level=ERROR line=1 source=https://samarket.vercel.app/_next/static/chunks/695874cb023d84e5.js msg=Uncaught (in promise) Error: "NativeIncomingCall.then()" is not implemented on android
06-22 11:23:40.069 30727  2229 I AudioManager: In isBluetoothScoOn() calling application: com.dibay.app
06-22 11:23:40.069 30727 30727 E Capacitor/Console: File: https://samarket.vercel.app/_next/static/chunks/695874cb023d84e5.js - Line 1 - Msg: Uncaught (in promise) Error: "NativeIncomingCall.then()" is not implemented on android
06-22 11:23:40.069 30727 30727 E DIBAY_WebView: webview_console_message level=ERROR line=1 source=https://samarket.vercel.app/_next/static/chunks/695874cb023d84e5.js msg=Uncaught (in promise) Error: "NativeIncomingCall.then()" is not implemented on android
06-22 11:23:40.069  1673  1939 V AS.AudioService: onUpdateAudioMode() new mode: 3, current mode: 0 requested mode: 3 signal: false
06-22 11:23:40.069 30727 30727 E Capacitor/Console: File: https://samarket.vercel.app/_next/static/chunks/695874cb023d84e5.js - Line 1 - Msg: Uncaught (in promise) Error: "NativeIncomingCall.then()" is not implemented on android
06-22 11:23:40.069  1673  2817 D AS.BtHelper: isBluetoothScoOn() mBluetoothHeadset is null: truemBluetoothHeadsetDevice is null: true
06-22 11:23:40.069  1673  2817 V AS.AudioDeviceBroker: isBluetoothScoOn return false when sco/ble device is not connect.
06-22 11:23:40.070 30727 30727 V Capacitor/Plugin: To native (Capacitor plugin): callbackId: 9363479, pluginId: App, methodName: addListener
06-22 11:23:40.070 30727 30727 V Capacitor: callback: 9363479, pluginId: App, methodName: addListener, methodData: {"eventName":"appStateChange"}
06-22 11:23:40.071  1673  2817 V AS.AudioDeviceBroker: requestedCommunicationDevice: null mode owner pid: 0 crc: null
06-22 11:23:40.071 30727  2229 V AudioManager: direct return isBluetoothA2dpOn from audioservice/audiodeviceinventory, get directly to avoid waiting too long.
06-22 11:23:40.072 30727  2229 V AudioManager: direct return isWiredHeadsetOn from audioservice/audiodeviceinventory, get directly to avoid waiting too long.
06-22 11:23:40.075 30727  2229 I AudioManager: In isBluetoothScoOn() calling application: com.dibay.app
06-22 11:23:40.075  1673  2817 D AS.BtHelper: isBluetoothScoOn() mBluetoothHeadset is null: truemBluetoothHeadsetDevice is null: true
06-22 11:23:40.075  1025  1105 V AudioPolicyInterfaceImpl: setPhoneState()
06-22 11:23:40.075  1673  2817 V AS.AudioDeviceBroker: isBluetoothScoOn return false when sco/ble device is not connect.
06-22 11:23:40.078  1673  2817 V AS.AudioDeviceBroker: requestedCommunicationDevice: null mode owner pid: 0 crc: null
06-22 11:23:40.079 30727  2229 V AudioManager: direct return isBluetoothA2dpOn from audioservice/audiodeviceinventory, get directly to avoid waiting too long.
06-22 11:23:40.079 30727  2229 V AudioManager: direct return isWiredHeadsetOn from audioservice/audiodeviceinventory, get directly to avoid waiting too long.
06-22 11:23:40.082 30727  2229 D AudioManager: setCommunicationDevice() device.getId():3, devicename=speaker
06-22 11:23:40.082  1673  2817 D AS.AudioService: setCommunicationDevice() from u/pid:10307/30727, deviceName=speaker, portId=3
06-22 11:23:40.082  1673  2817 I AS.AudioService: In setCommunicationDevice(), device = android.media.AudioDeviceInfo@22, eventSource: setCommunicationDevice() from u/pid:10307/30727
06-22 11:23:40.083  1673  2817 I AS.AudioService: In setCommunicationDevice(), deviceType = 2, eventSource: setCommunicationDevice() from u/pid:10307/30727
06-22 11:23:40.083  1025  1105 D DeviceHalAidl: [default] setMode: mode 3
06-22 11:23:40.084  1673  2817 V AS.AudioDeviceBroker: setCommunicationDevice, device: android.media.AudioDeviceInfo@22, uid: 10307
06-22 11:23:40.087   960  5204 D AHAL_Telephony: switchAudioMode: IN_COMMUNICATION
06-22 11:23:40.090   960  5204 D AudioALSAStreamManager: +setMode(), mAudioMode: 0 => 3, mEnterPhoneCallMode = 0, mIsNeedResumeStreamOut = 0, mIsNeedResumeStreamIn = 0, mResumeAllStreamsAtSetMode = 1
06-22 11:23:40.090   960  5204 D AudioMTKGainController: setNormalVolume(), mSceneIndex = 0, stream 3, devices 0x2, index 14, mode 0x3, gainDevice 0x2
06-22 11:23:40.090   960  5204 D AudioMTKGainController: setSpeakerGain(), gain = 8, spkAnaType = 3
06-22 11:23:40.091  1045  1045 I BufferQueueProducer: [com.dibay.app/com.dibay.app.MainActivity#31171](this:0xb400007acb0e2610,id:-1,api:0,p:-1,c:1045) queueBuffer: fps=5.81 dur=1203.86 max=567.27 min=16.51
06-22 11:23:40.091   960  5204 D AudioUtility: power_hal_hint - custPowerHint 39, data 268435455
06-22 11:23:40.092  1009  1078 I libPowerHal: [perfLockAcq] idx:1 hdl:28874 hint:39 pid:1009 tid:1009 duration:268435455 lock_user:vendor.mediatek => ret_hdl:28874
06-22 11:23:40.092  1009  1078 I libPowerHal: [perfLockAcq] Done for hdl : 28874
06-22 11:23:40.093  1045  1045 E HwcComposer: presentOrValidateDisplay 0 presentFence:-1
06-22 11:23:40.093   960  5204 D AudioALSAStreamManager: needEnableVoip(), output_devices = 0x2, flags: 0x4, mAvailableOutputFlags: 0x1800e, enable: 0
06-22 11:23:40.093   960  5204 D AudioALSAStreamManager: -setMode(), mAudioMode = 3, mIsNeedResumeStreamOut = 0, mIsNeedResumeStreamIn = 0, mResumeAllStreamsAtSetMode = 1
06-22 11:23:40.094  1045  1045 I MI-SF   : surfaceflinger setAffinity mode=0
06-22 11:23:40.094  1045  1045 E MI-SF   : surfaceflinger setAffinity success
06-22 11:23:40.100   960  5204 D AHAL_DlbEffectContext: setAudioMode()
06-22 11:23:40.100   960  5204 D AHAL_DlbEffectContext: setAudioMode(): legacy audio mode is 3
06-22 11:23:40.100   960  5204 D AHAL_DlbEffectBase: setAudioMode(mode = 3)
06-22 11:23:40.101  1025  1105 D APM::AudioPolicyEngine: getDevices ForStrategy() strategy 0, device 0x1 avadevice 0x1, 0x2, 0x10000, 0x100000 sfu [0]:0, [1]:0, [4]:11
06-22 11:23:40.101  1025  1105 D APM::AudioPolicyEngine: getDevices ForStrategy() strategy 0, device 0x1 avadevice 0x1, 0x2, 0x10000, 0x100000 sfu [0]:0, [1]:0, [4]:11
06-22 11:23:40.103  1025  1105 D APM::AudioPolicyEngine: getDevices ForStrategy() strategy 0, device 0x1 avadevice 0x1, 0x2, 0x10000, 0x100000 sfu [0]:0, [1]:0, [4]:11
06-22 11:23:40.104  1025  1105 D APM::AudioPolicyEngine: getDevices ForStrategy() strategy 0, device 0x1 avadevice 0x1, 0x2, 0x10000, 0x100000 sfu [0]:0, [1]:0, [4]:11
06-22 11:23:40.104  1025  1105 D APM::AudioPolicyEngine: getDevices ForStrategy() strategy 0, device 0x1 avadevice 0x1, 0x2, 0x10000, 0x100000 sfu [0]:0, [1]:0, [4]:11
06-22 11:23:40.105  1025  1105 D APM::AudioPolicyEngine: getDevices ForStrategy() strategy 0, device 0x1 avadevice 0x1, 0x2, 0x10000, 0x100000 sfu [0]:0, [1]:0, [4]:11
06-22 11:23:40.107  1025  1105 D APM::AudioPolicyEngine: getDevices ForStrategy() strategy 0, device 0x1 avadevice 0x1, 0x2, 0x10000, 0x100000 sfu [0]:0, [1]:0, [4]:11
06-22 11:23:40.107  1025  1105 D APM::AudioPolicyEngine: getDevices ForStrategy() strategy 0, device 0x1 avadevice 0x1, 0x2, 0x10000, 0x100000 sfu [0]:0, [1]:0, [4]:11
06-22 11:23:40.108  1025  1105 D APM::AudioPolicyEngine: getDevices ForStrategy() strategy 0, device 0x1 avadevice 0x1, 0x2, 0x10000, 0x100000 sfu [0]:0, [1]:0, [4]:11
06-22 11:23:40.108  1025  1105 D APM::AudioPolicyEngine: getDevices ForStrategy() strategy 0, device 0x1 avadevice 0x1, 0x2, 0x10000, 0x100000 sfu [0]:0, [1]:0, [4]:11
06-22 11:23:40.108  1025  1105 D APM::AudioPolicyEngine: getDevices ForStrategy() strategy 0, device 0x1 avadevice 0x1, 0x2, 0x10000, 0x100000 sfu [0]:0, [1]:0, [4]:11
06-22 11:23:40.108  1025  1105 D APM::AudioPolicyEngine: getDevices ForStrategy() strategy 0, device 0x1 avadevice 0x1, 0x2, 0x10000, 0x100000 sfu [0]:0, [1]:0, [4]:11
06-22 11:23:40.109  1025  1105 V audio_utils::mutex: mutex_impl: audio_mutex initialized: ret:0  order:6
06-22 11:23:40.111  1025  1105 D AudioPolicyManagerCustomImpl: fm_applyGainFromCheckAndSetVolume size 0/4
06-22 11:23:40.111  1025  1105 D AudioPolicyManagerCustomImpl: fm_applyGainFromCheckAndSetVolume size 1/4
06-22 11:23:40.111  1025  1105 D AudioPolicyManagerCustomImpl: fm_applyGainFromCheckAndSetVolume size 2/4
06-22 11:23:40.111  1025  1105 D AudioPolicyManagerCustomImpl: fm_applyGainFromCheckAndSetVolume size 3/4
06-22 11:23:40.113  1025  1105 V audio_utils::mutex: mutex_impl: audio_mutex initialized: ret:0  order:6
06-22 11:23:40.114  1025  1105 V audio_utils::mutex: mutex_impl: audio_mutex initialized: ret:0  order:6
06-22 11:23:40.115  1025  1105 V audio_utils::mutex: mutex_impl: audio_mutex initialized: ret:0  order:6
06-22 11:23:40.116  1025  1105 V audio_utils::mutex: mutex_impl: audio_mutex initialized: ret:0  order:6
06-22 11:23:40.119  1025  1105 D APM::AudioPolicyEngine: getDevices ForStrategy() strategy 0, device 0x1 avadevice 0x1, 0x2, 0x10000, 0x100000 sfu [0]:0, [1]:0, [4]:11
06-22 11:23:40.119  1025  1105 D APM_AudioPolicyManager: setPhoneState get RxDevice again rxDevices {AUDIO_DEVICE_OUT_EARPIECE, @:} 
06-22 11:23:40.119  1025  1105 D APM::AudioPolicyEngine: getDevices ForStrategy() strategy 0, device 0x1 avadevice 0x1, 0x2, 0x10000, 0x100000 sfu [0]:0, [1]:0, [4]:11
06-22 11:23:40.119  1025  1105 D APM::AudioPolicyEngine: getDevices ForStrategy() strategy 0, device 0x1 avadevice 0x1, 0x2, 0x10000, 0x100000 sfu [0]:0, [1]:0, [4]:11
06-22 11:23:40.120  1025  1105 D APM::AudioPolicyEngine: getDevices ForStrategy() strategy 0, device 0x1 avadevice 0x1, 0x2, 0x10000, 0x100000 sfu [0]:0, [1]:0, [4]:11
06-22 11:23:40.120  1025  1105 D APM::AudioPolicyEngine: getDevices ForStrategy() strategy 0, device 0x1 avadevice 0x1, 0x2, 0x10000, 0x100000 sfu [0]:0, [1]:0, [4]:11
06-22 11:23:40.120  1025  1105 D APM::AudioPolicyEngine: getDevices ForStrategy() strategy 0, device 0x1 avadevice 0x1, 0x2, 0x10000, 0x100000 sfu [0]:0, [1]:0, [4]:11
06-22 11:23:40.120  1025  1105 D APM::AudioPolicyEngine: getDevices ForStrategy() strategy 0, device 0x1 avadevice 0x1, 0x2, 0x10000, 0x100000 sfu [0]:0, [1]:0, [4]:11
06-22 11:23:40.120  1025  1105 D APM_AudioPolicyManager: setOutputDevices caller setPhoneState[[portId:1][io:13, primary output]] prevDevice {AUDIO_DEVICE_OUT_SPEAKER, @:}
06-22 11:23:40.120  1025  1105 D APM::AudioPolicyEngine: getDevices ForStrategy() strategy 0, device 0x1 avadevice 0x1, 0x2, 0x10000, 0x100000 sfu [0]:0, [1]:0, [4]:11
06-22 11:23:40.121  1025  1105 D APM::AudioPolicyEngine: getDevices ForStrategy() strategy 0, device 0x1 avadevice 0x1, 0x2, 0x10000, 0x100000 sfu [0]:0, [1]:0, [4]:11
06-22 11:23:40.121  1025  1105 D APM::AudioPolicyEngine: getDevices ForStrategy() strategy 0, device 0x1 avadevice 0x1, 0x2, 0x10000, 0x100000 sfu [0]:0, [1]:0, [4]:11
06-22 11:23:40.121  1025  1105 D APM::AudioPolicyEngine: getDevices ForStrategy() strategy 0, device 0x1 avadevice 0x1, 0x2, 0x10000, 0x100000 sfu [0]:0, [1]:0, [4]:11
06-22 11:23:40.121  1025  1105 D APM::AudioPolicyEngine: getDevices ForStrategy() strategy 0, device 0x1 avadevice 0x1, 0x2, 0x10000, 0x100000 sfu [0]:0, [1]:0, [4]:11
06-22 11:23:40.121  1025  1105 D APM::AudioPolicyEngine: getDevices ForStrategy() strategy 0, device 0x1 avadevice 0x1, 0x2, 0x10000, 0x100000 sfu [0]:0, [1]:0, [4]:11
06-22 11:23:40.122  1025  1105 D APM::AudioPolicyEngine: getDevices ForStrategy() strategy 0, device 0x1 avadevice 0x1, 0x2, 0x10000, 0x100000 sfu [0]:0, [1]:0, [4]:11
06-22 11:23:40.122  1025  1105 D APM::AudioPolicyEngine: getDevices ForStrategy() strategy 0, device 0x1 avadevice 0x1, 0x2, 0x10000, 0x100000 sfu [0]:0, [1]:0, [4]:11
06-22 11:23:40.122  1025  1105 D APM::AudioPolicyEngine: getDevices ForStrategy() strategy 0, device 0x1 avadevice 0x1, 0x2, 0x10000, 0x100000 sfu [0]:0, [1]:0, [4]:11
06-22 11:23:40.123  1025  1105 D APM::AudioPolicyEngine: getDevices ForStrategy() strategy 0, device 0x1 avadevice 0x1, 0x2, 0x10000, 0x100000 sfu [0]:0, [1]:0, [4]:11
06-22 11:23:40.123  1025  1105 D APM::AudioPolicyEngine: getDevices ForStrategy() strategy 0, device 0x1 avadevice 0x1, 0x2, 0x10000, 0x100000 sfu [0]:0, [1]:0, [4]:11
06-22 11:23:40.123  1025  1105 D APM::AudioPolicyEngine: getDevices ForStrategy() strategy 0, device 0x1 avadevice 0x1, 0x2, 0x10000, 0x100000 sfu [0]:0, [1]:0, [4]:11
06-22 11:23:40.123  1025  1105 D APM_AudioPolicyManager: setOutputDevices caller setPhoneState[[portId:1][io:13, primary output]] changing device to {AUDIO_DEVICE_OUT_EARPIECE, @:}
06-22 11:23:40.123  1025  1105 D APM_AudioPolicyManager: [MTK_APM_Route]setOutputDevices mIoHandle 13 : changing device 0x2 to 0x1, delayMs = 0, force = 1, skipMuteDelay = 0, skipDelayMTK = 0, caller setPhoneState[[portId:1][io:13, primary output]]
06-22 11:23:40.123  1025  1105 V audio_utils::mutex: mutex_impl: audio_mutex initialized: ret:0  order:6
06-22 11:23:40.125  1025  1353 V audio_utils::mutex: mutex_impl: audio_mutex initialized: ret:0  order:21
06-22 11:23:40.126  1025  1419 D AudioFlinger_Threads: updateWakeLockUids_l AudioOut_D uids:
06-22 11:23:40.127  1025  1419 I AudioFlinger_Threads: mideviceType: 1
06-22 11:23:40.127  1025  1419 D EffectHalAidl: setDevices AUDIO_DEVICE_OUT_EARPIECE, @:
06-22 11:23:40.127   960  5204 I EffectMiSound: MiSound_updateState(), enable=0, hifi=0, device=0x0, headset=5, samplingRate=0
06-22 11:23:40.128   960  5204 I EffectMiSound: MiSound_updateState(), mode=0, music=0, movie=0, reset=1
06-22 11:23:40.128   960  5204 I EffectMiSound: MiSound_updateState(), unknown Device Type: 0!
06-22 11:23:40.128  1025  1419 D EffectHalAidl: setDevices AUDIO_DEVICE_OUT_EARPIECE, @:
06-22 11:23:40.128   960  1018 D AHAL_DlbDapEffectContext: setOutputDevice()
06-22 11:23:40.128   960  1018 D AHAL_DlbEffectContext: setOutputDevice(): device.size()=1
06-22 11:23:40.128   960  1018 D AHAL_DlbEffectContext: setOutputDevice(): active device=1
06-22 11:23:40.128   960  1018 D DlbDapCrossfadeProcess: deviceChanged()
06-22 11:23:40.128   960  1018 D DlbDapEndpointParamCache: setDevice(device=0x00000001)
06-22 11:23:40.128   960  1018 D DlbDapEndpointParamCache: setDevice() Applying parameters for new device 0x00000001
06-22 11:23:40.129   960  1018 D DlbDap2Process: setParam(dea = #1[4])
06-22 11:23:40.129  1025  1435 I AF::PthrPatchRecord: processMuteEvent(4607): processed mute state for port ID 5498 from 0 to 0x42
06-22 11:23:40.129  1025  1435 D BatteryNotifier: batteryHandler::send audio final volume update msg! 10307, 30727, 50393
06-22 11:23:40.129  1025  1304 D BatteryNotifier: BatteryNotifier::update finalvolume to power insight! 10307, 30727, 50393, finalvolume 0.000000
06-22 11:23:40.130   960  5204 D MTKAdapterStreamLayer: updateMetadataCommon(), 
06-22 11:23:40.130  1673  1740 E BatteryStatsService: note final volume change AudioToPower BatteryStatsservices 10307 30727 50393 0.0
06-22 11:23:40.130   960  5204 I AudioALSAStreamOut: updateSourceMetadata(), do nothing source_metadata = 0x778c682f78
06-22 11:23:40.130  1673  1740 E PowerInsightPolicy: sPowerInsightService null!
06-22 11:23:40.130   960  1018 D DlbDap2Process: setParam(iea = #1[6])
06-22 11:23:40.130   960  1018 D DlbDap2Process: setParam(dsa = #1[10])
06-22 11:23:40.130   960  1018 D DlbDap2Process: setParam(beb = #1[16])
06-22 11:23:40.130   960  1018 D DlbDap2Process: setParam(plb = #1[0])
06-22 11:23:40.130   960  1018 D DlbDap2Process: setParam(vmb = #1[56])
06-22 11:23:40.130   960  1018 D DlbDap2Process: setParam(dsb = #1[0])
06-22 11:23:40.130   960  1018 D DlbDap2Process: setParam(ded = #1[0])
06-22 11:23:40.130   960  1018 D DlbDap2Process: setParam(vbm = #1[3])
06-22 11:23:40.130   960  1018 D DlbDap2Process: Got DAP mix matrix (length=2) for processing mode 0
06-22 11:23:40.130   960  1018 D DlbDap2Process: Got DAP mix matrix (length=4) for processing mode 1
06-22 11:23:40.130   960  1018 D DlbDap2Process: Got DAP mix matrix (length=12) for processing mode 10
06-22 11:23:40.130   960  1018 D DlbDap2Process: Got DAP mix matrix (length=16) for processing mode 11
06-22 11:23:40.130   960  1018 D DlbDap2Process: Got DAP mix matrix (length=16) for processing mode 6
06-22 11:23:40.130   960  1018 D DlbDap2Process: updateOutputMode(): DAP output mode set to 10 with output channel mask 0x3 and mix matrix [16384, 0, 0, 16384, 11583, 11583, 8192, 8192, 16384, 0, 0, 16384]
06-22 11:23:40.130   960  1018 D DlbDap2Process: setParam(dom = #63[1, 0, 1, 0, 2, 16384, 16384, 1, 4, 16384, 0, 0, 16384, 10, 12, 16384, 0, 0, 16384, 11583, 11583, 8192, 8192, 16384, 0, 0, 16384, 11, 16, 16384, 0, 0, 16384, 11583, 11583, 8192, 8192, 16384, 0, 0, 16384, 16384, 0, 0, 16384, 6, 16, 16384, 0, 0, 16384, 11583, 11583, 8192, 8192, 16384, 0, 0, 16384, 16384, 0, 0, 16384])
06-22 11:23:40.131   960  1018 D DlbDap2Process: setParam(svm = #1[2])
06-22 11:23:40.131   960  1018 D DlbDap2Process: setParam(bew = #1[16])
06-22 11:23:40.131   960  1018 D DlbDap2Process: setParam(hpaa = #1[900])
06-22 11:23:40.131   960  1018 D DlbDap2Process: setParam(dvla = #1[0])
06-22 11:23:40.131   960  1018 D DlbDap2Process: setParam(dfsa = #1[10])
06-22 11:23:40.131   960  1018 D DlbDap2Process: setParam(dhsa = #1[10])
06-22 11:23:40.131   960  1018 D DlbDap2Process: setParam(arsa = #3[2, 193, 192])
06-22 11:23:40.131   960  1018 D DlbDap2Process: setParam(rssa = #14[2, 6, -460, -476, -480, -470, -454, -457, -460, -476, -464, -470, -454, -457])
06-22 11:23:40.131   960  1018 D DlbDap2Process: setParam(vbhb = #6[48, -224, -176, -320, -320, -320])
06-22 11:23:40.131   960  1018 D DlbDap2Process: setParam(avsb = #1[17])
06-22 11:23:40.131   960  1018 D DlbDap2Process: setParam(svsb = #1[13])
06-22 11:23:40.131   960  1018 D DlbDap2Process: setParam(dvlc = #1[0])
06-22 11:23:40.131   960  1018 D DlbDap2Process: setParam(dvmc = #1[0])
06-22 11:23:40.131   960  1018 D DlbDap2Process: setParam(svrc = #8[16, 32568, 11164, 5090, 1, 3, 0, 1])
06-22 11:23:40.131   960  1018 D DlbDap2Process: setParam(arod = #1[0])
06-22 11:23:40.132   960  1018 D DlbDap2Process: setParam(vssd = #1[4])
06-22 11:23:40.132   960  1018 D DlbDap2Process: setParam(mvbe = #1[0])
06-22 11:23:40.132   960  1018 D DlbDap2Process: setParam(bmde = #1[1])
06-22 11:23:40.132   960  1018 D DlbDap2Process: setParam(arde = #1[1])
06-22 11:23:40.132   960  1018 D DlbDap2Process: setParam(mdee = #1[1])
06-22 11:23:40.132   960  1018 D DlbDap2Process: setParam(dvle = #1[1])
06-22 11:23:40.132   960  1018 D DlbDap2Process: setParam(rsse = #1[1])
06-22 11:23:40.132   960  1018 D DlbDap2Process: setParam(becf = #1[203])
06-22 11:23:40.132   960  1018 D DlbDap2Process: setParam(vbmf = #2[94, 469])
06-22 11:23:40.132   960  1018 D DlbDap2Process: setParam(vbsf = #2[35, 160])
06-22 11:23:40.132   960  1018 D DlbDap2Process: setParam(vbbg = #1[-20])
06-22 11:23:40.132   960  1018 D DlbDap2Process: setParam(vbhg = #3[-32, -144, -192])
06-22 11:23:40.132   960  1018 D DlbDap2Process: setParam(vbog = #1[0])
06-22 11:23:40.132   960  1018 D DlbDap2Process: setParam(vbrg = #1[-12])
06-22 11:23:40.132   960  1018 D DlbDap2Process: setParam(vbsg = #1[0])
06-22 11:23:40.132   960  1018 D DlbDap2Process: setParam(dvli = #1[-256])
06-22 11:23:40.132   960  1018 D DlbDap2Process: setParam(dhfm = #1[1])
06-22 11:23:40.132   960  1018 D DlbDap2Process: setParam(vbhm = #4[-56, 64, 64, 64])
06-22 11:23:40.132   960  1018 D DlbDap2Process: setParam(beon = #1[0])
06-22 11:23:40.132   960  1018 D DlbDap2Process: setParam(ceon = #1[1])
06-22 11:23:40.133   960  1018 D DlbDap2Process: setParam(deon = #1[1])
06-22 11:23:40.133   960  1018 D DlbDap2Process: setParam(geon = #1[1])
06-22 11:23:40.133   960  1018 D DlbDap2Process: setParam(ieon = #1[0])
06-22 11:23:40.133   960  1018 D DlbDap2Process: setParam(ngon = #1[1])
06-22 11:23:40.133   960  1018 D DlbDap2Process: setParam(aoon = #1[1])
06-22 11:23:40.133   960  1018 D DlbDap2Process: setParam(hpon = #1[0])
06-22 11:23:40.133 30727  2209 I AAudio  : AAudioStreamBuilder_openStream() called ----------------------------------------
06-22 11:23:40.133 30727  2209 I AudioStreamBuilder: rate   =  22050, channels  = 1, channelMask = 0x1, format   = 5, sharing = SH, dir = OUTPUT
06-22 11:23:40.133 30727  2209 I AudioStreamBuilder: device = AUDIO_PORT_HANDLE_NONE, sessionId = -1, perfMode = 11, callback: ON with frames = 512, error callback: ON
06-22 11:23:40.133 30727  2209 I AudioStreamBuilder: usage  =      1, contentType = 0, inputPreset = 0, allowedCapturePolicy = 0
06-22 11:23:40.133 30727  2209 I AudioStreamBuilder: privacy sensitive = false, opPackageName = (null), attributionTag = (null)
06-22 11:23:40.133 30727  2209 D AudioStreamBuilder: build() uid=10307 clientName=com.dibay.app
06-22 11:23:40.133   960  1018 D DlbDap2Process: setParam(aron = #1[1])
06-22 11:23:40.133 30727  2209 D AudioStreamBuilder: build, global mmap policy is 0
06-22 11:23:40.133   960  1018 D DlbDap2Process: setParam(dvlo = #1[-256])
06-22 11:23:40.133   960  1018 D DlbDap2Process: setParam(dplp = #1[241])
06-22 11:23:40.133   960  1018 D DlbDap2Process: setParam(artp = #1[12])
06-22 11:23:40.134   960  1018 D DlbDap2Process: setParam(hpar = #1[1600])
06-22 11:23:40.134   960  1018 D DlbDap2Process: setParam(aobs = #62[20, 2, 47, 141, 234, 328, 469, 656, 844, 1031, 1313, 1688, 2250, 3000, 3750, 4688, 5813, 7125, 9000, 11250, 13875, 19688, 0, 0, 16, 18, 0, -38, -32, -30, -6, 16, -8, -34, -53, -140, -71, -34, -22, -30, -16, -32, 0, 0, 16, 18, 0, -38, -32, -30, -6, 16, -14, -10, -49, -106, -71, -18, 11, 3, 16, 0])
06-22 11:23:40.134   960  1018 D DlbDap2Process: setParam(arbs = #81[20, 47, 141, 234, 328, 469, 656, 844, 1031, 1313, 1688, 2250, 3000, 3750, 4688, 5813, 7125, 9000, 11250, 13875, 19688, -1152, -192, -192, -192, -343, -343, -339, -340, -408, -316, -192, -192, -288, -299, -302, -240, -192, -192, -192, -192, -960, 0, 0, 0, -151, -151, -147, -148, -216, -124, 0, 0, -96, -107, -110, -48, 0, 0, 0, 0, 1, 1, 1, 1, 1, 1, 1, 1, 1, 1, 1, 1, 1, 1, 1, 1, 0, 0, 0, 0])
06-22 11:23:40.134   960  1018 D DlbDap2Process: setParam(ards = #1[16])
06-22 11:23:40.134   960  1018 D DlbDap2Process: setParam(hpat = #1[-256])
06-22 11:23:40.134   960  1018 D DlbDap2Process: setParam(vbct = #7[1, 101, -176, 64, 32, 50, 50])
06-22 11:23:40.134   960  1018 D DlbDap2Process: setParam(bmdt = #80[0, -1600, 0, -1120, -400, -240, 0, 5, 10, 0, 1, -1600, 0, -1120, -144, 0, -48, 50, 50, 48, 1, -1600, 0, -1120, -112, 0, -48, 50, 50, 48, 1, -1600, 0, -1120, -144, 0, -48, 50, 50, 48, 1, -1600, 0, -1120, -224, 0, -32, 50, 50, 16, 1, -1600, 0, -1120, -176, -160, 0, 50, 50, 0, 1, -1600, 0, -1120, -400, 0, 0, 5, 10, 0, 1, -1600, 0, -1120, -400, -240, 0, 5, 10, 0])
06-22 11:23:40.134   960  1018 D DlbDap2Process: Effect dumpParams(ceqt = #312[2, 155, 0, 32767, 0, 32767, 0, 32767, 0, 32767, 0, 32767, 0, 32767, 0, 32767, 0, 32767, 0, 32767, 0, 32767, 0, 32767, 0, 32767, 0, 32767, 0, 32767, 0, 32767, 0, 32767, 0, 32767, 0, 32767, 0, 32767, 0, 32767, 0, 32767, 0, 32767, 0, 32767, 0, 32767, 0, 32767, 0, 32767, 0, 32767, 0, 13106, 0, 32767, 0, 32767, 0, 32767, 0, 32767, 0, 32767, 0, 32767, 0, 32767, 0, 32767, 0, 32767, 0, 32767, 0, 32767,
06-22 11:23:40.134   960  1018 D DlbDap2Process:   ceqt continue:     0, 32767, 0, 32767, 0, 32767, 0, 32767, 0, 32767, 0, 32767, 0, 32767, 0, 32767, 0, 32767, 0, 32767, 0, 32767, 0, 32767, 0, 32767, 0, 32767, 0, 32767, 0, 32767, 0, 32767, 0, 32767, 0, 32767, 0, 32767, 0, 32767, 0, 32767, 0, 32767, 0, 32767, 0, 32767, 0, 32767, 0, 32767, 0, 32767, 0, 32767, 0, 32767, 0, 32767, 0, 32767, 0, 32767, 0, 32767, 0, 32767, 0, 32767, 0, 32767, 0, 32767, 0, 0, 32767, 0,
06-22 11:23:40.134   960  1018 D DlbDap2Process:   ceqt continue:     32767, 0, 32767, 0, 32767, 0, 32767, 0, 32767, 0, 32767, 0, 32767, 0, 32767, 0, 32767, 0, 32767, 0, 32767, 0, 32767, 0, 32767, 0, 32767, 0, 32767, 0, 32767, 0, 32767, 0, 32767, 0, 32767, 0, 32767, 0, 32767, 0, 32767, 0, 32767, 0, 32767, 0, 32767, 0, 32767, 0, 13106, 0, 32767, 0, 32767, 0, 32767, 0, 32767, 0, 32767, 0, 32767, 0, 32767, 0, 32767, 0, 32767, 0, 32767, 0, 32767, 0, 32767, 0, 32767, 0,
06-22 11:23:40.135   960  1018 D DlbDap2Process:   ceqt continue:     32767, 0, 32767, 0, 32767, 0, 32767, 0, 32767, 0, 32767, 0, 32767, 0, 32767, 0, 32767, 0, 32767, 0, 32767, 0, 32767, 0, 32767, 0, 32767, 0, 32767, 0, 32767, 0, 32767, 0, 32767, 0, 32767, 0, 32767, 0, 32767, 0, 32767, 0, 32767, 0, 32767, 0, 32767, 0, 32767, 0, 32767, 0, 32767, 0, 32767, 0, 32767, 0, 32767, 0, 32767, 0, 32767, 0, 32767, 0, 32767, 0, 32767, 0])
06-22 11:23:40.135   960  1018 D DlbDap2Process: setParam(hptw = #1[6])
06-22 11:23:40.135   960  1018 D DlbDap2Process: setParam(vbmx = #2[50, 1000])
06-22 11:23:40.135   960  1018 D DlbDapEndpointParamCache: doCommit() Committed 66 parameters out of 66.
06-22 11:23:40.138   960  1018 D AHAL_DlbDapEffectContext: updateInputFormat() mIsDecContentProcEnabled: 1, channels: 0x3, mCurrentDevice: 0x2, mAudioFlags: 0x200
06-22 11:23:40.138   960  1018 D DlbDap2Process: setHTParam: mIsBinauralInput: 0
06-22 11:23:40.138   960  1018 D DlbDap2Process: DAP input format is 0x22 with input channel mask 0x3
06-22 11:23:40.139  1025  1419 D DeviceHalAidl: [default] createAudioPatch: sources: 1 sinks 1
06-22 11:23:40.141  1025  1419 D Hal2AidlMapper: [default] createOrUpdatePatch: patch ID: 1, [disregard IDs] sources: [AudioPortConfig{id: 1, portId: 0, sampleRate: Int{value: 48000}, channelMask: AudioChannelLayout{layoutMask: 3}, format: AudioFormatDescription{type: PCM, pcm: INT_32_BIT, encoding: }, gain: (null), flags: AudioIoFlags{output: 10}, ext: AudioPortExt{mix: AudioPortMixExt{handle: 13, usecase: AudioPortMixExtUseCase{stream: SYS_RESERVED_DEFAULT}, maxOpenStreamCount: 0, maxActiveStreamCount: 0, recommendedMuteDurationMs: 0}}}], sinks: [AudioPortConfig{id: 2, portId: 0, sampleRate: (null), channelMask: (null), format: (null), gain: (null), flags: (null), ext: AudioPortExt{device: AudioPortDeviceExt{device: AudioDevice{type: AudioDeviceDescription{type: OUT_SPEAKER_EARPIECE, connection: }, address: AudioDeviceAddress{id: }}, flags: 0, encodedFormats: [], encapsulationModes: 0, encapsulationMetadataTypes: 0, speakerLayout: (null)}}}]
06-22 11:23:40.141   985  6477 D DolbyManagerService: setActiveDevice called with device = 0x2 (original 0x2)
06-22 11:23:40.141  1025  1419 D Hal2AidlMapper: [default] findOrCreatePortConfig: device port config does not have audio or gain config specified
06-22 11:23:40.145   960  1018 D AHAL_Module: setAudioPatch: default: requested patch AudioPatch{id: 1, sourcePortConfigIds: [37], sinkPortConfigIds: [1905], minimumStreamBufferSizeFrames: 1024, latenciesMs: [85]}
06-22 11:23:40.149   960  1018 D AudioALSAStreamManager: calculateOutLatencyAndFrames(), flags 0xa, latency 85, frame count 1024
06-22 11:23:40.149   960  1018 D MTKAdapterLayer: setAudioPatch(), patch.mLatency: 85 patch.mFrameCount: 1024
06-22 11:23:40.149   960  1018 D AudioALSAHardware: +createAudioPatch() num_sources [1] , num_sinks [1], handle [0x0], current mAudioHalPatchVector size 4
06-22 11:23:40.149   960  1018 D AudioALSAStreamManager: +setParameters(), IOport = 13, keyValuePairs = routing=1
06-22 11:23:40.149   960  1018 D AudioALSAStreamManager: setParameters(), Send to mStreamOutVector[0], flag 10
06-22 11:23:40.149   960  1018 D AudioALSAStreamOut: value_str = 1 devices count = 1
06-22 11:23:40.149   960  1018 D AudioALSAStreamOut: updatePolicyDevice(), flag: 0xa, device: 0x1
06-22 11:23:40.149   960  1018 D AudioALSAStreamManager: +routingOutputDevice(), flag: 0xa, normal routing, output_devices: 0x2 => 0x1
06-22 11:23:40.149   960  1018 D AudioALSAStreamManager: -routingOutputDevice(), flag: 0xa, stream out not active, route itself and return
06-22 11:23:40.149   960  1018 D AudioALSAStreamOut: +routing(), route output device from 0x2 to 0x1, flag 0xa
06-22 11:23:40.151   960  1018 D AudioALSAHardware: -createAudioPatch() num_sources [1] , num_sinks [1], handle [0x2883]
06-22 11:23:40.151   960  1018 I AHAL_Stream: setConnectedDevices: Device type OUT_SPEAKER_EARPIECE
06-22 11:23:40.151   960  1018 D AHAL_Module: setAudioPatch: default: updated patch AudioPatch{id: 1, sourcePortConfigIds: [37], sinkPortConfigIds: [1905], minimumStreamBufferSizeFrames: 1024, latenciesMs: [85]}
06-22 11:23:40.153  1025  1419 V audio_utils::mutex: mutex_impl: audio_mutex initialized: ret:0  order:21
06-22 11:23:40.154   960  1018 D AHAL_Stream: getRecommendedLatencyModes
06-22 11:23:40.157   960  1018 D MTKAdapterStreamLayer: updateMetadataCommon(), 
06-22 11:23:40.157   960  1018 I AudioALSAStreamOut: updateSourceMetadata(), do nothing source_metadata = 0x77c7c2ff78
06-22 11:23:40.160  1025  1105 D APM_AudioPolicyManager: setOutputDevices() AF::createAudioPatch returned 0 patchHandle 79508 num_sources 1 num_sinks 1
06-22 11:23:40.160  1025  1105 V audio_utils::mutex: mutex_impl: audio_mutex initialized: ret:0  order:6
06-22 11:23:40.161  1025  1105 W APM::AudioPolicyEngine::ProductStrategy: getVolumeGroupForStreamType: no volume group for AUDIO_STREAM_DEFAULT, using default
06-22 11:23:40.162  1025  1105 E APM_AudioPolicyManager: checkAndSetVolume invalid volume index range in the curve:
06-22 11:23:40.162  1025  1105 E APM_AudioPolicyManager:   Can be muted  Index Min  Index Max  Index Cur [device : index]...
06-22 11:23:40.162  1025  1105 E APM_AudioPolicyManager:   true          -1         -1         40000000 : 00, 
06-22 11:23:40.162  1025  1105 V audio_utils::mutex: mutex_impl: audio_mutex initialized: ret:0  order:6
06-22 11:23:40.162  1025  1353 D AudioSystem: +setParameters(): volumeDevice=1;volumeIndex=11;volumeStreamType=0 
06-22 11:23:40.163  1025  1353 D AudioFlinger: +thread->setParameters(): io = 13, volumeDevice=1;volumeIndex=11;volumeStreamType=0
06-22 11:23:40.163  1025  1353 V audio_utils::mutex: mutex_impl: audio_mutex initialized: ret:0  order:21
06-22 11:23:40.163  1025  1419 D StreamHalAidl: [out|ioHandle:13] setParameters: parameters: "volumeDevice=1;volumeIndex=11;volumeStreamType=0"
06-22 11:23:40.163  1025  1419 D StreamHalAidl: [out|ioHandle:13] setParameters: parameters: volumeDevice=1;volumeIndex=11;volumeStreamType=0
06-22 11:23:40.163  1040  1040 D Audio_ParameterParser: parseVendorParameters: scope: STREAM, keys/values: volumeDevice=1;volumeIndex=11;volumeStreamType=0
06-22 11:23:40.164   960  1018 D AudioALSAStreamOut: +setParameters(): flag 10
06-22 11:23:40.164   960  1018 D AudioALSAStreamManager: setVolumeIndex() stream= 0, device= 0x1, index= b
06-22 11:23:40.164   960  1018 D SpeechDriverNormal: setMDVolumeIndex(), stream: 0, device: 0x1, index: 11, sph off, return
06-22 11:23:40.164   960  1018 D AudioMTKGainController: setNormalVolume(), mSceneIndex = 0, stream 0, devices 0x1, index 11, mode 0x3, gainDevice 0x0
06-22 11:23:40.164  1025  1353 D AudioFlinger: -thread->setParameters(): io = 13, volumeDevice=1;volumeIndex=11;volumeStreamType=0
06-22 11:23:40.165  1025  1105 W APM::AudioPolicyEngine::ProductStrategy: getVolumeGroupForStreamType: no volume group for AUDIO_STREAM_DEFAULT, using default
06-22 11:23:40.166  1025  1105 D APM::AudioPolicyEngine: getDevices ForStrategy() strategy 0, device 0x1 avadevice 0x1, 0x2, 0x10000, 0x100000 sfu [0]:0, [1]:0, [4]:11
06-22 11:23:40.166  1025  1105 D APM_AudioPolicyManager: setOutputDevices caller setPhoneState[[portId:1][io:13, primary output]] prevDevice {AUDIO_DEVICE_OUT_EARPIECE, @:}
06-22 11:23:40.166  1025  1105 D APM::AudioPolicyEngine: getDevices ForStrategy() strategy 0, device 0x1 avadevice 0x1, 0x2, 0x10000, 0x100000 sfu [0]:0, [1]:0, [4]:11
06-22 11:23:40.166  1025  1105 D APM::AudioPolicyEngine: getDevices ForStrategy() strategy 0, device 0x1 avadevice 0x1, 0x2, 0x10000, 0x100000 sfu [0]:0, [1]:0, [4]:11
06-22 11:23:40.167  1025  1105 D APM::AudioPolicyEngine: getDevices ForStrategy() strategy 0, device 0x1 avadevice 0x1, 0x2, 0x10000, 0x100000 sfu [0]:0, [1]:0, [4]:11
06-22 11:23:40.167  1025  1105 D APM::AudioPolicyEngine: getDevices ForStrategy() strategy 0, device 0x1 avadevice 0x1, 0x2, 0x10000, 0x100000 sfu [0]:0, [1]:0, [4]:11
06-22 11:23:40.168  1025  1105 D APM::AudioPolicyEngine: getDevices ForStrategy() strategy 0, device 0x1 avadevice 0x1, 0x2, 0x10000, 0x100000 sfu [0]:0, [1]:0, [4]:11
06-22 11:23:40.168  1025  1105 D APM::AudioPolicyEngine: getDevices ForStrategy() strategy 0, device 0x1 avadevice 0x1, 0x2, 0x10000, 0x100000 sfu [0]:0, [1]:0, [4]:11
06-22 11:23:40.169  1025  1105 D APM::AudioPolicyEngine: getDevices ForStrategy() strategy 0, device 0x1 avadevice 0x1, 0x2, 0x10000, 0x100000 sfu [0]:0, [1]:0, [4]:11
06-22 11:23:40.169  1025  1105 D APM::AudioPolicyEngine: getDevices ForStrategy() strategy 0, device 0x1 avadevice 0x1, 0x2, 0x10000, 0x100000 sfu [0]:0, [1]:0, [4]:11
06-22 11:23:40.170  1025  1105 D APM::AudioPolicyEngine: getDevices ForStrategy() strategy 0, device 0x1 avadevice 0x1, 0x2, 0x10000, 0x100000 sfu [0]:0, [1]:0, [4]:11
06-22 11:23:40.170  1025  1105 D APM::AudioPolicyEngine: getDevices ForStrategy() strategy 0, device 0x1 avadevice 0x1, 0x2, 0x10000, 0x100000 sfu [0]:0, [1]:0, [4]:11
06-22 11:23:40.170  1025  1105 D APM::AudioPolicyEngine: getDevices ForStrategy() strategy 0, device 0x1 avadevice 0x1, 0x2, 0x10000, 0x100000 sfu [0]:0, [1]:0, [4]:11
06-22 11:23:40.170  1025  1105 D APM::AudioPolicyEngine: getDevices ForStrategy() strategy 0, device 0x1 avadevice 0x1, 0x2, 0x10000, 0x100000 sfu [0]:0, [1]:0, [4]:11
06-22 11:23:40.171  1025  1105 D APM_AudioPolicyManager: setOutputDevices caller setPhoneState[[portId:1][io:13, primary output]] changing device to {AUDIO_DEVICE_OUT_EARPIECE, @:}
06-22 11:23:40.171  1025  1105 D APM_AudioPolicyManager: [MTK_APM_Route]setOutputDevices mIoHandle 13 : changing device 0x1 to 0x1, delayMs = 0, force = 1, skipMuteDelay = 0, skipDelayMTK = 0, caller setPhoneState[[portId:1][io:13, primary output]]
06-22 11:23:40.171  1025  1105 V audio_utils::mutex: mutex_impl: audio_mutex initialized: ret:0  order:6
06-22 11:23:40.171  1025  1353 V audio_utils::mutex: mutex_impl: audio_mutex initialized: ret:0  order:21
06-22 11:23:40.171  1025  1419 I AudioFlinger_Threads: mideviceType: 1
06-22 11:23:40.171   970  1496 I hwcomposer: [HWC] (0)fire a callback of refresh to SF[4]  
06-22 11:23:40.171  1025  1419 D EffectHalAidl: setDevices AUDIO_DEVICE_OUT_EARPIECE, @:
06-22 11:23:40.171   960  1018 I EffectMiSound: MiSound_updateState(), enable=0, hifi=0, device=0x0, headset=5, samplingRate=0
06-22 11:23:40.171   960  1018 I EffectMiSound: MiSound_updateState(), mode=0, music=0, movie=0, reset=1
06-22 11:23:40.171   960  1018 I EffectMiSound: MiSound_updateState(), unknown Device Type: 0!
06-22 11:23:40.172  1025  1419 D EffectHalAidl: setDevices AUDIO_DEVICE_OUT_EARPIECE, @:
06-22 11:23:40.172   960  5204 D AHAL_DlbDapEffectContext: setOutputDevice()
06-22 11:23:40.172   960  5204 D AHAL_DlbEffectContext: setOutputDevice(): device.size()=1
06-22 11:23:40.172   960  5204 D AHAL_DlbEffectContext: setOutputDevice(): active device=1
06-22 11:23:40.172   960  5204 D DlbDapEndpointParamCache: setDevice(device=0x00000001)
06-22 11:23:40.172   960  5204 D AHAL_DlbDapEffectContext: updateInputFormat() mIsDecContentProcEnabled: 1, channels: 0x3, mCurrentDevice: 0x2, mAudioFlags: 0x200
06-22 11:23:40.172   985  6477 D DolbyManagerService: setActiveDevice called with device = 0x2 (original 0x2)
06-22 11:23:40.172   960  5204 D DlbDap2Process: setHTParam: mIsBinauralInput: 0
06-22 11:23:40.172   960  5204 D DlbDap2Process: DAP input format is 0x22 with input channel mask 0x3
06-22 11:23:40.172  1025  1419 D DeviceHalAidl: [default] createAudioPatch: sources: 1 sinks 1
06-22 11:23:40.173  1025  1419 D Hal2AidlMapper: [default] createOrUpdatePatch: patch ID: 1, [disregard IDs] sources: [AudioPortConfig{id: 1, portId: 0, sampleRate: Int{value: 48000}, channelMask: AudioChannelLayout{layoutMask: 3}, format: AudioFormatDescription{type: PCM, pcm: INT_32_BIT, encoding: }, gain: (null), flags: AudioIoFlags{output: 10}, ext: AudioPortExt{mix: AudioPortMixExt{handle: 13, usecase: AudioPortMixExtUseCase{stream: SYS_RESERVED_DEFAULT}, maxOpenStreamCount: 0, maxActiveStreamCount: 0, recommendedMuteDurationMs: 0}}}], sinks: [AudioPortConfig{id: 2, portId: 0, sampleRate: (null), channelMask: (null), format: (null), gain: (null), flags: (null), ext: AudioPortExt{device: AudioPortDeviceExt{device: AudioDevice{type: AudioDeviceDescription{type: OUT_SPEAKER_EARPIECE, connection: }, address: AudioDeviceAddress{id: }}, flags: 0, encodedFormats: [], encapsulationModes: 0, encapsulationMetadataTypes: 0, speakerLayout: (null)}}}]
06-22 11:23:40.173  1025  1419 D Hal2AidlMapper: [default] findOrCreatePortConfig: device port config does not have audio or gain config specified
06-22 11:23:40.173   960  1018 D AHAL_Module: setAudioPatch: default: requested patch AudioPatch{id: 1, sourcePortConfigIds: [37], sinkPortConfigIds: [1905], minimumStreamBufferSizeFrames: 1024, latenciesMs: [85]}
06-22 11:23:40.173   960  1018 D AudioALSAStreamManager: calculateOutLatencyAndFrames(), flags 0xa, latency 85, frame count 1024
06-22 11:23:40.173   960  1018 D MTKAdapterLayer: setAudioPatch(), patch.mLatency: 85 patch.mFrameCount: 1024
06-22 11:23:40.173   960  1018 D AudioALSAHardware: +createAudioPatch() num_sources [1] , num_sinks [1], handle [0x0], current mAudioHalPatchVector size 4
06-22 11:23:40.173   960  1018 D AudioALSAStreamManager: +setParameters(), IOport = 13, keyValuePairs = routing=1
06-22 11:23:40.173   960  1018 D AudioALSAStreamManager: setParameters(), Send to mStreamOutVector[0], flag 10
06-22 11:23:40.173   960  1018 D AudioALSAStreamOut: value_str = 1 devices count = 1
06-22 11:23:40.173   960  1018 D AudioALSAStreamOut: updatePolicyDevice(), flag: 0xa, device: 0x1
06-22 11:23:40.173   960  1018 W AudioALSAStreamManager: routingOutputDevice(), flag: 0xa, output_devices == current_output_devices(0x1), return
06-22 11:23:40.173   960  1018 D AudioALSAHardware: -createAudioPatch() num_sources [1] , num_sinks [1], handle [0x2884]
06-22 11:23:40.173   960  1018 D AHAL_Module: setAudioPatch: default: updated patch AudioPatch{id: 1, sourcePortConfigIds: [37], sinkPortConfigIds: [1905], minimumStreamBufferSizeFrames: 1024, latenciesMs: [85]}
06-22 11:23:40.174   960  5204 D AHAL_Stream: getRecommendedLatencyModes
06-22 11:23:40.174   960  5204 D MTKAdapterStreamLayer: updateMetadataCommon(), 
06-22 11:23:40.174   960  5204 I AudioALSAStreamOut: updateSourceMetadata(), do nothing source_metadata = 0x778c682f78
06-22 11:23:40.175  1025  1105 D APM_AudioPolicyManager: setOutputDevices() AF::createAudioPatch returned 0 patchHandle 79516 num_sources 1 num_sinks 1
06-22 11:23:40.175  1025  1105 V audio_utils::mutex: mutex_impl: audio_mutex initialized: ret:0  order:6
06-22 11:23:40.176  1025  1105 W APM::AudioPolicyEngine::ProductStrategy: getVolumeGroupForStreamType: no volume group for AUDIO_STREAM_DEFAULT, using default
06-22 11:23:40.176  1045  1045 E HwcComposer: presentOrValidateDisplay 0 presentFence:-1
06-22 11:23:40.176  1025  1105 E APM_AudioPolicyManager: checkAndSetVolume invalid volume index range in the curve:
06-22 11:23:40.176  1025  1105 E APM_AudioPolicyManager:   Can be muted  Index Min  Index Max  Index Cur [device : index]...
06-22 11:23:40.176  1025  1105 E APM_AudioPolicyManager:   true          -1         -1         40000000 : 00, 
06-22 11:23:40.177  1025  1105 W APM::AudioPolicyEngine::ProductStrategy: getVolumeGroupForStreamType: no volume group for AUDIO_STREAM_DEFAULT, using default
06-22 11:23:40.177  1025  1105 D APM::AudioPolicyEngine: getDevices ForStrategy() strategy 0, device 0x1 avadevice 0x1, 0x2, 0x10000, 0x100000 sfu [0]:0, [1]:0, [4]:11
06-22 11:23:40.177  1025  1105 D APM_AudioPolicyManager: setOutputDevices caller setPhoneState[[portId:6][io:21, fast]] prevDevice {AUDIO_DEVICE_OUT_SPEAKER, @:}
06-22 11:23:40.177  1025  1105 D APM::AudioPolicyEngine: getDevices ForStrategy() strategy 0, device 0x1 avadevice 0x1, 0x2, 0x10000, 0x100000 sfu [0]:0, [1]:0, [4]:11
06-22 11:23:40.178  1025  1105 D APM::AudioPolicyEngine: getDevices ForStrategy() strategy 0, device 0x1 avadevice 0x1, 0x2, 0x10000, 0x100000 sfu [0]:0, [1]:0, [4]:11
06-22 11:23:40.178  1025  1105 D APM::AudioPolicyEngine: getDevices ForStrategy() strategy 0, device 0x1 avadevice 0x1, 0x2, 0x10000, 0x100000 sfu [0]:0, [1]:0, [4]:11
06-22 11:23:40.178  1025  1105 D APM::AudioPolicyEngine: getDevices ForStrategy() strategy 0, device 0x1 avadevice 0x1, 0x2, 0x10000, 0x100000 sfu [0]:0, [1]:0, [4]:11
06-22 11:23:40.178  1025  1105 D APM::AudioPolicyEngine: getDevices ForStrategy() strategy 0, device 0x1 avadevice 0x1, 0x2, 0x10000, 0x100000 sfu [0]:0, [1]:0, [4]:11
06-22 11:23:40.178  1025  1105 D APM::AudioPolicyEngine: getDevices ForStrategy() strategy 0, device 0x1 avadevice 0x1, 0x2, 0x10000, 0x100000 sfu [0]:0, [1]:0, [4]:11
06-22 11:23:40.179  1025  1105 V audio_utils::mutex: mutex_impl: audio_mutex initialized: ret:0  order:6
06-22 11:23:40.179  1025  1105 V audio_utils::mutex: mutex_impl: audio_mutex initialized: ret:0  order:6
06-22 11:23:40.179  1025  1105 D APM::AudioPolicyEngine: getDevices ForStrategy() strategy 0, device 0x1 avadevice 0x1, 0x2, 0x10000, 0x100000 sfu [0]:0, [1]:0, [4]:11
06-22 11:23:40.180  1025  1105 D APM::AudioPolicyEngine: getDevices ForStrategy() strategy 0, device 0x1 avadevice 0x1, 0x2, 0x10000, 0x100000 sfu [0]:0, [1]:0, [4]:11
06-22 11:23:40.180  1025  1105 D APM::AudioPolicyEngine: getDevices ForStrategy() strategy 0, device 0x1 avadevice 0x1, 0x2, 0x10000, 0x100000 sfu [0]:0, [1]:0, [4]:11
06-22 11:23:40.180  1025  1105 D APM::AudioPolicyEngine: getDevices ForStrategy() strategy 0, device 0x1 avadevice 0x1, 0x2, 0x10000, 0x100000 sfu [0]:0, [1]:0, [4]:11
06-22 11:23:40.180  1025  1105 D APM::AudioPolicyEngine: getDevices ForStrategy() strategy 0, device 0x1 avadevice 0x1, 0x2, 0x10000, 0x100000 sfu [0]:0, [1]:0, [4]:11
06-22 11:23:40.180  1025  1105 D APM::AudioPolicyEngine: getDevices ForStrategy() strategy 0, device 0x1 avadevice 0x1, 0x2, 0x10000, 0x100000 sfu [0]:0, [1]:0, [4]:11
06-22 11:23:40.182  1045  1045 I MI-SF   : surfaceflinger setAffinity mode=1
06-22 11:23:40.182  1045  1045 E MI-SF   : surfaceflinger setAffinity success
06-22 11:23:40.182  1045  1045 I MI-SF   : surfaceflinger setreAffinity reTid=1232
06-22 11:23:40.182  1045  1045 E MI-SF   : surfaceflinger setAffinity success
06-22 11:23:40.182  1045  1537 W libc    : Access denied finding property "ro.vendor.display.max_hdr_luminance"
06-22 11:23:40.213  3264  3364 D JavaheapMonitor: Java heap used=3M max=256M, proc: com.android.chrome
06-22 11:23:40.213  3264  3364 V JavaheapMonitor: Check java heap usage finished! Next check delay: 300000
06-22 11:23:40.265  1025  1105 D APM_AudioPolicyManager: setOutputDevices caller setPhoneState[[portId:6][io:21, fast]] changing device to {AUDIO_DEVICE_OUT_EARPIECE, @:}
06-22 11:23:40.265  1025  1105 D APM_AudioPolicyManager: [MTK_APM_Route]setOutputDevices mIoHandle 21 : changing device 0x2 to 0x1, delayMs = 0, force = 1, skipMuteDelay = 0, skipDelayMTK = 0, caller setPhoneState[[portId:6][io:21, fast]]
06-22 11:23:40.265  1025  1105 V audio_utils::mutex: mutex_impl: audio_mutex initialized: ret:0  order:6
06-22 11:23:40.266  1025  1353 V audio_utils::mutex: mutex_impl: audio_mutex initialized: ret:0  order:21
06-22 11:23:40.272  1025  1435 I AudioFlinger_Threads: mideviceType: 1
06-22 11:23:40.272  1025  1435 D EffectHalAidl: setDevices AUDIO_DEVICE_OUT_EARPIECE, @:
06-22 11:23:40.273  1025  1435 D DeviceHalAidl: [default] createAudioPatch: sources: 1 sinks 1
06-22 11:23:40.273  1025  1435 D Hal2AidlMapper: [default] createOrUpdatePatch: patch ID: 2, [disregard IDs] sources: [AudioPortConfig{id: 6, portId: 0, sampleRate: Int{value: 48000}, channelMask: AudioChannelLayout{layoutMask: 3}, format: AudioFormatDescription{type: PCM, pcm: INT_32_BIT, encoding: }, gain: (null), flags: AudioIoFlags{output: 4}, ext: AudioPortExt{mix: AudioPortMixExt{handle: 21, usecase: AudioPortMixExtUseCase{stream: SYS_RESERVED_DEFAULT}, maxOpenStreamCount: 0, maxActiveStreamCount: 0, recommendedMuteDurationMs: 0}}}], sinks: [AudioPortConfig{id: 2, portId: 0, sampleRate: (null), channelMask: (null), format: (null), gain: (null), flags: (null), ext: AudioPortExt{device: AudioPortDeviceExt{device: AudioDevice{type: AudioDeviceDescription{type: OUT_SPEAKER_EARPIECE, connection: }, address: AudioDeviceAddress{id: }}, flags: 0, encodedFormats: [], encapsulationModes: 0, encapsulationMetadataTypes: 0, speakerLayout: (null)}}}]
06-22 11:23:40.273  1025  1435 D Hal2AidlMapper: [default] findOrCreatePortConfig: device port config does not have audio or gain config specified
06-22 11:23:40.274   960  5204 D AHAL_Module: setAudioPatch: default: requested patch AudioPatch{id: 2, sourcePortConfigIds: [38], sinkPortConfigIds: [1905], minimumStreamBufferSizeFrames: 256, latenciesMs: [10]}
06-22 11:23:40.274   960  5204 D AudioALSAStreamManager: calculateOutLatencyAndFrames(), flags 0x4, latency 10, frame count 256
06-22 11:23:40.274   960  5204 D MTKAdapterLayer: setAudioPatch(), patch.mLatency: 10 patch.mFrameCount: 256
06-22 11:23:40.274   960  5204 D AudioALSAHardware: +createAudioPatch() num_sources [1] , num_sinks [1], handle [0x0], current mAudioHalPatchVector size 4
06-22 11:23:40.274   960  5204 D AudioALSAStreamManager: +setParameters(), IOport = 21, keyValuePairs = routing=1
06-22 11:23:40.274   960  5204 D AudioALSAStreamManager: setParameters(), Send to mStreamOutVector[1], flag 4
06-22 11:23:40.274   960  5204 D AudioALSAStreamOut: value_str = 1 devices count = 1
06-22 11:23:40.274   960  5204 D AudioALSAStreamOut: updatePolicyDevice(), flag: 0x4, device: 0x1
06-22 11:23:40.274   960  5204 D AudioALSAStreamManager: +routingOutputDevice(), flag: 0x4, normal routing, output_devices: 0x2 => 0x1
06-22 11:23:40.275   960  5204 D AudioALSAStreamOut: +routing(), route output device from 0x2 to 0x1, flag 0x4
06-22 11:23:40.275   960  5204 D AudioALSAStreamOut: close_l(), flags 4
06-22 11:23:40.275   960  5204 D AudioALSAHardware: [DEBUG] setDeviceStatusChanged: devices=[0x2], isOpen=[0], isFast=[1]
06-22 11:23:40.275   960  5204 D AudioALSAHardware: [DEBUG] setCachedParam2soundfx: targetScenario PLAYBACK_LOW_LATENCY
06-22 11:23:40.275   960  5204 I android.hardware.audio.service-aidl.mediatek: misound_arsi_set_key_value_pair(), key value pair = MisoundEnable=0
06-22 11:23:40.275   960  5204 I android.hardware.audio.service-aidl.mediatek: misound_arsi_set_key_value_pair(), key: MisoundEnable
06-22 11:23:40.275   960  5204 I android.hardware.audio.service-aidl.mediatek: misound_arsi_set_key_value_pair(), value: 0
06-22 11:23:40.275   960  5204 I android.hardware.audio.service-aidl.mediatek: misound FxEnable setparam: 0
06-22 11:23:40.275   960  5204 D aurisys_lib_handler: lib_name misound, 0xb400007907d4f2b0, ADB_CMD_KEY_VALUE: set 512, 15, MisoundEnable=0, retval 0
06-22 11:23:40.275   960  5204 D AudioALSAHardware: [DEBUG] setCachedParam2soundfx: mMisoundEnable is 0
06-22 11:23:40.275   960  5204 D AudioALSAPlaybackHandlerMixer: close(+), source flag 4, mDevice = 0x2, buffer_size 2048
06-22 11:23:40.275   960  5204 D audio_sw_mixer: sw_mixer_source_detach(), MIXER_PLAYBACK  , name T_FAST
06-22 11:23:40.275   960  5204 D audio_sw_mixer: sw_mixer_manager_destroy_path(), MIXER_PLAYBACK  , path T_FAST=>T_PRIMARY
06-22 11:23:40.275   960  5204 D audio_sw_mixer: dump_path_list(), MIXER_PLAYBACK  , no path
06-22 11:23:40.275   960  5204 D audio_sw_mixer: sw_mixer_target_detach(), MIXER_PLAYBACK  , name T_PRIMARY
06-22 11:23:40.275   960  1114 D audio_sw_mixer: sw_mixer_mix_thread(), thread mix1:0 idle
06-22 11:23:40.276   960  5204 D AudioALSAPlaybackHandlerNormal: +close(), flag = 4, mDevice = 0x2
06-22 11:23:40.276   960  5204 D AudioALSAHardwareResourceManager: +stopOutputDevice(), mOutputDevices = 0x2, mStartOutputDevicesCount = 1
06-22 11:23:40.280  1004  1077 I libPerfCtl: xgfGetFPS pid:1045 fps:-1
06-22 11:23:40.280  1004  1077 I libPerfCtl: xgfGetFPS pid:2402 fps:-1
06-22 11:23:40.280  1004  1077 I libPerfCtl: xgfGetFPS pid:30727 fps:-1
06-22 11:23:40.281   960  5204 D AudioALSAHardwareResourceManager: paOutputDevice()  close pa scene
06-22 11:23:40.281   960  5204 D AudioALSADeviceConfigManager: ApplyDeviceTurnoffSequenceByName(), DeviceName = ext_speaker_output descriptor->DeviceStatusCounter = 1, Ctlsize=2
06-22 11:23:40.282   960  5204 D AudioALSADeviceConfigManager: ApplyDeviceTurnoffSequenceByName(), DeviceName = dual_speaker_output descriptor->DeviceStatusCounter = 1, Ctlsize=4
06-22 11:23:40.288   960  5204 D AudioUtility: SetSpkStatus(): off!
06-22 11:23:40.289   960  5204 D AudioALSAHardwareResourceManager: notifyOutputDeviceStatusChange(), device = 2, status = 1, sampleRate = 0, mOpenSpeakerPathCount = 0
06-22 11:23:40.289   960  5204 D AudioALSAStreamManager: speakerStatusChangeCb(), status = 1, sampleRate = 0
06-22 11:23:40.290   960  5204 D AudioALSAPlaybackHandlerBase: -closePcmDriver(), mPcm = 0x0
06-22 11:23:40.290   960  5204 D AudioALSADeviceConfigManager: ApplyDeviceTurnoffSequenceByName(), DeviceName = PLAYBACK1_TO_ADDA_DL descriptor->DeviceStatusCounter = 1, Ctlsize=4
06-22 11:23:40.291   960  5204 D AudioALSAPlaybackHandlerBase: DestroyAurisysLibManager()
06-22 11:23:40.291   960  5204 D aurisys_lib_handler: aurisys_arsi_destroy_handler(), lib_name aurisys_demo, 0xb400007907d4dd20, arsi_destroy_handler, arsi_handler = 0xb400007907d50840, retval = 0
06-22 11:23:40.291   960  5204 D sixth_if_gift: sixth_arsi_destroy_handler : run !!!
06-22 11:23:40.291   960  5204 E sixth_if_gift: sixth_vdd_timer_stop, timer not start
06-22 11:23:40.291   960  5204 D sixth_if_gift: tuning_misc_dev_close : run !!!
06-22 11:23:40.291   960  5204 D sixth_core: size = 307168
06-22 11:23:40.291   960  5204 D sixth_core: [sixth_core_if_exit]  : done 
06-22 11:23:40.291   960  5204 D sixth_if_gift: sixth_arsi_destroy_handler : done !!!
06-22 11:23:40.291   960  5204 D aurisys_lib_handler: aurisys_arsi_destroy_handler(), lib_name sia81xx_sixth, 0xb400007907d537b0, arsi_destroy_handler, arsi_handler = 0xb400007a67a22eb0, retval = 0
06-22 11:23:40.291   960  5204 D aurisys_lib_manager: delete_aurisys_lib_manager(), manager 0xb4000077e7ddcbf0
06-22 11:23:40.291   960  5204 D AudioALSAPlaybackHandlerNormal: -close()
06-22 11:23:40.292   960  5204 D AudioALSAPlaybackHandlerBase: DestroyAurisysLibManager()
06-22 11:23:40.292   960  5204 I android.hardware.audio.service-aidl.mediatek: misound4_arsi_destroy_handler misound_arsi_destroy_handler
06-22 11:23:40.296   960  5204 D aurisys_lib_handler: aurisys_arsi_destroy_handler(), lib_name misound, 0xb400007907d4f2b0, arsi_destroy_handler, arsi_handler = 0xb4000077c7e2f270, retval = 0
06-22 11:23:40.296   960  5204 I android.hardware.audio.service-aidl.mediatek: mi_lrswitch_destroy_handler mi_lrswitch_destroy_handler
06-22 11:23:40.296   960  5204 D aurisys_lib_handler: aurisys_arsi_destroy_handler(), lib_name misoundcrossfade, 0xb400007907d52220, arsi_destroy_handler, arsi_handler = 0xb400007887d5e4d0, retval = 0
06-22 11:23:40.296   960  5204 D aurisys_lib_manager: delete_aurisys_lib_manager(), manager 0xb4000077e7ddb1b0
06-22 11:23:40.296   960  5204 D AudioALSAPlaybackHandlerMixer: close(-)
06-22 11:23:40.297   960  5204 D AudioMTKGainController: setNormalVolume(), mSceneIndex = 0, stream 0, devices 0x1, index 11, mode 0x3, gainDevice 0x0
06-22 11:23:40.297   960  1431 D AudioALSAStreamOut: open(), flags 4
06-22 11:23:40.297   960  1431 D AudioALSAStreamManager: +createPlaybackHandler(), mAudioMode = 3, output_devices = 0x1, isMixerOut = 0, isBypassAurisys = 0, flag = 4, isIEMsSource = 0, isIEMsOn = 0
06-22 11:23:40.297   960  1431 D AudioALSAStreamManager: needEnableVoip(), output_devices = 0x1, flags: 0x4, mAvailableOutputFlags: 0x1800e, enable: 0
06-22 11:23:40.297   960  5204 D AudioALSAStreamManager: -routingOutputDevice(), flag: 0x4, output_devices = 0x1
06-22 11:23:40.297   960  1431 D AudioALSAPlaybackHandlerFast: AudioALSAPlaybackHandlerFast()
06-22 11:23:40.297   960  1431 D AudioALSAPlaybackHandlerFast: +open(), mDevice = 0x1
06-22 11:23:40.297   960  5204 D AudioALSAHardware: -createAudioPatch() num_sources [1] , num_sinks [1], handle [0x2885]
06-22 11:23:40.297   960  5204 I AHAL_Stream: setConnectedDevices: Device type OUT_SPEAKER_EARPIECE
06-22 11:23:40.297   960  1431 D AudioALSADeviceConfigManager: ApplyDeviceTurnonSequenceByName() DeviceName = PLAYBACK2_TO_ADDA_DL descriptor->DeviceStatusCounte = 0, Ctlsize=4
06-22 11:23:40.297   960  5204 D AHAL_Module: setAudioPatch: default: updated patch AudioPatch{id: 2, sourcePortConfigIds: [38], sinkPortConfigIds: [1905], minimumStreamBufferSizeFrames: 256, latenciesMs: [10]}
06-22 11:23:40.298  1025  1435 V audio_utils::mutex: mutex_impl: audio_mutex initialized: ret:0  order:21
06-22 11:23:40.298   960  5204 D AHAL_Stream: getRecommendedLatencyModes
06-22 11:23:40.299   960  1431 D AudioUtility: chooseTargetSampleRate() hiFiState 0 isDeviceSupportHiFi 0 sampleRate 48000 targetSampleRate 48000, isUltra96k 0
06-22 11:23:40.300   960  1431 D AudioALSAPlaybackHandlerBase: transferAudioFormatToPcmFormat(), audio_format(0x4) => pcm_format(0x3)
06-22 11:23:40.300   960  1431 D AudioALSAPlaybackHandlerFast: open(), mConfig: channels = 2, rate = 48000, period_size = 256, period_count = 2, format = 3, buffer size 4096 2048
06-22 11:23:40.300   960  1431 D AudioALSAPlaybackHandlerBase: CreateAurisysLibManager, ph type: 7, voip: 0, mAurisysScenario: 1
06-22 11:23:40.300   960  1431 D aurisys_utility: input dev: 0x80000004 0x0, fmt = 0x3, fs: 48000, max fs: 48000, ch: 2, max ch: 1, ch maks: 0x3, hw_info_mask: 0x0; output dev: 0x1 0x0, fmt = 0x3, fs: 48000, max fs: 48000, ch: 2, max ch: 2, ch maks: 0x3, hw_info_mask: 0x4; task_scene: 2, audio_mode: 3, stream_type: 0, output_flags: 0x4, input_source: 0, input_flags: 0x0; network_info: 0, enhancement_feature_mask: 0x0
06-22 11:23:40.300   960  1431 D AudioUtility: setupCustomInfoStr(), custom_info = "SetAudioCustomScene=;", (scene = , vol_level = -1, bt_codec = -1)
06-22 11:23:40.300   960  1431 D aurisys_utility: lib, working fs: 48000, fmt: 0x3, frame = 1, b_interleave = 0, num_ul_ref_buf_array = 0, num_dl_ref_buf_array = 0
06-22 11:23:40.300   960  1431 D aurisys_utility: dl in[type:2], ch: 2, ch_mask: 0x3, buf fs: 48000, buf content fs: 48000, fmt: 0x3; dl out[type:3], ch: 2, ch_mask: 0x3, buf fs: 48000, buf content fs: 48000, fmt: 0x3
06-22 11:23:40.300   960  1431 D aurisys_utility: lib, working fs: 48000, fmt: 0x3, frame = 1, b_interleave = 0, num_ul_ref_buf_array = 0, num_dl_ref_buf_array = 0
06-22 11:23:40.300   960  1431 D aurisys_utility: dl in[type:2], ch: 2, ch_mask: 0x3, buf fs: 48000, buf content fs: 48000, fmt: 0x3; dl out[type:3], ch: 2, ch_mask: 0x3, buf fs: 48000, buf content fs: 48000, fmt: 0x3
06-22 11:23:40.300   960  1431 D aurisys_lib_handler: aurisys_arsi_parsing_param_file(), gProductInfo "platform=MT6768,device=spark,model=24076RP19G", file_path "/vendor/etc/misound_res.bin", enhancement_mode 0, param_buf_size 128, data_size 128, custom_info SetAudioCustomScene=;
06-22 11:23:40.300   960  1431 D aurisys_lib_handler: aurisys_arsi_parsing_param_file(), gProductInfo "platform=MT6768,device=spark,model=24076RP19G", file_path "/vendor/etc", enhancement_mode 0, param_buf_size 128, data_size 128, custom_info SetAudioCustomScene=;
06-22 11:23:40.300   960  1431 D aurisys_lib_handler: aurisys_arsi_create_handler(), lib_name misound, [queried_size] dram:472 [avail_size] dram:4294967295
06-22 11:23:40.300   960  1431 I android.hardware.audio.service-aidl.mediatek: misound4_arsi_create_handler entry.
06-22 11:23:40.300   960  1431 I android.hardware.audio.service-aidl.mediatek: misound4_arsi_create_handler stream_type : 0
06-22 11:23:40.303   960  1431 I android.hardware.audio.service-aidl.mediatek: misound4_fx_lib resfile reference 2110
06-22 11:23:40.303   960  1431 I android.hardware.audio.service-aidl.mediatek: misound4_fx_lib dsp lib version: 4.0.30
06-22 11:23:40.303   960  1431 I android.hardware.audio.service-aidl.mediatek: misound4_fx_lib dsp date: 2022.6.20
06-22 11:23:40.303   960  1431 I android.hardware.audio.service-aidl.mediatek: misound4_spk_init done.
06-22 11:23:40.303   960  1431 I android.hardware.audio.service-aidl.mediatek: misoundfx create handler end. misound_arsi_create_handler 317
06-22 11:23:40.303   960  1431 D aurisys_lib_handler: aurisys_arsi_create_handler(), lib_name misound, 0xb400007907d50840, process_type 1, arsi_handler 0xb4000077c7e2e6e0, retval 0x0 
06-22 11:23:40.303   960  1431 D aurisys_lib_handler: aurisys_arsi_create_handler(), arsi_query_process_unit_bytes, ul 0, dl 384, retval 0
06-22 11:23:40.303   960  1431 D aurisys_lib_handler: aurisys_arsi_create_handler(), lib_name misoundcrossfade, [queried_size] dram:432 [avail_size] dram:4294967295
06-22 11:23:40.303   960  1431 I android.hardware.audio.service-aidl.mediatek: mi_lrswitch_create_handler entry.
06-22 11:23:40.303   960  1431 I android.hardware.audio.service-aidl.mediatek: mi_lrswitch_create_handler stream_type : 0
06-22 11:23:40.303   960  1431 I android.hardware.audio.service-aidl.mediatek: mi_lrswitch_create_handler mi_lrswitch_create_handler 192, device type: 1
06-22 11:23:40.303   960  1431 I android.hardware.audio.service-aidl.mediatek: mi_lrswitch init done.
06-22 11:23:40.303   960  1431 I android.hardware.audio.service-aidl.mediatek: mi_lrswitch create handler end. mi_lrswitch_create_handler 268
06-22 11:23:40.303   960  1431 D aurisys_lib_handler: aurisys_arsi_create_handler(), lib_name misoundcrossfade, 0xb400007907d4e170, process_type 1, arsi_handler 0xb400007887d615d0, retval 0x0 
06-22 11:23:40.303   960  1431 D aurisys_lib_handler: aurisys_arsi_create_handler(), arsi_query_process_unit_bytes, ul 0, dl 384, retval 0
06-22 11:23:40.303   960  1431 D aurisys_lib_manager: DL Lib, lib_name misound, 0xb400007907d50840, sample_rate: 48000 => 48000, num_channels: 2 => 2, audio_format: 0x3 => 0x3, interleave: 1 => 0, frame: 0 => 1
06-22 11:23:40.303   960  1431 D aurisys_lib_manager: DL Lib, lib_name misoundcrossfade, 0xb400007907d4e170, sample_rate: 48000 => 48000, num_channels: 2 => 2, audio_format: 0x3 => 0x3, interleave: 0 => 0, frame: 1 => 1
06-22 11:23:40.303   960  1431 D aurisys_lib_manager: DL out, sample_rate: 48000 => 48000, num_channels: 2 => 2, audio_format: 0x3 => 0x4, interleave: 0 => 1, frame: 1 => 0
06-22 11:23:40.305   960  1431 D AudioALSAPlaybackHandlerBase: openPcmDriverWithFlag(), pcm device = 2 flag = 0x8 mPcm = 0xb400007827d47410
06-22 11:23:40.305   960  1431 D AudioALSAHardwareResourceManager: +startOutputDevice(), new_devices = 0x1, mOutputDevices = 0x0, mStartOutputDevicesCount = 0 SampleRate = 48000
06-22 11:23:40.305   960  1431 D AudioALSADeviceConfigManager: ApplyDeviceTurnonSequenceByName() DeviceName = receiver_output descriptor->DeviceStatusCounte = 0, Ctlsize=6
06-22 11:23:40.307   960  1431 D AudioUtility: SetRcvStatus(): on!
06-22 11:23:40.307   960  1431 D AudioALSAPlaybackHandlerFast: -open()
06-22 11:23:40.307   960  1431 D AudioALSAHardware: [DEBUG] setDeviceStatusChanged: devices=[0x1], isOpen=[1], isFast=[1]
06-22 11:23:40.307   960  1431 D AudioALSAHardware: [DEBUG] setCachedParam2soundfx: targetScenario PLAYBACK_LOW_LATENCY
06-22 11:23:40.308   960  1431 I android.hardware.audio.service-aidl.mediatek: misound_arsi_set_key_value_pair(), key value pair = MisoundEnable=0
06-22 11:23:40.308   960  1431 I android.hardware.audio.service-aidl.mediatek: misound_arsi_set_key_value_pair(), key: MisoundEnable
06-22 11:23:40.308   960  1431 I android.hardware.audio.service-aidl.mediatek: misound_arsi_set_key_value_pair(), value: 0
06-22 11:23:40.308   960  1431 I android.hardware.audio.service-aidl.mediatek: misound FxEnable setparam: 0
06-22 11:23:40.308   960  1431 D aurisys_lib_handler: lib_name misound, 0xb400007907d50840, ADB_CMD_KEY_VALUE: set 512, 15, MisoundEnable=0, retval 0
06-22 11:23:40.308   960  1431 D AudioALSAHardware: [DEBUG] setCachedParam2soundfx: mMisoundEnable is 0
06-22 11:23:40.308   960  1431 D AudioALSAStreamOut: -open(), flags 4
06-22 11:23:40.309   960  1431 E AudioALSAPlaybackHandlerBase: -getHardwareBufferInfo(), pcm_get_htimestamp fail, ret = -1, pcm_get_error =  flag = 0x4
06-22 11:23:40.309  1025  1434 D PerfSense: [FastMixer(h:21)] Critical Jitter: period=35.00ms, exceeds 2x expected (5.33ms).
06-22 11:23:40.309   960  1431 E AudioALSAPlaybackHandlerBase: -getHardwareBufferInfo(), pcm_get_htimestamp fail, ret = -1, pcm_get_error =  flag = 0x4
06-22 11:23:40.312   960  5204 D MTKAdapterStreamLayer: updateMetadataCommon(), 
06-22 11:23:40.313   960  5204 I AudioALSAStreamOut: updateSourceMetadata(), do nothing source_metadata = 0x778c682f78
06-22 11:23:40.313  1025  1105 D APM_AudioPolicyManager: setOutputDevices() AF::createAudioPatch returned 0 patchHandle 79524 num_sources 1 num_sinks 1
06-22 11:23:40.313  1025  1105 V audio_utils::mutex: mutex_impl: audio_mutex initialized: ret:0  order:6
06-22 11:23:40.313  1025  1434 W PerfSense: [FastMixer(h:21)] Scheduling Latency: 2.46ms, thread was likely preempted. tid=1434
06-22 11:23:40.314  1025  1105 W APM::AudioPolicyEngine::ProductStrategy: getVolumeGroupForStreamType: no volume group for AUDIO_STREAM_DEFAULT, using default
06-22 11:23:40.315  1025  1105 V audio_utils::mutex: mutex_impl: audio_mutex initialized: ret:0  order:6
06-22 11:23:40.316  1025  1105 E APM_AudioPolicyManager: checkAndSetVolume invalid volume index range in the curve:
06-22 11:23:40.316  1025  1105 E APM_AudioPolicyManager:   Can be muted  Index Min  Index Max  Index Cur [device : index]...
06-22 11:23:40.316  1025  1105 E APM_AudioPolicyManager:   true          -1         -1         40000000 : 00, 
06-22 11:23:40.318  1025  1105 W APM::AudioPolicyEngine::ProductStrategy: getVolumeGroupForStreamType: no volume group for AUDIO_STREAM_DEFAULT, using default
06-22 11:23:40.318  1025  1105 D APM_AudioPolicyManager: setOutputDevices caller setPhoneState[[portId:8][io:29, voip_rx]] prevDevice {AUDIO_DEVICE_OUT_SPEAKER, @:}
06-22 11:23:40.319  1025  1105 D APM::AudioPolicyEngine: getDevices ForStrategy() strategy 0, device 0x1 avadevice 0x1, 0x2, 0x10000, 0x100000 sfu [0]:0, [1]:0, [4]:11
06-22 11:23:40.319  1025  1105 D APM::AudioPolicyEngine: getDevices ForStrategy() strategy 0, device 0x1 avadevice 0x1, 0x2, 0x10000, 0x100000 sfu [0]:0, [1]:0, [4]:11
06-22 11:23:40.320  1025  1105 D APM::AudioPolicyEngine: getDevices ForStrategy() strategy 0, device 0x1 avadevice 0x1, 0x2, 0x10000, 0x100000 sfu [0]:0, [1]:0, [4]:11
06-22 11:23:40.320  1025  1105 D APM::AudioPolicyEngine: getDevices ForStrategy() strategy 0, device 0x1 avadevice 0x1, 0x2, 0x10000, 0x100000 sfu [0]:0, [1]:0, [4]:11
06-22 11:23:40.321  1025  1105 D APM::AudioPolicyEngine: getDevices ForStrategy() strategy 0, device 0x1 avadevice 0x1, 0x2, 0x10000, 0x100000 sfu [0]:0, [1]:0, [4]:11
06-22 11:23:40.321  1025  1105 D APM::AudioPolicyEngine: getDevices ForStrategy() strategy 0, device 0x1 avadevice 0x1, 0x2, 0x10000, 0x100000 sfu [0]:0, [1]:0, [4]:11
06-22 11:23:40.322  1025  1105 D APM::AudioPolicyEngine: getDevices ForStrategy() strategy 0, device 0x1 avadevice 0x1, 0x2, 0x10000, 0x100000 sfu [0]:0, [1]:0, [4]:11
06-22 11:23:40.322  1025  1105 D APM::AudioPolicyEngine: getDevices ForStrategy() strategy 0, device 0x1 avadevice 0x1, 0x2, 0x10000, 0x100000 sfu [0]:0, [1]:0, [4]:11
06-22 11:23:40.323  1025  1105 D APM::AudioPolicyEngine: getDevices ForStrategy() strategy 0, device 0x1 avadevice 0x1, 0x2, 0x10000, 0x100000 sfu [0]:0, [1]:0, [4]:11
06-22 11:23:40.323  1025  1105 D APM::AudioPolicyEngine: getDevices ForStrategy() strategy 0, device 0x1 avadevice 0x1, 0x2, 0x10000, 0x100000 sfu [0]:0, [1]:0, [4]:11
06-22 11:23:40.324  1025  1105 D APM::AudioPolicyEngine: getDevices ForStrategy() strategy 0, device 0x1 avadevice 0x1, 0x2, 0x10000, 0x100000 sfu [0]:0, [1]:0, [4]:11
06-22 11:23:40.324  1025  1105 D APM::AudioPolicyEngine: getDevices ForStrategy() strategy 0, device 0x1 avadevice 0x1, 0x2, 0x10000, 0x100000 sfu [0]:0, [1]:0, [4]:11
06-22 11:23:40.325  1025  1105 D APM_AudioPolicyManager: setOutputDevices caller setPhoneState[[portId:10][io:37, incall_music_uplink]] prevDevice {AUDIO_DEVICE_OUT_TELEPHONY_TX, @:}
06-22 11:23:40.325  1025  1105 D APM::AudioPolicyEngine: getDevices ForStrategy() strategy 0, device 0x1 avadevice 0x1, 0x2, 0x10000, 0x100000 sfu [0]:0, [1]:0, [4]:11
06-22 11:23:40.326  1025  1105 D APM::AudioPolicyEngine: getDevices ForStrategy() strategy 0, device 0x1 avadevice 0x1, 0x2, 0x10000, 0x100000 sfu [0]:0, [1]:0, [4]:11
06-22 11:23:40.326  1025  1105 D APM::AudioPolicyEngine: getDevices ForStrategy() strategy 0, device 0x1 avadevice 0x1, 0x2, 0x10000, 0x100000 sfu [0]:0, [1]:0, [4]:11
06-22 11:23:40.326  1025  1105 D APM::AudioPolicyEngine: getDevices ForStrategy() strategy 0, device 0x1 avadevice 0x1, 0x2, 0x10000, 0x100000 sfu [0]:0, [1]:0, [4]:11
06-22 11:23:40.327  1025  1105 D APM::AudioPolicyEngine: getDevices ForStrategy() strategy 0, device 0x1 avadevice 0x1, 0x2, 0x10000, 0x100000 sfu [0]:0, [1]:0, [4]:11
06-22 11:23:40.327  1025  1105 D APM::AudioPolicyEngine: getDevices ForStrategy() strategy 0, device 0x1 avadevice 0x1, 0x2, 0x10000, 0x100000 sfu [0]:0, [1]:0, [4]:11
06-22 11:23:40.328  1025  1105 D APM::AudioPolicyEngine: getDevices ForStrategy() strategy 0, device 0x1 avadevice 0x1, 0x2, 0x10000, 0x100000 sfu [0]:0, [1]:0, [4]:11
06-22 11:23:40.328  1025  1105 D APM::AudioPolicyEngine: getDevices ForStrategy() strategy 0, device 0x1 avadevice 0x1, 0x2, 0x10000, 0x100000 sfu [0]:0, [1]:0, [4]:11
06-22 11:23:40.329  1025  1105 D APM::AudioPolicyEngine: getDevices ForStrategy() strategy 0, device 0x1 avadevice 0x1, 0x2, 0x10000, 0x100000 sfu [0]:0, [1]:0, [4]:11
06-22 11:23:40.329  1025  1105 D APM::AudioPolicyEngine: getDevices ForStrategy() strategy 0, device 0x1 avadevice 0x1, 0x2, 0x10000, 0x100000 sfu [0]:0, [1]:0, [4]:11
06-22 11:23:40.329  1025  1105 D APM::AudioPolicyEngine: getDevices ForStrategy() strategy 0, device 0x1 avadevice 0x1, 0x2, 0x10000, 0x100000 sfu [0]:0, [1]:0, [4]:11
06-22 11:23:40.329  1025  1105 D APM::AudioPolicyEngine: getDevices ForStrategy() strategy 0, device 0x1 avadevice 0x1, 0x2, 0x10000, 0x100000 sfu [0]:0, [1]:0, [4]:11
06-22 11:23:40.330  1025  1105 V AudioPolicyInterfaceImpl: setPhoneState() Done: Mode [0] -> Mode [3]
06-22 11:23:40.330  1673  1939 W BpBinder: PerfMonitor binderTransact: time=256ms interface=android.media.IAudioPolicyService code=5
06-22 11:23:40.330  1025 21637 D NativePermissionController: checkPermission: missing 13 for 10307
06-22 11:23:40.330  1673  1939 V AS.AudioService: onUpdateAudioMode: mode successfully set to 3
06-22 11:23:40.330  1673  1939 D MediaFocusControlStubImpl: setAudioMode() 3
06-22 11:23:40.331  1025  3693 D APM::AudioPolicyEngine: getDevices ForStrategy() strategy 0, device 0x1 avadevice 0x1, 0x2, 0x10000, 0x100000 sfu [0]:0, [1]:0, [4]:11
06-22 11:23:40.331 30727  2111 D AudioStreamTrack: onAudioDeviceUpdate() devices 3 => 2
06-22 11:23:40.331 30727  2111 D AudioStreamTrack: onAudioDeviceUpdate() request DISCONNECT in data callback, devices 3 => 2
06-22 11:23:40.331 30727  2111 D AudioTrack: onAudioDeviceUpdate AudioPortDebug[ID:00000002] deviceType:AUDIO_DEVICE_OUT_EARPIECE(00000001)
06-22 11:23:40.331 30727  2111 D BatteryNotifier: batteryHandler::send audio device update msg! 10307, 30727, 50393, 1
06-22 11:23:40.331  1025  1172 D APM_AudioPolicyManager: listAudioPorts mAvailableInputDevices 0x80000004, 0x80000040, 0x80000080, 0x80000100, 0x80002000, 0x90000000
06-22 11:23:40.331  1673  3913 W BpBinder: PerfMonitor binderTransact: time=221ms interface=android.media.IAudioPolicyService code=26
06-22 11:23:40.331 30727  2457 D BatteryNotifier: BatteryNotifier::update device to power insight! 10307, 30727, 50393, 1
06-22 11:23:40.331  1025  7139 D APM_AudioPolicyManager: listAudioPorts mAvailableInputDevices 0x80000004, 0x80000040, 0x80000080, 0x80000100, 0x80002000, 0x90000000
06-22 11:23:40.332  1673  1740 E BatteryStatsService: note device change AudioToPower BatteryStatsservices 10307 30727 50393 1
06-22 11:23:40.332  1673  1740 E PowerInsightPolicy: sPowerInsightService null!
06-22 11:23:40.332  1673  1673 D MBrainLocalService: isVendorFreezeConditionPass is false
06-22 11:23:40.332  1673  1673 D MBrainLocalService: notifyAudioModeChange failed
06-22 11:23:40.332 30727  2209 D AudioStreamBuilder: build, system mmap policy is 1
06-22 11:23:40.332 30727  2209 D AudioStreamBuilder: UseAAudioApp mClientName :com.dibay.app()
06-22 11:23:40.332 30727  2209 D AudioStreamBuilder: build, final mmap policy is 1
06-22 11:23:40.332  1025 21795 D APM_AudioPolicyManager: listAudioPorts mAvailableInputDevices 0x80000004, 0x80000040, 0x80000080, 0x80000100, 0x80002000, 0x90000000
06-22 11:23:40.333  4061 30518 D BluetoothRemoteDevices: onModeChanged mode = 3
06-22 11:23:40.333  4061 30520 D ActiveDeviceManager: onModeChanged: mode = 3
06-22 11:23:40.333  1025  2641 D APM_AudioPolicyManager: listAudioPorts mAvailableInputDevices 0x80000004, 0x80000040, 0x80000080, 0x80000100, 0x80002000, 0x90000000
06-22 11:23:40.333  1673  3913 W system_server: PerfMonitor async binderTransact :  time=221ms interface=android.media.IAudioPolicyServiceClient code=6
06-22 11:23:40.333  1025  2641 D NativePermissionController: checkPermission: missing 13 for 10307
06-22 11:23:40.333  1673  1939 V AS.AudioService: getActiveStreamType: Forcing STREAM_VOICE_CALL...
06-22 11:23:40.334  1025 21446 D APM_AudioPolicyManager: listAudioPorts mAvailableInputDevices 0x80000004, 0x80000040, 0x80000080, 0x80000100, 0x80002000, 0x90000000
06-22 11:23:40.334  1025 21446 D NativePermissionController: checkPermission: missing 13 for 10166
06-22 11:23:40.334  1025  3693 D APM_AudioPolicyManager: listAudioPorts mAvailableInputDevices 0x80000004, 0x80000040, 0x80000080, 0x80000100, 0x80002000, 0x90000000
06-22 11:23:40.334 30727  2209 D AudioStreamBuilder: build, system mmap exclusive policy is 1
06-22 11:23:40.335  1025  7139 D APM_AudioPolicyManager: listAudioPorts mAvailableInputDevices 0x80000004, 0x80000040, 0x80000080, 0x80000100, 0x80002000, 0x90000000
06-22 11:23:40.335 30727  2209 D AudioStreamBuilder: build, final mmap exclusive policy is 1
06-22 11:23:40.335 30727  2209 D AudioStreamBuilder: build() MMAP not used because AAUDIO_PERFORMANCE_MODE_LOW_LATENCY not requested.
06-22 11:23:40.335 30727  2209 D com.dibay.app: PlayerBase::PlayerBase()
06-22 11:23:40.335 30727  2209 D AudioStreamTrack: open(), request notificationFrames = 0, frameCount = 0
06-22 11:23:40.335 30727  2453 D AudioStreamLegacy: checkForDisconnectRequest() mRequestDisconnect acknowledged
06-22 11:23:40.335 30727  2453 D AAudioStream: setDisconnected setting disconnected, current disconnected: 0, current state: 4
06-22 11:23:40.335 30727  2453 W AudioStreamLegacy: onMoreData() data, stream disconnected
06-22 11:23:40.335 30727  2453 E AudioTrack: processAudioBuffer(5498): EVENT_MORE_DATA requested 2048 bytes but callback returned -1 bytes
06-22 11:23:40.336 30727  2209 E AudioTrack: Failed to load XML file: /odm/etc/audio/audio_lowpower_app_list.xml
06-22 11:23:40.336 30727  2209 D AudioTrack: INSP: type=audio,case=1,set=0xb4000079014c18b0,stream_type=-1,sample_rate=22050,format=0x5,channel_mask=0x1,frame_count=0,flags=0x8,notification_frames=0,session_id=0,transfer_type=1,uid=-1,pid=-1
06-22 11:23:40.336 30727  2209 D AudioTrack: INSP: type=audio,case=1,attributes=1,content_type=2,usage=1,source=0,flags=0x200
06-22 11:23:40.336  1025 21795 D APM_AudioPolicyManager: listAudioPorts mAvailableInputDevices 0x80000004, 0x80000040, 0x80000080, 0x80000100, 0x80002000, 0x90000000
06-22 11:23:40.337  1025  2641 D APM::AudioPolicyEngine: getDevices ForStrategy() strategy 0, device 0x1 avadevice 0x1, 0x2, 0x10000, 0x100000 sfu [0]:0, [1]:0, [4]:11
06-22 11:23:40.337  1025 21591 D APM_AudioPolicyManager: listAudioPorts mAvailableInputDevices 0x80000004, 0x80000040, 0x80000080, 0x80000100, 0x80002000, 0x90000000
06-22 11:23:40.337  1025 21591 D NativePermissionController: checkPermission: missing 13 for 10307
06-22 11:23:40.337  1025 21446 D APM_AudioPolicyManager: listAudioPorts mAvailableInputDevices 0x80000004, 0x80000040, 0x80000080, 0x80000100, 0x80002000, 0x90000000
06-22 11:23:40.337  1673  1939 V AS.AudioService: onUpdateAudioMode: streamType=0, streamAlias=0, device=earpiece, index=110
06-22 11:23:40.338  1025 21446 D NativePermissionController: checkPermission: missing 13 for 10166
06-22 11:23:40.338  1025 21637 D APM_AudioPolicyManager: listAudioPorts mAvailableInputDevices 0x80000004, 0x80000040, 0x80000080, 0x80000100, 0x80002000, 0x90000000
06-22 11:23:40.339  1025 21591 D APM::AudioPolicyEngine: getDevices ForStrategy() strategy 0, device 0x1 avadevice 0x1, 0x2, 0x10000, 0x100000 sfu [0]:0, [1]:0, [4]:11
06-22 11:23:40.339 30727  2209 I AudioTrackImpl: initAudioTrackImpl()
06-22 11:23:40.339  1025  2641 D APM_AudioPolicyManager: listAudioPorts mAvailableInputDevices 0x80000004, 0x80000040, 0x80000080, 0x80000100, 0x80002000, 0x90000000
06-22 11:23:40.340 30727  2209 D AudioTrackImpl: binder call: getPackageName com.dibay.app for uid 10307
06-22 11:23:40.340 30727  2209 D AudioTrack: set(): (sessionId=0), mcallback is 1, streamType -1, sampleRate 22050, format 0x5, channelMask 0x1, frameCount 0, flags 0x8, notificationFrames 0,transferType 1, mClientAttributionSource AttributionSourceState{pid: -1, uid: -1, deviceId: 0, packageName: com.dibay.app, attributionTag: (null), token: (null), renouncedPermissions: (null), next: []}
06-22 11:23:40.340 30727  2209 D AudioTrack: set(): Building AudioTrack with attributes: usage = 1, content = 2, flags = 0x200, tags = []
06-22 11:23:40.340 30727  2209 D AudioTrack: set(): 0xb4000079014c18b0, Create AudioTrackThread, tid = 3560
06-22 11:23:40.341  1025  1172 D APM_AudioPolicyManager: listAudioPorts mAvailableInputDevices 0x80000004, 0x80000040, 0x80000080, 0x80000100, 0x80002000, 0x90000000
06-22 11:23:40.341  1040  1040 D Audio_ParameterParser: parseVendorParameterIds: scope: MODULE, keys: audio_game_sound_volume_gap_switch
06-22 11:23:40.342   960  5204 D AudioALSAHardware: -getParameters(), return ""
06-22 11:23:40.342  1025 21795 D NativePermissionController: checkPermission: missing 13 for 10166
06-22 11:23:40.342  1025 21637 E ConversionHelperAidl: Function: parseAndGetVendorParameters Line: 51 Failed 
06-22 11:23:40.342  1025  7139 D APM_AudioPolicyManager: listAudioPorts mAvailableInputDevices 0x80000004, 0x80000040, 0x80000080, 0x80000100, 0x80002000, 0x90000000
06-22 11:23:40.342  1025 21591 D APM_AudioPolicyManager: listAudioPorts mAvailableInputDevices 0x80000004, 0x80000040, 0x80000080, 0x80000100, 0x80002000, 0x90000000
06-22 11:23:40.342  1025  1105 D NativePermissionController: checkPermission: missing 13 for 10166
06-22 11:23:40.343  1025 21446 D APM_AudioPolicyManager: listAudioPorts mAvailableInputDevices 0x80000004, 0x80000040, 0x80000080, 0x80000100, 0x80002000, 0x90000000
06-22 11:23:40.343  1040  1040 D Audio_ParameterParser: parseVendorParameterIds: scope: MODULE, keys: audio_game_sound_volume_gap_switch
06-22 11:23:40.343  1025  3693 D APM_AudioPolicyManager: listAudioPorts mAvailableInputDevices 0x80000004, 0x80000040, 0x80000080, 0x80000100, 0x80002000, 0x90000000
06-22 11:23:40.344  1025 21795 D APM_AudioPolicyManager: listAudioPorts mAvailableInputDevices 0x80000004, 0x80000040, 0x80000080, 0x80000100, 0x80002000, 0x90000000
06-22 11:23:40.344  1025 21637 E ConversionHelperAidl: Function: parseAndGetVendorParameters Line: 51 Failed 
06-22 11:23:40.344  1040  1040 D Audio_ParameterParser: parseVendorParameterIds: scope: MODULE, keys: audio_game_sound_volume_gap_switch
06-22 11:23:40.344  1025 21539 D APM_AudioPolicyManager: listAudioPorts mAvailableInputDevices 0x80000004, 0x80000040, 0x80000080, 0x80000100, 0x80002000, 0x90000000
06-22 11:23:40.344  1025 21539 D NativePermissionController: checkPermission: missing 13 for 10166
06-22 11:23:40.344  1025  1172 D NativePermissionController: checkPermission: missing 13 for 10307
06-22 11:23:40.344  1025  1172 D NativePermissionController: checkPermission: missing 13 for 10307
06-22 11:23:40.345  1025 21637 E ConversionHelperAidl: Function: parseAndGetVendorParameters Line: 51 Failed 
06-22 11:23:40.345  1025  2641 D APM_AudioPolicyManager: listAudioPorts mAvailableInputDevices 0x80000004, 0x80000040, 0x80000080, 0x80000100, 0x80002000, 0x90000000
06-22 11:23:40.345  1025  2641 D NativePermissionController: checkPermission: missing 13 for 10166
06-22 11:23:40.345  4061 30520 W A2dpService: getA2dpService(): service is null
06-22 11:23:40.346  1025  1172 D AudioFlingerImpl: AudioFlingerImpl::applyCreateTrackInputRules: extracted packageName=com.dibay.app from uid=10307
06-22 11:23:40.346  1673  2015 E MR2SystemProvider: Could not map this selected device attribute type to an available route: 1. Available types: [1, 2, 18, 14]
06-22 11:23:40.347  1025  1172 V AudioPolicyInterfaceImpl: getOutputForAttr()
06-22 11:23:40.348  1025  1172 D NativePermissionController: checkPermission: missing 1 for 10307
06-22 11:23:40.348  1025  1172 D NativePermissionController: checkPermission: missing 3 for 10307
06-22 11:23:40.348  1025  1172 D NativePermissionController: checkPermission: missing 5 for 10307
06-22 11:23:40.348  1025  1172 W libc    : Access denied finding property "service.bootanim.exit"
06-22 11:23:40.346  1025  1025 W binder:1025_3: type=1400 audit(0.0:241070): avc:  denied  { read } for  name="u:object_r:bootanim_system_prop:s0" dev="tmpfs" ino=122 scontext=u:r:audioserver:s0 tcontext=u:object_r:bootanim_system_prop:s0 tclass=file permissive=0
06-22 11:23:40.348  1025  1172 D APM_AudioPolicyManager: getOutputForAttrInt()+ attributes={ Content type: AUDIO_CONTENT_TYPE_MUSIC Usage: AUDIO_USAGE_MEDIA Source: AUDIO_SOURCE_DEFAULT Flags: 0x600 Tags:  } stream=AUDIO_STREAM_MUSIC session 50425 output 0 selectedDeviceId 0 device AUDIO_DEVICE_NONE sampling rate 22050 format 0x5channel mask 0x1 flags 0x8 stream AUDIO_STREAM_MUSIC uid 10307
06-22 11:23:40.349  1025  1172 D APM::AudioPolicyEngine: getDevices ForStrategy() strategy 0, device 0x1 avadevice 0x1, 0x2, 0x10000, 0x100000 sfu [0]:0, [1]:0, [4]:11
06-22 11:23:40.349  1025  1172 D APM_AudioPolicyManager: getOutputForAttrInt() device {AUDIO_DEVICE_OUT_EARPIECE, @:}, sampling rate 22050, format 0x5, channel mask 0x1, flags 0x8 stream AUDIO_STREAM_MUSIC
06-22 11:23:40.349  1025  1172 D AudioPolicyManagerImpl: set isSpatializerFlagCE to 0.
06-22 11:23:40.349  1025  1172 D AudioPolicyManagerImpl: set isSpatializerFlagCE to 0.
06-22 11:23:40.349  1025  1172 D AudioPolicyManagerImpl: set isSpatializerFlagCE to 0.
06-22 11:23:40.349  1025  1172 D AudioPolicyManagerImpl: set isSpatializerFlagCE to 0.
06-22 11:23:40.349  1025  1172 D APM_AudioPolicyManager: getOutputForDevices(), spatializer_flag_ce is 0, spatializer_ce_lastflag is 0
06-22 11:23:40.350  1025  1172 W AudioPolicyManagerImpl: Failed to load AudioCloudCtrl list, using the default list!
06-22 11:23:40.350  1025  1172 D APM::AudioPolicyEngine: getDevices ForStrategy() strategy 0, device 0x1 avadevice 0x1, 0x2, 0x10000, 0x100000 sfu [0]:0, [1]:0, [4]:11
06-22 11:23:40.350  1025  1172 D APM_AudioPolicyManager: getOutputForAttrInt()- attributes={ Content type: AUDIO_CONTENT_TYPE_MUSIC Usage: AUDIO_USAGE_MEDIA Source: AUDIO_SOURCE_DEFAULT Flags: 0x600 Tags:  } stream=AUDIO_STREAM_MUSIC session 50425 output 13 selectedDeviceId 0 device {AUDIO_DEVICE_OUT_EARPIECE, @:} sampling rate 22050 format 0x5channel mask 0x1 flags 0x8 stream AUDIO_STREAM_MUSIC uid 10307
06-22 11:23:40.350  1025  1172 D ClientInfoStub: ClientInfoStub()
06-22 11:23:40.351  1025  1172 W AudioPolicyManagerImpl: Failed to load AudioCloudCtrl list, using the default list!
06-22 11:23:40.351  1025  1172 D APM_AudioPolicyManager: getOutputForAttr() returns output 13 requestedPortIds AUDIO_PORT_HANDLE_NONE selectedDeviceIds 2 for port ID 5502
06-22 11:23:40.352  1025  1172 D AudioFlinger_Threads: Client defaulted notificationFrames to 1264 for frameCount 3792
06-22 11:23:40.352  1025  1172 I AF::PthrPatchRecord: creating track with enforcement level 0
06-22 11:23:40.352  1025 21795 D APM::AudioPolicyEngine: getDevices ForStrategy() strategy 0, device 0x1 avadevice 0x1, 0x2, 0x10000, 0x100000 sfu [0]:0, [1]:0, [4]:11
06-22 11:23:40.352  1025 21637 D APM_AudioPolicyManager: listAudioPorts mAvailableInputDevices 0x80000004, 0x80000040, 0x80000080, 0x80000100, 0x80002000, 0x90000000
06-22 11:23:40.352  1025 21637 D NativePermissionController: checkPermission: missing 13 for 10307
06-22 11:23:40.352  1025  2641 D NativePermissionController: checkPermission: missing 13 for 10166
06-22 11:23:40.353  1025  2641 D APM_AudioPolicyManager: listAudioPorts mAvailableInputDevices 0x80000004, 0x80000040, 0x80000080, 0x80000100, 0x80002000, 0x90000000
06-22 11:23:40.353  1025  2641 D NativePermissionController: checkPermission: missing 13 for 10307
06-22 11:23:40.353  1025 21637 D NativePermissionController: checkPermission: missing 13 for 10166
06-22 11:23:40.354  1673  1939 D AS.AudioService: updateVolumeGroupIndex for stream 8, muted=false, device=1, index=150, group AUDIO_STREAM_DTMF Muted=false, Index=15, forceMuteState=false
06-22 11:23:40.356  1025  1172 D AF::Track: isFadeApp curPkgName com.dibay.app  uid 10307 isSupportCloudCtrl 0
06-22 11:23:40.356  1025  1172 D AF::Track: Track, track(0xb4000079c858cdc0): mFastIndex -1, mStreamType 3, mId 4611, mFrameCount 3792, mSampleRate 22050, mFormat 5, mChannelCount 1, mTrackCount 4556, thread 0xb400007a83f47fe8, sessionId 50425, AudioOut_D, primary-a
06-22 11:23:40.356  1673  1939 D AS.AudioService: updateVolumeGroupIndex for stream 8, muted=false, device=16, index=100, group AUDIO_STREAM_DTMF Muted=false, Index=10, forceMuteState=false
06-22 11:23:40.356  1025  1172 I mtkpower_client: perf_lock_acq, hdl:0, dur:0, num:2, pid:1025, tid:1172
06-22 11:23:40.356  1673  1939 D AS.AudioService: updateVolumeGroupIndex for stream 8, muted=false, device=32, index=100, group AUDIO_STREAM_DTMF Muted=false, Index=10, forceMuteState=false
06-22 11:23:40.357  1025  1172 I mtkpower_client: ret_hdl:28875
06-22 11:23:40.357  1025  1172 D AudioFlinger: setThreadAsVip, set thread:3560 from normal to VIP successfully, hidl is 28875.
06-22 11:23:40.357  1009  1078 I libPowerHal: [perfLockAcq] idx:2 hdl:28875 hint:-1 pid:1025 tid:1172 duration:0 lock_user:audioserver => ret_hdl:28875
06-22 11:23:40.357  1009  1078 I libPowerHal: [PE] audioserver update ONESHOT(set) cmd:1450000 param:3560 pr:3
06-22 11:23:40.358  1025  2641 D APM::AudioPolicyEngine: getDevices ForStrategy() strategy 0, device 0x1 avadevice 0x1, 0x2, 0x10000, 0x100000 sfu [0]:0, [1]:0, [4]:11
06-22 11:23:40.358  1009  1078 I libPowerHal: [perfLockAcq] Done for hdl : 28875
06-22 11:23:40.358  1025 21637 D NativePermissionController: checkPermission: missing 13 for 10307
06-22 11:23:40.358  1673  1939 D AS.AudioService: updateVolumeGroupIndex for stream 10, muted=false, device=1, index=113, group AUDIO_STREAM_ACCESSIBILITY Muted=false, Index=11, forceMuteState=false
06-22 11:23:40.359  2402  2402 D MiPlayDetailViewModel: mSystemVolumeReceiver.onReceive(): time cost = 0
06-22 11:23:40.359  1025 21795 D NativePermissionController: checkPermission: missing 13 for 10307
06-22 11:23:40.360 30727  2209 D AudioTrack: createTrack_l(5502): 0xb4000079014c18b0, mCblk = 0x7a69e44000, mLatency = 256, mAfLatency = 85, frameCount = 3792, mSampleRate = 22050, mFlags = 0x8, mReqFrameCount = 3792, mNotificationFramesAct = 1264
06-22 11:23:40.360 30727  2209 V xlog_client:  xlog_send  msg_id: 29
06-22 11:23:40.360  1673  1939 D AS.AudioService: updateVolumeGroupIndex for stream 10, muted=false, device=2, index=141, group AUDIO_STREAM_ACCESSIBILITY Muted=false, Index=14, forceMuteState=false
06-22 11:23:40.360 30727  2209 V xlog_client:  xlog_send 
06-22 11:23:40.360 30727  2209 D xlog_client: xlog_open: Error in open xlog
06-22 11:23:40.360 30727  2209 D xlog_client: xlog open fail
06-22 11:23:40.360 30727  2209 D xlog_client: xlog_format_msg: send msg 29
06-22 11:23:40.360 30727  2209 W xlog_client: fail to load xml: /vendor/etc/audio_global_xlog_package_name.xml
06-22 11:23:40.360 30727  2209 D com.dibay.app: get_app_name app_name_map.size() = 0
06-22 11:23:40.361  1673  1939 D AudioSystem: +setParameters(): mRingerMode=2 
06-22 11:23:40.361  1025 21795 D AudioFlingerImpl: setGameParameters keyvalue: mRingerMode=2
06-22 11:23:40.362  1025 21795 D AudioFlinger: +mAudioHwDevs(primary)->setParameters(): mRingerMode=2
06-22 11:23:40.362  1025 21795 D DeviceHalAidl: [default] setParameters: parameters: "mRingerMode=2"
06-22 11:23:40.362  1025 21539 D APM::AudioPolicyEngine: getDevices ForStrategy() strategy 0, device 0x1 avadevice 0x1, 0x2, 0x10000, 0x100000 sfu [0]:0, [1]:0, [4]:11
06-22 11:23:40.362  1040  1040 D Audio_ParameterParser: parseVendorParameters: scope: MODULE, keys/values: mRingerMode=2
06-22 11:23:40.363   960  5204 D AudioALSAHardware: +setParameters(): mRingerMode=2
06-22 11:23:40.363   960  5204 D AudioALSAHardware: -setParameters(): mRingerMode=2
06-22 11:23:40.363   960  5204 E AHAL_Module: setVendorParameters: default: unrecognized parameter "mRingerMode=2"
06-22 11:23:40.363  2402 21771 D InfoMediaManager: buildAvailableRoutes() first selected device : 1
06-22 11:23:40.363  1025 21795 E ConversionHelperAidl: Function: parseAndSetVendorParameters Line: 94 Failed 
06-22 11:23:40.363  1025 21795 D AudioFlinger: -mAudioHwDevs(primary)->setParameters(): mRingerMode=2
06-22 11:23:40.363  2402  2402 D MiPlayDetailViewModel: mSystemVolumeReceiver.onReceive(): time cost = 0
06-22 11:23:40.363  1025 21795 D AudioFlinger: +mAudioHwDevs(r_submix)->setParameters(): mRingerMode=2
06-22 11:23:40.363  1025 21795 D DeviceHalAidl: [r_submix] setParameters: parameters: "mRingerMode=2"
06-22 11:23:40.363 30727  2209 D com.dibay.app: EventReporter , EventReporter init failed
06-22 11:23:40.363 30727  2209 E xlog_client: _xlog_write_flat_msg:fail to  send msg {"name":"audio_track_message","audio_event":{"app_name":"audio_app_other", "scenario":"playback","data_format":"AUDIO_FORMAT_PCM_FLOAT", "frame_count":"3792", "sample_rate":"22050", "channel_Mask1":"1", "notif_frame_act":"1264", "transfer_type":"1", "afframe_count":"1024", "afsample_rate":"48000", "aflatency":"85", "fcnt_times":"0"},"dgt":"null","audio_ext":"null" }
06-22 11:23:40.364 30727  2209 V xlog_client: xlog_close -1
06-22 11:23:40.364  1040  1040 D Audio_ParameterParser: parseVendorParameters: scope: MODULE, keys/values: mRingerMode=2
06-22 11:23:40.364  1025 21637 D APM::AudioPolicyEngine: getDevices ForStrategy() strategy 0, device 0x1 avadevice 0x1, 0x2, 0x10000, 0x100000 sfu [0]:0, [1]:0, [4]:11
06-22 11:23:40.364  1025 21795 D AudioFlinger: -mAudioHwDevs(r_submix)->setParameters(): mRingerMode=2
06-22 11:23:40.365  1025 21795 D AudioFlinger: +mAudioHwDevs(bluetooth)->setParameters(): mRingerMode=2
06-22 11:23:40.365  1025 21795 D DeviceHalAidl: [bluetooth] setParameters: parameters: "mRingerMode=2"
06-22 11:23:40.365  1040  1040 D Audio_ParameterParser: parseVendorParameters: scope: MODULE, keys/values: mRingerMode=2
06-22 11:23:40.365   960  5204 D AHAL_ModuleBluetooth: setVendorParameters: parameter count 1, async: 0
06-22 11:23:40.365   960  5204 D AHAL_ModuleBluetooth: setVendorParameters: mRingerMode=2
06-22 11:23:40.365  2402  2402 D VolumePanelViewController_true: onStateChanged 
06-22 11:23:40.365  2402  2402 I VolumeShowHideAnimator: isRunning: false, mExpanded: false
06-22 11:23:40.365  2402  2402 I VolumeExpandCollapsedAnimator: isRunning: false, mExpanded: false
06-22 11:23:40.365  1025 21795 D AudioFlinger: -mAudioHwDevs(bluetooth)->setParameters(): mRingerMode=2
06-22 11:23:40.365  2402  2402 I VolumePanelViewController_true: onStateChangedH: activeStream: -1, mActiveStream: -1, animating: false, mNeedShowDialog: true, mVolumeView.isShown: false
06-22 11:23:40.366 30727  2209 I AudioTrackImpl: before scaleVolumeForVideo L:1.000000 R:1.000000 and the pakage is com.dibay.app
06-22 11:23:40.366 30727  2209 D AudioTrack: AudioTrack::setVolume L:1.000000 R:1.000000 sessionid=50425
06-22 11:23:40.366  1025 21795 V audio_utils::mutex: mutex_impl: audio_mutex initialized: ret:0  order:21
06-22 11:23:40.366  1025 21539 D APM::AudioPolicyEngine: getDevices ForStrategy() strategy 0, device 0x1 avadevice 0x1, 0x2, 0x10000, 0x100000 sfu [0]:0, [1]:0, [4]:11
06-22 11:23:40.367  1025 21795 V audio_utils::mutex: mutex_impl: audio_mutex initialized: ret:0  order:21
06-22 11:23:40.367  1025 21795 V audio_utils::mutex: mutex_impl: audio_mutex initialized: ret:0  order:21
06-22 11:23:40.367  1673  1939 I AS.AudioService: onUpdateContextualVolumes: absolute volume driving streams 0 avrcp supported: false
06-22 11:23:40.367  1025 21795 V audio_utils::mutex: mutex_impl: audio_mutex initialized: ret:0  order:21
06-22 11:23:40.367  1025  1438 D AudioFlinger_Threads: updateWakeLockUids_l AudioOut_1D uids:
06-22 11:23:40.367  1025  1443 D AudioFlinger_Threads: updateWakeLockUids_l AudioOut_25 uids:
06-22 11:23:40.367 30727  2209 D AAudioStream: setState(s#5) from 0 to 2
06-22 11:23:40.368  1025 21539 I AudioPolicyInterfaceImpl: setDeviceAbsoluteVolumeEnabled: deviceAidl AudioDevice{type: AudioDeviceDescription{type: OUT_HEARING_AID, connection: wireless}, address: AudioDeviceAddress{id: }}, enabled 1, streamToDriveAbsAidl 0
06-22 11:23:40.368  1025 21539 I APM_AudioPolicyManager: setDeviceAbsoluteVolumeEnabled: deviceType 0x8000000, enabled 1, streamToDriveAbs 0
06-22 11:23:40.369 30727  2209 I AAudio  : AAudioStreamBuilder_openStream() returns 0 = AAUDIO_OK for s#5 ----------------
06-22 11:23:40.369  1025 21795 I AudioPolicyInterfaceImpl: setDeviceAbsoluteVolumeEnabled: deviceAidl AudioDevice{type: AudioDeviceDescription{type: OUT_HEADSET, connection: bt-le}, address: AudioDeviceAddress{id: }}, enabled 1, streamToDriveAbsAidl 0
06-22 11:23:40.369  1025 21795 I APM_AudioPolicyManager: setDeviceAbsoluteVolumeEnabled: deviceType 0x20000000, enabled 1, streamToDriveAbs 0
06-22 11:23:40.370 30727  2209 D AAudio  : AAudioStream_requestStop(s#1) called
06-22 11:23:40.370 30727  2209 D AAudioStream: setState(s#1) from 4 to 9
06-22 11:23:40.370  1025 21539 I AudioPolicyInterfaceImpl: setDeviceAbsoluteVolumeEnabled: deviceAidl AudioDevice{type: AudioDeviceDescription{type: OUT_SPEAKER, connection: bt-le}, address: AudioDeviceAddress{id: }}, enabled 1, streamToDriveAbsAidl 0
06-22 11:23:40.370 30727  2209 D AudioTrack: stop(5498): 0xb4000079014a1c20, prior state:STATE_ACTIVE packageName: com.dibay.app
06-22 11:23:40.370  1025 21539 I APM_AudioPolicyManager: setDeviceAbsoluteVolumeEnabled: deviceType 0x20000001, enabled 1, streamToDriveAbs 0
06-22 11:23:40.370 30727  2209 D AudioTrack: stop(5498): prior state:STATE_ACTIVE
06-22 11:23:40.370 30727  2209 D AudioTrack: stop(5498): called with 13056 frames delivered
06-22 11:23:40.370 30727  2209 D AudioTrackShared: this(0xb4000077d14dac90), mCblk(0x7a6a0fc000), front(9208064), mIsOut 1, interrupt() FUTEX_WAKE
06-22 11:23:40.371  1025 21539 I AudioPolicyInterfaceImpl: setDeviceAbsoluteVolumeEnabled: deviceAidl AudioDevice{type: AudioDeviceDescription{type: OUT_BROADCAST, connection: bt-le}, address: AudioDeviceAddress{id: }}, enabled 1, streamToDriveAbsAidl 0
06-22 11:23:40.371  1673  3913 E AppOps  : attributionTag  not declared in manifest of com.dibay.app
06-22 11:23:40.371  1025 21539 I APM_AudioPolicyManager: setDeviceAbsoluteVolumeEnabled: deviceType 0x20000002, enabled 1, streamToDriveAbs 0
06-22 11:23:40.372  1673  1939 D MediaFocusControlStubImpl: setModeOwnerUid() 10307
06-22 11:23:40.372  1673  3913 E AppOps  : attributionTag  not declared in manifest of com.dibay.app
06-22 11:23:40.372  1673  1939 D AudioServiceStubImpl: updateVolumeBoostState audiomode 0
06-22 11:23:40.372  1673  1939 D AudioServiceStubImpl: onUpdateAudioMode audiomode 3 package:com.dibay.app
06-22 11:23:40.372  1673  1698 D AudioServiceStubImpl: cyhandleAudioModeUpdate
06-22 11:23:40.372 30727  2209 W libutils.threads: Thread (this=0xb4000077d14e7830): getTid() is undefined before run()
06-22 11:23:40.372 30727  2209 D AudioTrack: stop(5498): 0xb4000079014a1c20 stop done
06-22 11:23:40.373  1673  1936 V AS.AudioDeviceBroker: onSetCommunicationDeviceForClient: CommunicationDeviceInfo mCb=android.os.BinderProxy@afcb4a7 mAttributionSource=android.content.AttributionSource@444df5cc mDevice=[AudioDeviceAttributes: role:output type:speaker addr: name:24076RP19G profiles:[{ENCODING_PCM_16BIT, sampling rates=[44100, 48000], channel masks=0x0C, encapsulation type=0}, {ENCODING_PCM_32BIT, sampling rates=[44100, 48000], channel masks=0x0C, encapsulation type=0}, {ENCODING_PCM_FLOAT, sampling rates=[44100, 48000], channel masks=0x0C, encapsulation type=0}] descriptors:[]] mOn=true mScoAudioMode=-1 mIsPrivileged=false mEventSource=setCommunicationDevice() from u/pid:10307/30727
06-22 11:23:40.373 30727  2209 D AAudioStream: setState(s#1) from 9 to 10
06-22 11:23:40.373  1673  1936 V AS.AudioDeviceBroker: setCommunicationRouteForClient: device: AudioDeviceAttributes: role:output type:speaker addr: name:24076RP19G profiles:[{ENCODING_PCM_16BIT, sampling rates=[44100, 48000], channel masks=0x0C, encapsulation type=0}, {ENCODING_PCM_32BIT, sampling rates=[44100, 48000], channel masks=0x0C, encapsulation type=0}, {ENCODING_PCM_FLOAT, sampling rates=[44100, 48000], channel masks=0x0C, encapsulation type=0}] descriptors:[], eventSource: setCommunicationDevice() from u/pid:10307/30727
06-22 11:23:40.373 30727  2209 D AAudio  : AAudioStream_requestStop(s#1) called
06-22 11:23:40.373 30727  2209 D AAudio  : AAudioStream_close(s#1) called ---------------
06-22 11:23:40.373 30727  2209 D AAudioStream: setState(s#1) from 10 to 11
06-22 11:23:40.373  1673  1936 I AS.AudioDeviceBroker: setCommunicationRouteForClient for uid: 10307 device: AudioDeviceAttributes: role:output type:speaker addr: name:24076RP19G profiles:[{ENCODING_PCM_16BIT, sampling rates=[44100, 48000], channel masks=0x0C, encapsulation type=0}, {ENCODING_PCM_32BIT, sampling rates=[44100, 48000], channel masks=0x0C, encapsulation type=0}, {ENCODING_PCM_FLOAT, sampling rates=[44100, 48000], channel masks=0x0C, encapsulation type=0}] descriptors:[] isPrivileged: false from API: setCommunicationDevice() from u/pid:10307/30727
06-22 11:23:40.373 30727  2209 D AudioTrack: stop(5498): 0xb4000079014a1c20, prior state:STATE_STOPPED packageName: com.dibay.app
06-22 11:23:40.373 30727  2209 D AudioTrack: stop(5498): prior state:STATE_STOPPED
06-22 11:23:40.373  1673  1936 V AS.AudioDeviceBroker: requestedCommunicationDevice: null mode owner pid: 0 crc: null
06-22 11:23:40.373  1673  1936 V AS.AudioDeviceBroker: requestedCommunicationDevice: null mode owner pid: 0 crc: null
06-22 11:23:40.373 30727  2209 D AudioTrack: stopAndJoinCallbacks(5498) done
06-22 11:23:40.373 30727  2209 D AudioTrack: ~AudioTrack(sessionID=50393)
06-22 11:23:40.373 30727  2209 D AudioTrack: ~AudioTrack(5498): 0xb4000079014a1c20, calling stop()
06-22 11:23:40.373 30727  2209 D AudioTrack: stop(5498): 0xb4000079014a1c20, prior state:STATE_STOPPED packageName: com.dibay.app
06-22 11:23:40.373 30727  2209 D AudioTrack: stop(5498): prior state:STATE_STOPPED
06-22 11:23:40.373 30727  2209 D AudioTrack: stopAndJoinCallbacks(5498) done
06-22 11:23:40.374  1673  1936 V AS.AudioDeviceBroker: requestedCommunicationDevice: AudioDeviceAttributes: role:output type:speaker addr: name:24076RP19G profiles:[{ENCODING_PCM_16BIT, sampling rates=[44100, 48000], channel masks=0x0C, encapsulation type=0}, {ENCODING_PCM_32BIT, sampling rates=[44100, 48000], channel masks=0x0C, encapsulation type=0}, {ENCODING_PCM_FLOAT, sampling rates=[44100, 48000], channel masks=0x0C, encapsulation type=0}] descriptors:[] mode owner pid: 0 crc: [CommunicationRouteClient: mAttributionSource: android.content.AttributionSource@444df5cc mDevice: AudioDeviceAttributes: role:output type:speaker addr: name:24076RP19G profiles:[{ENCODING_PCM_16BIT, sampling rates=[44100, 48000], channel masks=0x0C, encapsulation type=0}, {ENCODING_PCM_32BIT, sampling rates=[44100, 48000], channel masks=0x0C, encapsulation type=0}, {ENCODING_PCM_FLOAT, sampling rates=[44100, 48000], channel masks=0x0C, encapsulation type=0}] descriptors:[] mIsPrivileged: false mPlaybackActive: true mRecordingActive: true mDisabled: false]
06-22 11:23:40.374  1673  1936 V AS.AudioDeviceBroker: requestedCommunicationDevice crc.pid: 30727 crc.uid: 10307 crc.Cb: android.os.BinderProxy@afcb4a7
06-22 11:23:40.374  1673  1936 V AS.AudioDeviceBroker: requestedCommunicationDevice: AudioDeviceAttributes: role:output type:speaker addr: name:24076RP19G profiles:[{ENCODING_PCM_16BIT, sampling rates=[44100, 48000], channel masks=0x0C, encapsulation type=0}, {ENCODING_PCM_32BIT, sampling rates=[44100, 48000], channel masks=0x0C, encapsulation type=0}, {ENCODING_PCM_FLOAT, sampling rates=[44100, 48000], channel masks=0x0C, encapsulation type=0}] descriptors:[] mode owner pid: 0 crc: [CommunicationRouteClient: mAttributionSource: android.content.AttributionSource@444df5cc mDevice: AudioDeviceAttributes: role:output type:speaker addr: name:24076RP19G profiles:[{ENCODING_PCM_16BIT, sampling rates=[44100, 48000], channel masks=0x0C, encapsulation type=0}, {ENCODING_PCM_32BIT, sampling rates=[44100, 48000], channel masks=0x0C, encapsulation type=0}, {ENCODING_PCM_FLOAT, sampling rates=[44100, 48000], channel masks=0x0C, encapsulation type=0}] descriptors:[] mIsPrivileged: false mPlaybackActive: true mRecordingActive: true mDisabled: false]
06-22 11:23:40.374  1673  1936 V AS.AudioDeviceBroker: requestedCommunicationDevice crc.pid: 30727 crc.uid: 10307 crc.Cb: android.os.BinderProxy@afcb4a7
06-22 11:23:40.375 30727  2209 D AAudioStream: setState(s#1) from 11 to 12
06-22 11:23:40.375 30727  2209 D AAudioStream: ~AudioStream(s#1) mPlayerBase strongCount = 2
06-22 11:23:40.375 30727  2209 D AAudio  : AAudioStream_close(s#1) returned 0 ---------
06-22 11:23:40.376  1673  1936 D AudioDeviceBrokerStubImpl: setCommunicationRouteForClient for LEA false false
06-22 11:23:40.376  1673  1936 D AS.BtHelper: isBluetoothScoOn() mBluetoothHeadset is null: truemBluetoothHeadsetDevice is null: true
06-22 11:23:40.377  1673  1936 V AS.AudioDeviceBroker: requestedCommunicationDevice: AudioDeviceAttributes: role:output type:speaker addr: name:24076RP19G profiles:[{ENCODING_PCM_16BIT, sampling rates=[44100, 48000], channel masks=0x0C, encapsulation type=0}, {ENCODING_PCM_32BIT, sampling rates=[44100, 48000], channel masks=0x0C, encapsulation type=0}, {ENCODING_PCM_FLOAT, sampling rates=[44100, 48000], channel masks=0x0C, encapsulation type=0}] descriptors:[] mode owner pid: 0 crc: [CommunicationRouteClient: mAttributionSource: android.content.AttributionSource@444df5cc mDevice: AudioDeviceAttributes: role:output type:speaker addr: name:24076RP19G profiles:[{ENCODING_PCM_16BIT, sampling rates=[44100, 48000], channel masks=0x0C, encapsulation type=0}, {ENCODING_PCM_32BIT, sampling rates=[44100, 48000], channel masks=0x0C, encapsulation type=0}, {ENCODING_PCM_FLOAT, sampling rates=[44100, 48000], channel masks=0x0C, encapsulation type=0}] descriptors:[] mIsPrivileged: false mPlaybackActive: true mRecordingActive: true mDisabled: false]
06-22 11:23:40.377  1673  1936 V AS.AudioDeviceBroker: requestedCommunicationDevice crc.pid: 30727 crc.uid: 10307 crc.Cb: android.os.BinderProxy@afcb4a7
06-22 11:23:40.377  2402  2402 D VolumePanelViewController_true: updateVolumeColumnH: stream: 10, level: 11, levelMax: 15, mAutomute: true, streamMuted: false, tracking: false
06-22 11:23:40.377  2402  2402 D VolumePanelViewController_true: updateVolumeColumnSliderH: stream: 10, mActiveStream: -1, streamMute: false, vlevel: 11, level: 14, progress: 14000, newProgress: 11000, columnVisible: false, inGracePeriod: false, sliderChangeIsNeedAnim: true
06-22 11:23:40.377  1673  1936 V AS.AudioDeviceBroker: updateCommunicationRoute, preferredCommunicationDevice: AudioDeviceAttributes: role:output type:speaker addr: name:24076RP19G profiles:[{ENCODING_PCM_16BIT, sampling rates=[44100, 48000], channel masks=0x0C, encapsulation type=0}, {ENCODING_PCM_32BIT, sampling rates=[44100, 48000], channel masks=0x0C, encapsulation type=0}, {ENCODING_PCM_FLOAT, sampling rates=[44100, 48000], channel masks=0x0C, encapsulation type=0}] descriptors:[] eventSource: setCommunicationDevice() from u/pid:10307/30727
06-22 11:23:40.377 30727  2209 I AAudio  : AAudioStreamBuilder_openStream() called ----------------------------------------
06-22 11:23:40.377 30727  2209 I AudioStreamBuilder: rate   =  48000, channels  = 2, channelMask = 0x3, format   = 5, sharing = SH, dir = OUTPUT
06-22 11:23:40.377 30727  2209 I AudioStreamBuilder: device = AUDIO_PORT_HANDLE_NONE, sessionId = -1, perfMode = 12, callback: ON with frames = 256, error callback: ON
06-22 11:23:40.377  2402  2402 D MIUI_VolumeColumn: Send slider ratio! stream: 10 sliderRatio: 0.73333335
06-22 11:23:40.377 30727  2209 I AudioStreamBuilder: usage  =      1, contentType = 0, inputPreset = 0, allowedCapturePolicy = 0
06-22 11:23:40.377 30727  2209 I AudioStreamBuilder: privacy sensitive = false, opPackageName = (null), attributionTag = (null)
06-22 11:23:40.377  1673  1936 D AS.AudioDeviceBroker: updateIndexForSwitchBt preferredCommunicationDevice: AudioDeviceAttributes: role:output type:speaker addr: name:24076RP19G profiles:[{ENCODING_PCM_16BIT, sampling rates=[44100, 48000], channel masks=0x0C, encapsulation type=0}, {ENCODING_PCM_32BIT, sampling rates=[44100, 48000], channel masks=0x0C, encapsulation type=0}, {ENCODING_PCM_FLOAT, sampling rates=[44100, 48000], channel masks=0x0C, encapsulation type=0}] descriptors:[] btCommDeviceActiveType: 0
06-22 11:23:40.377  1673  1936 V AS.AudioDeviceBroker: updateCommunicationRoute, mPreCommunicationDevice: null mCurCommunicationDevice: AudioDeviceAttributes: role:output type:speaker addr: name:24076RP19G profiles:[{ENCODING_PCM_16BIT, sampling rates=[44100, 48000], channel masks=0x0C, encapsulation type=0}, {ENCODING_PCM_32BIT, sampling rates=[44100, 48000], channel masks=0x0C, encapsulation type=0}, {ENCODING_PCM_FLOAT, sampling rates=[44100, 48000], channel masks=0x0C, encapsulation type=0}] descriptors:[]
06-22 11:23:40.377 30727  2209 D AudioStreamBuilder: build() uid=10307 clientName=com.dibay.app
06-22 11:23:40.378 30727  2209 D AudioStreamBuilder: build, global mmap policy is 0
06-22 11:23:40.378  1673  1936 I AS.AudioDeviceInventory: setPreferredDevicesForStrategyInt, strategy: 0 devices: [AudioDeviceAttributes: role:output type:speaker addr: name:24076RP19G profiles:[{ENCODING_PCM_16BIT, sampling rates=[44100, 48000], channel masks=0x0C, encapsulation type=0}, {ENCODING_PCM_32BIT, sampling rates=[44100, 48000], channel masks=0x0C, encapsulation type=0}, {ENCODING_PCM_FLOAT, sampling rates=[44100, 48000], channel masks=0x0C, encapsulation type=0}] descriptors:[]]
06-22 11:23:40.378 30727  2209 D AudioStreamBuilder: build, system mmap policy is 1
06-22 11:23:40.378 30727  2209 D AudioStreamBuilder: UseAAudioApp mClientName :com.dibay.app()
06-22 11:23:40.378 30727  2209 D AudioStreamBuilder: build, final mmap policy is 1
06-22 11:23:40.378 30727  2209 D AudioStreamBuilder: build, system mmap exclusive policy is 1
06-22 11:23:40.378 30727  2209 D AudioStreamBuilder: build, final mmap exclusive policy is 1
06-22 11:23:40.378 30727  2209 D com.dibay.app: PlayerBase::PlayerBase()
06-22 11:23:40.378 30727  2209 D AudioStreamTrack: open(), request notificationFrames = -8, frameCount = 0
06-22 11:23:40.378 30727  2209 E AudioTrack: Failed to load XML file: /odm/etc/audio/audio_lowpower_app_list.xml
06-22 11:23:40.378 30727  2209 D AudioTrack: INSP: type=audio,case=1,set=0xb4000079014c72d0,stream_type=-1,sample_rate=48000,format=0x5,channel_mask=0x3,frame_count=0,flags=0x104,notification_frames=-8,session_id=0,transfer_type=1,uid=-1,pid=-1
06-22 11:23:40.378 30727  2209 D AudioTrack: INSP: type=audio,case=1,attributes=1,content_type=2,usage=1,source=0,flags=0x100
06-22 11:23:40.380  1025 21795 D APM_AudioPolicyManager: setDevicesRoleForStrategy() strategy=0 role=1 AUDIO_DEVICE_OUT_SPEAKER, @:
06-22 11:23:40.380 30727  2209 I AudioTrackImpl: initAudioTrackImpl()
06-22 11:23:40.380 30727  2209 D AudioTrackImpl: binder call: getPackageName com.dibay.app for uid 10307
06-22 11:23:40.380 30727  2209 D AudioTrack: set(): (sessionId=0), mcallback is 1, streamType -1, sampleRate 48000, format 0x5, channelMask 0x3, frameCount 0, flags 0x104, notificationFrames -8,transferType 1, mClientAttributionSource AttributionSourceState{pid: -1, uid: -1, deviceId: 0, packageName: com.dibay.app, attributionTag: (null), token: (null), renouncedPermissions: (null), next: []}
06-22 11:23:40.380 30727  2209 D AudioTrack: set(): Building AudioTrack with attributes: usage = 1, content = 2, flags = 0x100, tags = []
06-22 11:23:40.381 30727  2209 D AudioTrack: set(): 0xb4000079014c72d0, Create AudioTrackThread, tid = 3562
06-22 11:23:40.381  1040  1040 D Audio_ParameterParser: parseVendorParameterIds: scope: MODULE, keys: audio_game_sound_volume_gap_switch
06-22 11:23:40.382   960  5204 D AudioALSAHardware: -getParameters(), return ""
06-22 11:23:40.382  1025 21539 E ConversionHelperAidl: Function: parseAndGetVendorParameters Line: 51 Failed 
06-22 11:23:40.382  1040  1040 D Audio_ParameterParser: parseVendorParameterIds: scope: MODULE, keys: audio_game_sound_volume_gap_switch
06-22 11:23:40.383  1025 21539 E ConversionHelperAidl: Function: parseAndGetVendorParameters Line: 51 Failed 
06-22 11:23:40.383  1040  1040 D Audio_ParameterParser: parseVendorParameterIds: scope: MODULE, keys: audio_game_sound_volume_gap_switch
06-22 11:23:40.383  1025 21539 E ConversionHelperAidl: Function: parseAndGetVendorParameters Line: 51 Failed 
06-22 11:23:40.384  1025 21539 D AudioFlingerImpl: AudioFlingerImpl::applyCreateTrackInputRules: extracted packageName=com.dibay.app from uid=10307
06-22 11:23:40.384  1025 21795 V audio_utils::mutex: mutex_impl: audio_mutex initialized: ret:0  order:6
06-22 11:23:40.384  1025 21539 V AudioPolicyInterfaceImpl: getOutputForAttr()
06-22 11:23:40.385  1025 21795 D APM_AudioPolicyManager: setOutputDevices caller updateCallAndOutputRouting[[portId:1][io:13, primary output]] prevDevice {AUDIO_DEVICE_OUT_EARPIECE, @:}
06-22 11:23:40.387  1025 21795 D APM_AudioPolicyManager: setOutputDevices caller updateCallAndOutputRouting[[portId:1][io:13, primary output]] changing device to {AUDIO_DEVICE_OUT_SPEAKER, @:}
06-22 11:23:40.387  1025 21795 D APM_AudioPolicyManager: [MTK_APM_Route]setOutputDevices mIoHandle 13 : changing device 0x1 to 0x2, delayMs = 0, force = 1, skipMuteDelay = 0, skipDelayMTK = 0, caller updateCallAndOutputRouting[[portId:1][io:13, primary output]]
06-22 11:23:40.387  1025 21795 V audio_utils::mutex: mutex_impl: audio_mutex initialized: ret:0  order:6
06-22 11:23:40.387  1025  1353 V audio_utils::mutex: mutex_impl: audio_mutex initialized: ret:0  order:21
06-22 11:23:40.388  1025  1419 I AudioFlinger_Threads: mideviceType: 2
06-22 11:23:40.388  1025  1419 D EffectHalAidl: setDevices AUDIO_DEVICE_OUT_SPEAKER, @:
06-22 11:23:40.388  2402  2402 I VolumePanelViewController_true: updateRingerH isSilent: false, --- isZenMuted : false  ringerModeInternal : 2
06-22 11:23:40.388   960  5204 I EffectMiSound: MiSound_updateState(), enable=0, hifi=0, device=0x2, headset=5, samplingRate=0
06-22 11:23:40.388  2402  2402 D VolumePanelViewController_false: onStateChanged 
06-22 11:23:40.388   960  5204 I EffectMiSound: MiSound_updateState(), mode=0, music=0, movie=0, reset=1
06-22 11:23:40.388   960  5204 D EffectMiSound: MiSoundAurisys_SetParameter()
06-22 11:23:40.388  2402  2402 I VolumeShowHideAnimator: isRunning: false, mExpanded: false
06-22 11:23:40.388  2402  2402 I VolumeExpandCollapsedAnimator: isRunning: false, mExpanded: false
06-22 11:23:40.388   960  5204 I EffectMiSound: SetParam No.1
06-22 11:23:40.388   960  5204 I EffectMiSound: MiSound_updateState(), Speaker Dual Mode
06-22 11:23:40.388  2402  2402 D VolumePanelViewController_false: updateVolumeColumnSliderH: stream: 10, mActiveStream: -1, streamMute: false, vlevel: 11, level: 14, progress: 14000, newProgress: 11000, columnVisible: false, inGracePeriod: false, sliderChangeIsNeedAnim: true
06-22 11:23:40.388   960  6457 I EffectMiSound: MiSoundSetParameterThread: awake
06-22 11:23:40.388   960  6457 D EffectMiSound: Thread: setParam No.1 params MisoundEnable=0
06-22 11:23:40.388   960  6457 I EffectMiSound: MiSoundsetParameters_request: MisoundEnable=0
06-22 11:23:40.388  2402  2402 D MIUI_VolumeColumn: Send slider ratio! stream: 10 sliderRatio: 0.73333335
06-22 11:23:40.388   960  6457 D EffectMiSound: clientRequest: socket 28 write to server 264
06-22 11:23:40.388  1025  1419 D EffectHalAidl: setDevices AUDIO_DEVICE_OUT_SPEAKER, @:
06-22 11:23:40.389  2402  2402 I VolumePanelViewController_false: updateRingerH isSilent: false, --- isZenMuted : false  ringerModeInternal : 2
06-22 11:23:40.389   960  1141 W audio_hw_con: audio_handle_client_sock received client connect 30
06-22 11:23:40.389   960  1141 D audio_hw_con: [DEBUG] audio_con_thrad received param MisoundEnable=0
06-22 11:23:40.389   960  1018 D AHAL_DlbDapEffectContext: setOutputDevice()
06-22 11:23:40.389   960  1018 D AHAL_DlbEffectContext: setOutputDevice(): device.size()=1
06-22 11:23:40.389   960  1018 D AHAL_DlbEffectContext: setOutputDevice(): active device=2
06-22 11:23:40.389   960  1018 D DlbDapCrossfadeProcess: deviceChanged()
06-22 11:23:40.389   960  1018 D DlbDapEndpointParamCache: setDevice(device=0x00000002)
06-22 11:23:40.389   960  1018 D DlbDapEndpointParamCache: setDevice() Applying parameters for new device 0x00000002
06-22 11:23:40.389   960  1141 D AudioALSAHardware: +setParameters(): MisoundEnable=0
06-22 11:23:40.389   960  1018 D DlbDap2Process: setParam(dea = #1[4])
06-22 11:23:40.389   960  1141 D AudioALSAHardware: setParameters: [DEBUG] setParameters keyMisoundEnable: 0
06-22 11:23:40.389   960  1141 D AudioALSAHardware: -setParameters(): MisoundEnable=0
06-22 11:23:40.389   960  1018 D DlbDap2Process: setParam(iea = #1[6])
06-22 11:23:40.389   960  1018 D DlbDap2Process: setParam(dsa = #1[10])
06-22 11:23:40.389   960  1018 D DlbDap2Process: setParam(beb = #1[16])
06-22 11:23:40.389   960  1018 D DlbDap2Process: setParam(plb = #1[0])
06-22 11:23:40.389   960  1018 D DlbDap2Process: setParam(vmb = #1[56])
06-22 11:23:40.389   960  1018 D DlbDap2Process: setParam(dsb = #1[0])
06-22 11:23:40.389   960  1018 D DlbDap2Process: setParam(ded = #1[0])
06-22 11:23:40.389   960  1018 D DlbDap2Process: setParam(vbm = #1[3])
06-22 11:23:40.389   960  1018 D DlbDap2Process: Got DAP mix matrix (length=2) for processing mode 0
06-22 11:23:40.389   960  1018 D DlbDap2Process: Got DAP mix matrix (length=4) for processing mode 1
06-22 11:23:40.389   960  1018 D DlbDap2Process: Got DAP mix matrix (length=12) for processing mode 10
06-22 11:23:40.389   960  1018 D DlbDap2Process: Got DAP mix matrix (length=16) for processing mode 11
06-22 11:23:40.389   960  1018 D DlbDap2Process: Got DAP mix matrix (length=16) for processing mode 6
06-22 11:23:40.389   960  6457 I EffectMiSound: MiSoundSetParameterThread: sleep
06-22 11:23:40.389   960  1018 D DlbDap2Process: updateOutputMode(): DAP output mode set to 10 with output channel mask 0x3 and mix matrix [16384, 0, 0, 16384, 11583, 11583, 8192, 8192, 16384, 0, 0, 16384]
06-22 11:23:40.389   960  1018 D DlbDap2Process: setParam(dom = #63[1, 0, 1, 0, 2, 16384, 16384, 1, 4, 16384, 0, 0, 16384, 10, 12, 16384, 0, 0, 16384, 11583, 11583, 8192, 8192, 16384, 0, 0, 16384, 11, 16, 16384, 0, 0, 16384, 11583, 11583, 8192, 8192, 16384, 0, 0, 16384, 16384, 0, 0, 16384, 6, 16, 16384, 0, 0, 16384, 11583, 11583, 8192, 8192, 16384, 0, 0, 16384, 16384, 0, 0, 16384])
06-22 11:23:40.389   960  1018 D DlbDap2Process: setParam(svm = #1[2])
06-22 11:23:40.389   960  1018 D DlbDap2Process: setParam(bew = #1[16])
06-22 11:23:40.389   960  1018 D DlbDap2Process: setParam(hpaa = #1[900])
06-22 11:23:40.389   960  1018 D DlbDap2Process: setParam(dvla = #1[0])
06-22 11:23:40.390   960  1018 D DlbDap2Process: setParam(dfsa = #1[10])
06-22 11:23:40.390   960  1018 D DlbDap2Process: setParam(dhsa = #1[10])
06-22 11:23:40.390   960  1018 D DlbDap2Process: setParam(arsa = #3[2, 193, 192])
06-22 11:23:40.390   960  1018 D DlbDap2Process: setParam(rssa = #14[2, 6, -460, -476, -480, -470, -454, -457, -460, -476, -464, -470, -454, -457])
06-22 11:23:40.390   960  1018 D DlbDap2Process: setParam(vbhb = #6[48, -224, -176, -320, -320, -320])
06-22 11:23:40.390   960  1018 D DlbDap2Process: setParam(avsb = #1[17])
06-22 11:23:40.390   960  1018 D DlbDap2Process: setParam(svsb = #1[13])
06-22 11:23:40.390   960  1018 D DlbDap2Process: setParam(dvlc = #1[0])
06-22 11:23:40.390   960  1018 D DlbDap2Process: setParam(dvmc = #1[0])
06-22 11:23:40.390   960  1018 D DlbDap2Process: setParam(svrc = #8[16, 32568, 11164, 5090, 1, 3, 0, 1])
06-22 11:23:40.390   960  1018 D DlbDap2Process: setParam(arod = #1[0])
06-22 11:23:40.390   960  1018 D DlbDap2Process: setParam(vssd = #1[4])
06-22 11:23:40.390   960  1018 D DlbDap2Process: setParam(mvbe = #1[0])
06-22 11:23:40.390   960  1018 D DlbDap2Process: setParam(bmde = #1[1])
06-22 11:23:40.390   960  1018 D DlbDap2Process: setParam(arde = #1[1])
06-22 11:23:40.390   960  1018 D DlbDap2Process: setParam(mdee = #1[1])
06-22 11:23:40.390   960  1018 D DlbDap2Process: setParam(dvle = #1[1])
06-22 11:23:40.390   960  1018 D DlbDap2Process: setParam(rsse = #1[1])
06-22 11:23:40.390   960  1018 D DlbDap2Process: setParam(becf = #1[203])
06-22 11:23:40.390   960  1018 D DlbDap2Process: setParam(vbmf = #2[94, 469])
06-22 11:23:40.390   960  1018 D DlbDap2Process: setParam(vbsf = #2[35, 160])
06-22 11:23:40.390   960  1018 D DlbDap2Process: setParam(vbbg = #1[-20])
06-22 11:23:40.390   960  1018 D DlbDap2Process: setParam(vbhg = #3[-32, -144, -192])
06-22 11:23:40.390   960  1018 D DlbDap2Process: setParam(vbog = #1[0])
06-22 11:23:40.391   960  1018 D DlbDap2Process: setParam(vbrg = #1[-12])
06-22 11:23:40.391   960  1018 D DlbDap2Process: setParam(vbsg = #1[0])
06-22 11:23:40.391   960  1018 D DlbDap2Process: setParam(dvli = #1[-256])
06-22 11:23:40.391   960  1018 D DlbDap2Process: setParam(dhfm = #1[1])
06-22 11:23:40.391   960  1018 D DlbDap2Process: setParam(vbhm = #4[-56, 64, 64, 64])
06-22 11:23:40.391   960  1018 D DlbDap2Process: setParam(beon = #1[0])
06-22 11:23:40.391   960  1018 D DlbDap2Process: setParam(ceon = #1[1])
06-22 11:23:40.391   960  1018 D DlbDap2Process: setParam(deon = #1[1])
06-22 11:23:40.391   960  1018 D DlbDap2Process: setParam(geon = #1[1])
06-22 11:23:40.391   960  1018 D DlbDap2Process: setParam(ieon = #1[0])
06-22 11:23:40.391   960  1018 D DlbDap2Process: setParam(ngon = #1[1])
06-22 11:23:40.391   960  1018 D DlbDap2Process: setParam(aoon = #1[1])
06-22 11:23:40.391   960  1018 D DlbDap2Process: setParam(hpon = #1[0])
06-22 11:23:40.391   960  1018 D DlbDap2Process: setParam(aron = #1[1])
06-22 11:23:40.391   960  1018 D DlbDap2Process: setParam(dvlo = #1[-256])
06-22 11:23:40.391   960  1018 D DlbDap2Process: setParam(dplp = #1[241])
06-22 11:23:40.391   960  1018 D DlbDap2Process: setParam(artp = #1[12])
06-22 11:23:40.391   960  1018 D DlbDap2Process: setParam(hpar = #1[1600])
06-22 11:23:40.391   960  1018 D DlbDap2Process: setParam(aobs = #62[20, 2, 47, 141, 234, 328, 469, 656, 844, 1031, 1313, 1688, 2250, 3000, 3750, 4688, 5813, 7125, 9000, 11250, 13875, 19688, 0, 0, 16, 18, 0, -38, -32, -30, -6, 16, -8, -34, -53, -140, -71, -34, -22, -30, -16, -32, 0, 0, 16, 18, 0, -38, -32, -30, -6, 16, -14, -10, -49, -106, -71, -18, 11, 3, 16, 0])
06-22 11:23:40.391   960  1018 D DlbDap2Process: setParam(arbs = #81[20, 47, 141, 234, 328, 469, 656, 844, 1031, 1313, 1688, 2250, 3000, 3750, 4688, 5813, 7125, 9000, 11250, 13875, 19688, -1152, -192, -192, -192, -343, -343, -339, -340, -408, -316, -192, -192, -288, -299, -302, -240, -192, -192, -192, -192, -960, 0, 0, 0, -151, -151, -147, -148, -216, -124, 0, 0, -96, -107, -110, -48, 0, 0, 0, 0, 1, 1, 1, 1, 1, 1, 1, 1, 1, 1, 1, 1, 1, 1, 1, 1, 0, 0, 0, 0])
06-22 11:23:40.391   960  1018 D DlbDap2Process: setParam(ards = #1[16])
06-22 11:23:40.392   960  1018 D DlbDap2Process: setParam(hpat = #1[-256])
06-22 11:23:40.392   960  1018 D DlbDap2Process: setParam(vbct = #7[1, 101, -176, 64, 32, 50, 50])
06-22 11:23:40.392   960  1018 D DlbDap2Process: setParam(bmdt = #80[0, -1600, 0, -1120, -400, -240, 0, 5, 10, 0, 1, -1600, 0, -1120, -144, 0, -48, 50, 50, 48, 1, -1600, 0, -1120, -112, 0, -48, 50, 50, 48, 1, -1600, 0, -1120, -144, 0, -48, 50, 50, 48, 1, -1600, 0, -1120, -224, 0, -32, 50, 50, 16, 1, -1600, 0, -1120, -176, -160, 0, 50, 50, 0, 1, -1600, 0, -1120, -400, 0, 0, 5, 10, 0, 1, -1600, 0, -1120, -400, -240, 0, 5, 10, 0])
06-22 11:23:40.392   960  1018 D DlbDap2Process: Effect dumpParams(ceqt = #312[2, 155, 0, 32767, 0, 32767, 0, 32767, 0, 32767, 0, 32767, 0, 32767, 0, 32767, 0, 32767, 0, 32767, 0, 32767, 0, 32767, 0, 32767, 0, 32767, 0, 32767, 0, 32767, 0, 32767, 0, 32767, 0, 32767, 0, 32767, 0, 32767, 0, 32767, 0, 32767, 0, 32767, 0, 32767, 0, 32767, 0, 32767, 0, 32767, 0, 13106, 0, 32767, 0, 32767, 0, 32767, 0, 32767, 0, 32767, 0, 32767, 0, 32767, 0, 32767, 0, 32767, 0, 32767, 0, 32767,
06-22 11:23:40.392   960  1018 D DlbDap2Process:   ceqt continue:     0, 32767, 0, 32767, 0, 32767, 0, 32767, 0, 32767, 0, 32767, 0, 32767, 0, 32767, 0, 32767, 0, 32767, 0, 32767, 0, 32767, 0, 32767, 0, 32767, 0, 32767, 0, 32767, 0, 32767, 0, 32767, 0, 32767, 0, 32767, 0, 32767, 0, 32767, 0, 32767, 0, 32767, 0, 32767, 0, 32767, 0, 32767, 0, 32767, 0, 32767, 0, 32767, 0, 32767, 0, 32767, 0, 32767, 0, 32767, 0, 32767, 0, 32767, 0, 32767, 0, 32767, 0, 0, 32767, 0,
06-22 11:23:40.392   960  1018 D DlbDap2Process:   ceqt continue:     32767, 0, 32767, 0, 32767, 0, 32767, 0, 32767, 0, 32767, 0, 32767, 0, 32767, 0, 32767, 0, 32767, 0, 32767, 0, 32767, 0, 32767, 0, 32767, 0, 32767, 0, 32767, 0, 32767, 0, 32767, 0, 32767, 0, 32767, 0, 32767, 0, 32767, 0, 32767, 0, 32767, 0, 32767, 0, 32767, 0, 13106, 0, 32767, 0, 32767, 0, 32767, 0, 32767, 0, 32767, 0, 32767, 0, 32767, 0, 32767, 0, 32767, 0, 32767, 0, 32767, 0, 32767, 0, 32767, 0,
06-22 11:23:40.392   960  1018 D DlbDap2Process:   ceqt continue:     32767, 0, 32767, 0, 32767, 0, 32767, 0, 32767, 0, 32767, 0, 32767, 0, 32767, 0, 32767, 0, 32767, 0, 32767, 0, 32767, 0, 32767, 0, 32767, 0, 32767, 0, 32767, 0, 32767, 0, 32767, 0, 32767, 0, 32767, 0, 32767, 0, 32767, 0, 32767, 0, 32767, 0, 32767, 0, 32767, 0, 32767, 0, 32767, 0, 32767, 0, 32767, 0, 32767, 0, 32767, 0, 32767, 0, 32767, 0, 32767, 0, 32767, 0])
06-22 11:23:40.392   960  1018 D DlbDap2Process: setParam(hptw = #1[6])
06-22 11:23:40.392   960  1018 D DlbDap2Process: setParam(vbmx = #2[50, 1000])
06-22 11:23:40.392   960  1018 D DlbDapEndpointParamCache: doCommit() Committed 66 parameters out of 66.
06-22 11:23:40.392   960  1018 D AHAL_DlbDapEffectContext: updateInputFormat() mIsDecContentProcEnabled: 1, channels: 0x3, mCurrentDevice: 0x2, mAudioFlags: 0x200
06-22 11:23:40.392   960  1018 D DlbDap2Process: setHTParam: mIsBinauralInput: 0
06-22 11:23:40.392   960  1018 D DlbDap2Process: DAP input format is 0x22 with input channel mask 0x3
06-22 11:23:40.392   985  6477 D DolbyManagerService: setActiveDevice called with device = 0x2 (original 0x2)
06-22 11:23:40.393  1025  1419 D DeviceHalAidl: [default] createAudioPatch: sources: 1 sinks 1
06-22 11:23:40.393  1025  1419 D Hal2AidlMapper: [default] createOrUpdatePatch: patch ID: 1, [disregard IDs] sources: [AudioPortConfig{id: 1, portId: 0, sampleRate: Int{value: 48000}, channelMask: AudioChannelLayout{layoutMask: 3}, format: AudioFormatDescription{type: PCM, pcm: INT_32_BIT, encoding: }, gain: (null), flags: AudioIoFlags{output: 10}, ext: AudioPortExt{mix: AudioPortMixExt{handle: 13, usecase: AudioPortMixExtUseCase{stream: SYS_RESERVED_DEFAULT}, maxOpenStreamCount: 0, maxActiveStreamCount: 0, recommendedMuteDurationMs: 0}}}], sinks: [AudioPortConfig{id: 3, portId: 0, sampleRate: (null), channelMask: (null), format: (null), gain: (null), flags: (null), ext: AudioPortExt{device: AudioPortDeviceExt{device: AudioDevice{type: AudioDeviceDescription{type: OUT_SPEAKER, connection: }, address: AudioDeviceAddress{id: }}, flags: 0, encodedFormats: [], encapsulationModes: 0, encapsulationMetadataTypes: 0, speakerLayout: (null)}}}]
06-22 11:23:40.393  1025  1419 D Hal2AidlMapper: [default] findOrCreatePortConfig: device port config does not have audio or gain config specified
06-22 11:23:40.393   960  1018 D AHAL_Module: setAudioPatch: default: requested patch AudioPatch{id: 1, sourcePortConfigIds: [37], sinkPortConfigIds: [1893], minimumStreamBufferSizeFrames: 1024, latenciesMs: [85]}
06-22 11:23:40.393   960  1018 D AudioALSAStreamManager: calculateOutLatencyAndFrames(), flags 0xa, latency 85, frame count 1024
06-22 11:23:40.393   960  1018 D MTKAdapterLayer: setAudioPatch(), patch.mLatency: 85 patch.mFrameCount: 1024
06-22 11:23:40.393   960  1018 D AudioALSAHardware: +createAudioPatch() num_sources [1] , num_sinks [1], handle [0x0], current mAudioHalPatchVector size 4
06-22 11:23:40.393   960  1018 D AudioALSAStreamManager: +setParameters(), IOport = 13, keyValuePairs = routing=2
06-22 11:23:40.393   960  1018 D AudioALSAStreamManager: setParameters(), Send to mStreamOutVector[0], flag 10
06-22 11:23:40.394   960  1018 D AudioALSAStreamOut: value_str = 2 devices count = 1
06-22 11:23:40.394   960  1018 D AudioALSAStreamOut: updatePolicyDevice(), flag: 0xa, device: 0x2
06-22 11:23:40.394   960  1018 D AudioALSAStreamManager: +routingOutputDevice(), flag: 0xa, normal routing, output_devices: 0x1 => 0x2
06-22 11:23:40.394   960  1018 D AudioALSAStreamManager: -routingOutputDevice(), flag: 0xa, stream out not active, route itself and return
06-22 11:23:40.394   960  1018 D AudioALSAStreamOut: +routing(), route output device from 0x1 to 0x2, flag 0xa
06-22 11:23:40.394   960  1018 D AudioALSAHardware: -createAudioPatch() num_sources [1] , num_sinks [1], handle [0x2886]
06-22 11:23:40.394   960  1018 I AHAL_Stream: setConnectedDevices: Device type OUT_SPEAKER
06-22 11:23:40.394   960  1018 D AHAL_Module: setAudioPatch: default: updated patch AudioPatch{id: 1, sourcePortConfigIds: [37], sinkPortConfigIds: [1893], minimumStreamBufferSizeFrames: 1024, latenciesMs: [85]}
06-22 11:23:40.394  1025  1419 V audio_utils::mutex: mutex_impl: audio_mutex initialized: ret:0  order:21
06-22 11:23:40.394   960  1018 D AHAL_Stream: getRecommendedLatencyModes
06-22 11:23:40.396   960  1018 D MTKAdapterStreamLayer: updateMetadataCommon(), 
06-22 11:23:40.396   960  1018 I AudioALSAStreamOut: updateSourceMetadata(), do nothing source_metadata = 0x77c7c2ff78
06-22 11:23:40.397  1025 21795 D APM_AudioPolicyManager: setOutputDevices() AF::createAudioPatch returned 0 patchHandle 79532 num_sources 1 num_sinks 1
06-22 11:23:40.397  1025 21795 V audio_utils::mutex: mutex_impl: audio_mutex initialized: ret:0  order:6
06-22 11:23:40.397  1025 21795 W APM::AudioPolicyEngine::ProductStrategy: getVolumeGroupForStreamType: no volume group for AUDIO_STREAM_DEFAULT, using default
06-22 11:23:40.398  1025 21795 E APM_AudioPolicyManager: checkAndSetVolume invalid volume index range in the curve:
06-22 11:23:40.398  1025 21795 E APM_AudioPolicyManager:   Can be muted  Index Min  Index Max  Index Cur [device : index]...
06-22 11:23:40.398  1025 21795 E APM_AudioPolicyManager:   true          -1         -1         40000000 : 00, 
06-22 11:23:40.398  1025 21795 V audio_utils::mutex: mutex_impl: audio_mutex initialized: ret:0  order:6
06-22 11:23:40.398  1025 21795 D AudioPolicyManagerCustomImpl: fm_applyGainFromCheckAndSetVolume size 0/4
06-22 11:23:40.398  1025 21795 D AudioPolicyManagerCustomImpl: fm_applyGainFromCheckAndSetVolume size 1/4
06-22 11:23:40.398  1025 21795 D AudioPolicyManagerCustomImpl: fm_applyGainFromCheckAndSetVolume size 2/4
06-22 11:23:40.398  1025 21795 D AudioPolicyManagerCustomImpl: fm_applyGainFromCheckAndSetVolume size 3/4
06-22 11:23:40.399  1025 21795 V audio_utils::mutex: mutex_impl: audio_mutex initialized: ret:0  order:6
06-22 11:23:40.399  1025  1353 D AudioSystem: +setParameters(): volumeDevice=2;volumeIndex=8;volumeStreamType=0 
06-22 11:23:40.399  1025  1353 D AudioFlinger: +thread->setParameters(): io = 13, volumeDevice=2;volumeIndex=8;volumeStreamType=0
06-22 11:23:40.399  1025  1353 V audio_utils::mutex: mutex_impl: audio_mutex initialized: ret:0  order:21
06-22 11:23:40.399  1025  1419 D StreamHalAidl: [out|ioHandle:13] setParameters: parameters: "volumeDevice=2;volumeIndex=8;volumeStreamType=0"
06-22 11:23:40.399  1025  1419 D StreamHalAidl: [out|ioHandle:13] setParameters: parameters: volumeDevice=2;volumeIndex=8;volumeStreamType=0
06-22 11:23:40.400  1040  1040 D Audio_ParameterParser: parseVendorParameters: scope: STREAM, keys/values: volumeDevice=2;volumeIndex=8;volumeStreamType=0
06-22 11:23:40.400   960  1018 D AudioALSAStreamOut: +setParameters(): flag 10
06-22 11:23:40.400   960  1018 D AudioALSAStreamManager: setVolumeIndex() stream= 0, device= 0x2, index= 8
06-22 11:23:40.400   960  1018 D SpeechDriverNormal: setMDVolumeIndex(), stream: 0, device: 0x2, index: 8, sph off, return
06-22 11:23:40.400   960  1018 D AudioMTKGainController: setNormalVolume(), mSceneIndex = 0, stream 0, devices 0x2, index 8, mode 0x3, gainDevice 0x2
06-22 11:23:40.400   960  1018 D AudioMTKGainController: setSpeakerGain(), gain = 9, spkAnaType = 3
06-22 11:23:40.401  1025  1353 D AudioFlinger: -thread->setParameters(): io = 13, volumeDevice=2;volumeIndex=8;volumeStreamType=0
06-22 11:23:40.401  1025 21795 W APM::AudioPolicyEngine::ProductStrategy: getVolumeGroupForStreamType: no volume group for AUDIO_STREAM_DEFAULT, using default
06-22 11:23:40.401  1025 21795 W APM::AudioPolicyEngine::ProductStrategy: getVolumeGroupForStreamType: no volume group for AUDIO_STREAM_DEFAULT, using default
06-22 11:23:40.402  1025 21795 E APM_AudioPolicyManager: checkAndSetVolume invalid volume index range in the curve:
06-22 11:23:40.402  1025 21795 E APM_AudioPolicyManager:   Can be muted  Index Min  Index Max  Index Cur [device : index]...
06-22 11:23:40.402  1025 21795 E APM_AudioPolicyManager:   true          -1         -1         40000000 : 00, 
06-22 11:23:40.402  1025 21795 V audio_utils::mutex: mutex_impl: audio_mutex initialized: ret:0  order:6
06-22 11:23:40.402  1025 21795 D AudioPolicyManagerCustomImpl: fm_applyGainFromCheckAndSetVolume size 0/4
06-22 11:23:40.402  1025 21795 D AudioPolicyManagerCustomImpl: fm_applyGainFromCheckAndSetVolume size 1/4
06-22 11:23:40.402  1025 21795 D AudioPolicyManagerCustomImpl: fm_applyGainFromCheckAndSetVolume size 2/4
06-22 11:23:40.402  1025 21795 D AudioPolicyManagerCustomImpl: fm_applyGainFromCheckAndSetVolume size 3/4
06-22 11:23:40.403  1025 21795 V audio_utils::mutex: mutex_impl: audio_mutex initialized: ret:0  order:6
06-22 11:23:40.403  1025  1353 D AudioSystem: +setParameters(): volumeDevice=2;volumeIndex=8;volumeStreamType=0 
06-22 11:23:40.403  1025  1353 D AudioFlinger: +thread->setParameters(): io = 13, volumeDevice=2;volumeIndex=8;volumeStreamType=0
06-22 11:23:40.403  1025  1353 V audio_utils::mutex: mutex_impl: audio_mutex initialized: ret:0  order:21
06-22 11:23:40.404  1025  1419 D StreamHalAidl: [out|ioHandle:13] setParameters: parameters: "volumeDevice=2;volumeIndex=8;volumeStreamType=0"
06-22 11:23:40.404  1025  1419 D StreamHalAidl: [out|ioHandle:13] setParameters: parameters: volumeDevice=2;volumeIndex=8;volumeStreamType=0
06-22 11:23:40.404  1040  1040 D Audio_ParameterParser: parseVendorParameters: scope: STREAM, keys/values: volumeDevice=2;volumeIndex=8;volumeStreamType=0
06-22 11:23:40.404   960  1018 D AudioALSAStreamOut: +setParameters(): flag 10
06-22 11:23:40.404   960  1018 D AudioALSAStreamManager: setVolumeIndex() stream= 0, device= 0x2, index= 8
06-22 11:23:40.404   960  1018 D SpeechDriverNormal: setMDVolumeIndex(), stream: 0, device: 0x2, index: 8, sph off, return
06-22 11:23:40.405   960  1018 D AudioMTKGainController: setNormalVolume(), mSceneIndex = 0, stream 0, devices 0x2, index 8, mode 0x3, gainDevice 0x2
06-22 11:23:40.405   960  1018 D AudioMTKGainController: setSpeakerGain(), gain = 9, spkAnaType = 3
06-22 11:23:40.405  1025  1353 D AudioFlinger: -thread->setParameters(): io = 13, volumeDevice=2;volumeIndex=8;volumeStreamType=0
06-22 11:23:40.406  1025 21795 W APM::AudioPolicyEngine::ProductStrategy: getVolumeGroupForStreamType: no volume group for AUDIO_STREAM_DEFAULT, using default
06-22 11:23:40.406  1025 21795 D APM_AudioPolicyManager: setOutputDevices caller updateCallAndOutputRouting[[portId:6][io:21, fast]] prevDevice {AUDIO_DEVICE_OUT_EARPIECE, @:}
06-22 11:23:40.408  1025 21795 V audio_utils::mutex: mutex_impl: audio_mutex initialized: ret:0  order:6
06-22 11:23:40.408  1025 21795 V audio_utils::mutex: mutex_impl: audio_mutex initialized: ret:0  order:6
06-22 11:23:40.413  1045  1045 E HwcComposer: presentOrValidateDisplay 0 presentFence:-1
06-22 11:23:40.414  1045  1045 I MI-SF   : surfaceflinger setAffinity mode=0
06-22 11:23:40.414  1045  1045 E MI-SF   : surfaceflinger setAffinity success
06-22 11:23:40.415  1045  1537 W libc    : Access denied finding property "ro.vendor.display.max_hdr_luminance"
06-22 11:23:40.418  2402  2402 I DeviceUtils: getComputilityLevel(): 2
06-22 11:23:40.418  2402  2402 I DeviceUtils: getComputilityLevel(): 2
06-22 11:23:40.418  2402  2402 I DeviceUtils: getComputilityLevel(): 2
06-22 11:23:40.422  1673  1998 E CamOpt_Service: No CPU temp nodes available
06-22 11:23:40.428  2402  2402 I DeviceUtils: getComputilityLevel(): 2
06-22 11:23:40.428  2402  2402 I DeviceUtils: getComputilityLevel(): 2
06-22 11:23:40.428  2402  2402 I DeviceUtils: getComputilityLevel(): 2
06-22 11:23:40.451  2402  2402 I DeviceUtils: getComputilityLevel(): 2
06-22 11:23:40.452  2402  2402 I DeviceUtils: getComputilityLevel(): 2
06-22 11:23:40.452  2402  2402 I DeviceUtils: getComputilityLevel(): 2
06-22 11:23:40.472  2402  2402 I DeviceUtils: getComputilityLevel(): 2
06-22 11:23:40.472  2402  2402 I DeviceUtils: getComputilityLevel(): 2
06-22 11:23:40.473  2402  2402 I DeviceUtils: getComputilityLevel(): 2
06-22 11:23:40.476  1139  1251 D connsyslogger: SD_LOG_ROOT is /data/debuglogger/connsyslog/fw.
06-22 11:23:40.476  1139  1251 D connsyslogger: systemReady:1
06-22 11:23:40.488  2402  2402 I DeviceUtils: getComputilityLevel(): 2
06-22 11:23:40.489  2402  2402 I DeviceUtils: getComputilityLevel(): 2
06-22 11:23:40.489  2402  2402 I DeviceUtils: getComputilityLevel(): 2
06-22 11:23:40.492  1025  1435 D AudioTrackShared: this(0xb4000079d85944d0), mCblk(0x7a83efd000), front(9208064), mIsOut 1, setStreamEndDone() FUTEX_WAKE
06-22 11:23:40.492   970   982 I hwcomposer: [HWCDisplay] (0 updateFps():3644), (type:1, mode:2) fps:32.928925,dur:1002.16,max:232.70,min:14.38  
06-22 11:23:40.495  1025 21795 D APM_AudioPolicyManager: setOutputDevices caller updateCallAndOutputRouting[[portId:6][io:21, fast]] changing device to {AUDIO_DEVICE_OUT_SPEAKER, @:}
06-22 11:23:40.495  1025 21795 D APM_AudioPolicyManager: [MTK_APM_Route]setOutputDevices mIoHandle 21 : changing device 0x1 to 0x2, delayMs = 0, force = 1, skipMuteDelay = 0, skipDelayMTK = 0, caller updateCallAndOutputRouting[[portId:6][io:21, fast]]
06-22 11:23:40.495  1025 21795 V audio_utils::mutex: mutex_impl: audio_mutex initialized: ret:0  order:6
06-22 11:23:40.495  1025  1435 D AudioFlinger_Threads: noteStopAudioInNeed
06-22 11:23:40.495  1025  1435 D BatteryNotifier: batteryHandler::send audio stop msg! 10307, 30727, 50393, 2
06-22 11:23:40.495  1025  1435 D AudioFlinger_Threads: removeTracks_l(4607): removing track on session 50393
06-22 11:23:40.495  1025  1304 D BatteryNotifier: BatteryNotifier::update audio stop to power insight! 10307, 30727, 50393, 2, isneedReport 1
06-22 11:23:40.495  1025  1435 V AudioPolicyInterfaceImpl: stopOutput()
06-22 11:23:40.495  1025  1353 V audio_utils::mutex: mutex_impl: audio_mutex initialized: ret:0  order:21
06-22 11:23:40.495  1025  1435 V audio_utils::mutex: mutex_impl: audio_mutex initialized: ret:0  order:6
06-22 11:23:40.496  1673  1740 E BatteryStatsService: note StopAudioToPower BatteryStatsservices10307 30727 50393 5498 2
06-22 11:23:40.496  1673  1740 D BatteryStatsManagerStub: noteStopAudioInNeed uid is 10307, pid is 30727, session is 50393, port is 5498, type is 2
06-22 11:23:40.496  1025  1435 V AudioPolicyInterfaceImpl: releaseOutput()
06-22 11:23:40.496  1025  1354 V AudioPolicyInterfaceImpl: doStopOutput
06-22 11:23:40.496  1025  1435 V audio_utils::mutex: mutex_impl: audio_mutex initialized: ret:0  order:6
06-22 11:23:40.496  1673  1740 E PowerInsightPolicy: sPowerInsightService null!
06-22 11:23:40.496  1025  1435 D AudioFlinger_Threads: removeTracks_l(4607): stopping track on chain 0xb4000078385a2950 for session Id: 50393, count : 0.
06-22 11:23:40.496  5692 10904 I PowerKeeper.Event: noteStopAudioInNeed uid is 10307, sessionid is 50393, port is 5498, type is 2
06-22 11:23:40.496  1025  1435 D AudioFlinger_Threads: removeTracks_l() mActiveEffectChainIdVector.size() = 1, before mActiveEffectChainIdVector.erase(50393).
06-22 11:23:40.496  1025  1435 D AudioFlinger_Threads: updateWakeLockUids_l AudioOut_15 uids:
06-22 11:23:40.496  5692  5823 I AppActiveChecker: uid:10307change to inactive
06-22 11:23:40.497   960  1018 D MTKAdapterStreamLayer: updateMetadataCommon(), 
06-22 11:23:40.497   960  1018 I AudioALSAStreamOut: updateSourceMetadata(), do nothing source_metadata = 0x77c7c2ff78
06-22 11:23:40.497  1673  1740 D BatteryStatsService: noteStopAudio uid is 10307
06-22 11:23:40.498  1673  1740 D ProcessManager: add temp remove audio inactive uid : 10307
06-22 11:23:40.500  1025  1435 I AudioFlinger_Threads: mideviceType: 2
06-22 11:23:40.500  1025  1435 D EffectHalAidl: setDevices AUDIO_DEVICE_OUT_SPEAKER, @:
06-22 11:23:40.500  1025  1435 D DeviceHalAidl: [default] createAudioPatch: sources: 1 sinks 1
06-22 11:23:40.501  1025  1435 D Hal2AidlMapper: [default] createOrUpdatePatch: patch ID: 2, [disregard IDs] sources: [AudioPortConfig{id: 6, portId: 0, sampleRate: Int{value: 48000}, channelMask: AudioChannelLayout{layoutMask: 3}, format: AudioFormatDescription{type: PCM, pcm: INT_32_BIT, encoding: }, gain: (null), flags: AudioIoFlags{output: 4}, ext: AudioPortExt{mix: AudioPortMixExt{handle: 21, usecase: AudioPortMixExtUseCase{stream: SYS_RESERVED_DEFAULT}, maxOpenStreamCount: 0, maxActiveStreamCount: 0, recommendedMuteDurationMs: 0}}}], sinks: [AudioPortConfig{id: 3, portId: 0, sampleRate: (null), channelMask: (null), format: (null), gain: (null), flags: (null), ext: AudioPortExt{device: AudioPortDeviceExt{device: AudioDevice{type: AudioDeviceDescription{type: OUT_SPEAKER, connection: }, address: AudioDeviceAddress{id: }}, flags: 0, encodedFormats: [], encapsulationModes: 0, encapsulationMetadataTypes: 0, speakerLayout: (null)}}}]
06-22 11:23:40.501  1025  1435 D Hal2AidlMapper: [default] findOrCreatePortConfig: device port config does not have audio or gain config specified
06-22 11:23:40.501   960  1018 D AHAL_Module: setAudioPatch: default: requested patch AudioPatch{id: 2, sourcePortConfigIds: [38], sinkPortConfigIds: [1893], minimumStreamBufferSizeFrames: 256, latenciesMs: [10]}
06-22 11:23:40.501   960  1018 D AudioALSAStreamManager: calculateOutLatencyAndFrames(), flags 0x4, latency 10, frame count 256
06-22 11:23:40.501   960  1018 D MTKAdapterLayer: setAudioPatch(), patch.mLatency: 10 patch.mFrameCount: 256
06-22 11:23:40.501   960  1018 D AudioALSAHardware: +createAudioPatch() num_sources [1] , num_sinks [1], handle [0x0], current mAudioHalPatchVector size 4
06-22 11:23:40.501   960  1018 D AudioALSAStreamManager: +setParameters(), IOport = 21, keyValuePairs = routing=2
06-22 11:23:40.501   960  1018 D AudioALSAStreamManager: setParameters(), Send to mStreamOutVector[1], flag 4
06-22 11:23:40.501   960  1018 D AudioALSAStreamOut: value_str = 2 devices count = 1
06-22 11:23:40.505  2402  2402 I DeviceUtils: getComputilityLevel(): 2
06-22 11:23:40.505   960  1018 D AudioALSAStreamOut: updatePolicyDevice(), flag: 0x4, device: 0x2
06-22 11:23:40.505   960  1018 D AudioALSAStreamManager: +routingOutputDevice(), flag: 0x4, normal routing, output_devices: 0x1 => 0x2
06-22 11:23:40.505  2402  2402 I DeviceUtils: getComputilityLevel(): 2
06-22 11:23:40.505   960  1018 D AudioALSAStreamOut: +routing(), route output device from 0x1 to 0x2, flag 0x4
06-22 11:23:40.505   960  1018 D AudioALSAStreamOut: close_l(), flags 4
06-22 11:23:40.505   960  1018 D AudioALSAHardware: [DEBUG] setDeviceStatusChanged: devices=[0x1], isOpen=[0], isFast=[1]
06-22 11:23:40.506  2402  2402 I DeviceUtils: getComputilityLevel(): 2
06-22 11:23:40.506   960  1018 D AudioALSAPlaybackHandlerFast: +close()
06-22 11:23:40.506   960  1018 D AudioALSAHardwareResourceManager: +stopOutputDevice(), mOutputDevices = 0x1, mStartOutputDevicesCount = 1
06-22 11:23:40.506   960  1018 D AudioALSADeviceConfigManager: ApplyDeviceTurnoffSequenceByName(), DeviceName = receiver_output descriptor->DeviceStatusCounter = 1, Ctlsize=4
06-22 11:23:40.508   960  1018 D AudioUtility: SetRcvStatus(): off!
06-22 11:23:40.510   960  1018 D AudioALSAPlaybackHandlerBase: -closePcmDriver(), mPcm = 0x0
06-22 11:23:40.511   960  1018 D AudioALSADeviceConfigManager: ApplyDeviceTurnoffSequenceByName(), DeviceName = PLAYBACK2_TO_ADDA_DL descriptor->DeviceStatusCounter = 1, Ctlsize=4
06-22 11:23:40.511   960  1018 D AudioALSAPlaybackHandlerBase: DestroyAurisysLibManager()
06-22 11:23:40.511   960  1018 I android.hardware.audio.service-aidl.mediatek: misound4_arsi_destroy_handler misound_arsi_destroy_handler
06-22 11:23:40.511   960  1018 D aurisys_lib_handler: aurisys_arsi_destroy_handler(), lib_name misound, 0xb400007907d50840, arsi_destroy_handler, arsi_handler = 0xb4000077c7e2e6e0, retval = 0
06-22 11:23:40.511   960  1018 I android.hardware.audio.service-aidl.mediatek: mi_lrswitch_destroy_handler mi_lrswitch_destroy_handler
06-22 11:23:40.511   960  1018 D aurisys_lib_handler: aurisys_arsi_destroy_handler(), lib_name misoundcrossfade, 0xb400007907d4e170, arsi_destroy_handler, arsi_handler = 0xb400007887d615d0, retval = 0
06-22 11:23:40.511   960  1018 D aurisys_lib_manager: delete_aurisys_lib_manager(), manager 0xb4000077e7ddb8b0
06-22 11:23:40.511   960  1018 D AudioALSAPlaybackHandlerFast: -close()
06-22 11:23:40.512   960  1018 D AudioMTKGainController: setNormalVolume(), mSceneIndex = 0, stream 0, devices 0x2, index 8, mode 0x3, gainDevice 0x2
06-22 11:23:40.512   960  1431 D AudioALSAStreamOut: open(), flags 4
06-22 11:23:40.512   960  1018 D AudioMTKGainController: setSpeakerGain(), gain = 9, spkAnaType = 3
06-22 11:23:40.512   960  1431 D AudioALSAStreamManager: +createPlaybackHandler(), mAudioMode = 3, output_devices = 0x2, isMixerOut = 0, isBypassAurisys = 0, flag = 4, isIEMsSource = 0, isIEMsOn = 0
06-22 11:23:40.512   960  1431 D AudioALSAStreamManager: needEnableVoip(), output_devices = 0x2, flags: 0x4, mAvailableOutputFlags: 0x1800e, enable: 0
06-22 11:23:40.512   960  1431 D AudioALSAPlaybackHandlerMixer: open(+), source flag 4, mDevice = 0x2, buffer_size 2048, sample_rate 48000
06-22 11:23:40.512   960  1018 D AudioALSAStreamManager: -routingOutputDevice(), flag: 0x4, output_devices = 0x2
06-22 11:23:40.512   960  1431 D AudioALSAPlaybackHandlerBase: CreateAurisysLibManager, ph type: 11, voip: 0, mAurisysScenario: 1
06-22 11:23:40.512   960  1431 D aurisys_utility: input dev: 0x80000004 0x0, fmt = 0x3, fs: 48000, max fs: 48000, ch: 2, max ch: 1, ch maks: 0x3, hw_info_mask: 0x0; output dev: 0x2 0x0, fmt = 0x3, fs: 48000, max fs: 48000, ch: 2, max ch: 2, ch maks: 0x3, hw_info_mask: 0x4; task_scene: 2, audio_mode: 3, stream_type: 0, output_flags: 0x4, input_source: 0, input_flags: 0x0; network_info: 0, enhancement_feature_mask: 0x0
06-22 11:23:40.512   960  1431 D AudioUtility: setupCustomInfoStr(), custom_info = "SetAudioCustomScene=;", (scene = , vol_level = -1, bt_codec = -1)
06-22 11:23:40.512   960  1018 D AudioALSAHardware: -createAudioPatch() num_sources [1] , num_sinks [1], handle [0x2887]
06-22 11:23:40.512   960  1431 D aurisys_utility: lib, working fs: 48000, fmt: 0x3, frame = 1, b_interleave = 0, num_ul_ref_buf_array = 0, num_dl_ref_buf_array = 0
06-22 11:23:40.512   960  1431 D aurisys_utility: dl in[type:2], ch: 2, ch_mask: 0x3, buf fs: 48000, buf content fs: 48000, fmt: 0x3; dl out[type:3], ch: 2, ch_mask: 0x3, buf fs: 48000, buf content fs: 48000, fmt: 0x3
06-22 11:23:40.512   960  1018 I AHAL_Stream: setConnectedDevices: Device type OUT_SPEAKER
06-22 11:23:40.512   960  1018 D AHAL_Module: setAudioPatch: default: updated patch AudioPatch{id: 2, sourcePortConfigIds: [38], sinkPortConfigIds: [1893], minimumStreamBufferSizeFrames: 256, latenciesMs: [10]}
06-22 11:23:40.512   960  1431 D aurisys_utility: lib, working fs: 48000, fmt: 0x3, frame = 1, b_interleave = 0, num_ul_ref_buf_array = 0, num_dl_ref_buf_array = 0
06-22 11:23:40.512   960  1431 D aurisys_utility: dl in[type:2], ch: 2, ch_mask: 0x3, buf fs: 48000, buf content fs: 48000, fmt: 0x3; dl out[type:3], ch: 2, ch_mask: 0x3, buf fs: 48000, buf content fs: 48000, fmt: 0x3
06-22 11:23:40.512   960  1431 D aurisys_lib_handler: aurisys_arsi_parsing_param_file(), gProductInfo "platform=MT6768,device=spark,model=24076RP19G", file_path "/vendor/etc/misound_res.bin", enhancement_mode 0, param_buf_size 128, data_size 128, custom_info SetAudioCustomScene=;
06-22 11:23:40.512   960  1431 D aurisys_lib_handler: aurisys_arsi_parsing_param_file(), gProductInfo "platform=MT6768,device=spark,model=24076RP19G", file_path "/vendor/etc", enhancement_mode 0, param_buf_size 128, data_size 128, custom_info SetAudioCustomScene=;
06-22 11:23:40.512   960  1431 D aurisys_lib_handler: aurisys_arsi_create_handler(), lib_name misound, [queried_size] dram:472 [avail_size] dram:4294967295
06-22 11:23:40.512   960  1431 I android.hardware.audio.service-aidl.mediatek: misound4_arsi_create_handler entry.
06-22 11:23:40.512   960  1431 I android.hardware.audio.service-aidl.mediatek: misound4_arsi_create_handler stream_type : 0
06-22 11:23:40.513  1025  1435 V audio_utils::mutex: mutex_impl: audio_mutex initialized: ret:0  order:21
06-22 11:23:40.513   960  1431 I android.hardware.audio.service-aidl.mediatek: misound4_fx_lib resfile reference 2111
06-22 11:23:40.513   960  1431 I android.hardware.audio.service-aidl.mediatek: misound4_fx_lib dsp lib version: 4.0.30
06-22 11:23:40.513   960  1431 I android.hardware.audio.service-aidl.mediatek: misound4_fx_lib dsp date: 2022.6.20
06-22 11:23:40.513   960  1431 I android.hardware.audio.service-aidl.mediatek: misound4_spk_init done.
06-22 11:23:40.513   960  1018 D AHAL_Stream: getRecommendedLatencyModes
06-22 11:23:40.513   960  1431 I android.hardware.audio.service-aidl.mediatek: misoundfx create handler end. misound_arsi_create_handler 317
06-22 11:23:40.513   960  1431 D aurisys_lib_handler: aurisys_arsi_create_handler(), lib_name misound, 0xb400007907d486e0, process_type 1, arsi_handler 0xb4000077c7e355e0, retval 0x0 
06-22 11:23:40.513   960  1431 D aurisys_lib_handler: aurisys_arsi_create_handler(), arsi_query_process_unit_bytes, ul 0, dl 384, retval 0
06-22 11:23:40.513   960  1431 D aurisys_lib_handler: aurisys_arsi_create_handler(), lib_name misoundcrossfade, [queried_size] dram:432 [avail_size] dram:4294967295
06-22 11:23:40.513   960  1431 I android.hardware.audio.service-aidl.mediatek: mi_lrswitch_create_handler entry.
06-22 11:23:40.513   960  1431 I android.hardware.audio.service-aidl.mediatek: mi_lrswitch_create_handler stream_type : 0
06-22 11:23:40.513   960  1431 I android.hardware.audio.service-aidl.mediatek: mi_lrswitch_create_handler mi_lrswitch_create_handler 192, device type: 2
06-22 11:23:40.513   960  1431 I android.hardware.audio.service-aidl.mediatek: mi_lrswitch_create_handler entry: speaker
06-22 11:23:40.513   960  1431 I android.hardware.audio.service-aidl.mediatek: mi_lrswitch init done.
06-22 11:23:40.513   960  1431 I android.hardware.audio.service-aidl.mediatek: mi_lrswitch create handler end. mi_lrswitch_create_handler 268
06-22 11:23:40.513   960  1431 D aurisys_lib_handler: aurisys_arsi_create_handler(), lib_name misoundcrossfade, 0xb400007907d503f0, process_type 1, arsi_handler 0xb400007887d65a10, retval 0x0 
06-22 11:23:40.513   960  1431 D aurisys_lib_handler: aurisys_arsi_create_handler(), arsi_query_process_unit_bytes, ul 0, dl 384, retval 0
06-22 11:23:40.513   960  1431 D aurisys_lib_manager: DL Lib, lib_name misound, 0xb400007907d486e0, sample_rate: 48000 => 48000, num_channels: 2 => 2, audio_format: 0x3 => 0x3, interleave: 1 => 0, frame: 0 => 1
06-22 11:23:40.513   960  1431 D aurisys_lib_manager: DL Lib, lib_name misoundcrossfade, 0xb400007907d503f0, sample_rate: 48000 => 48000, num_channels: 2 => 2, audio_format: 0x3 => 0x3, interleave: 0 => 0, frame: 1 => 1
06-22 11:23:40.513   960  1431 D aurisys_lib_manager: DL out, sample_rate: 48000 => 48000, num_channels: 2 => 2, audio_format: 0x3 => 0x3, interleave: 0 => 1, frame: 1 => 0
06-22 11:23:40.513   960  1431 D audio_sw_mixer: sw_mixer_source_attach(), MIXER_PLAYBACK  , name T_FAST       order 1 sz 2048 fmt 3 ch 2 rate 48000 latency_us 5333
06-22 11:23:40.513   960  1431 D AudioUtility: chooseTargetSampleRate() hiFiState 0 isDeviceSupportHiFi 0 sampleRate 48000 targetSampleRate 48000, isUltra96k 0
06-22 11:23:40.513   960  1431 D AudioALSAStreamManager: +createPlaybackHandler(), mAudioMode = 3, output_devices = 0x2, isMixerOut = 1, isBypassAurisys = 1, flag = 4, isIEMsSource = 0, isIEMsOn = 0
06-22 11:23:40.514   960  1431 D AudioALSAStreamManager: needEnableVoip(), output_devices = 0x2, flags: 0x4, mAvailableOutputFlags: 0x1800e, enable: 0
06-22 11:23:40.514   960  1431 D AudioALSAPlaybackHandlerNormal: +open(), flag = 4, source output_devices = 0x2, audio_format = 3, buffer_size = 2048, sample_rate = 48000
06-22 11:23:40.514   960  1431 D AudioALSADeviceConfigManager: ApplyDeviceTurnonSequenceByName() DeviceName = PLAYBACK1_TO_ADDA_DL descriptor->DeviceStatusCounte = 0, Ctlsize=4
06-22 11:23:40.516   960  1431 D AudioUtility: chooseTargetSampleRate() hiFiState 0 isDeviceSupportHiFi 0 sampleRate 48000 targetSampleRate 48000, isUltra96k 0
06-22 11:23:40.516   960  1431 D AudioALSAPlaybackHandlerBase: transferAudioFormatToPcmFormat(), audio_format(0x4) => pcm_format(0x3)
06-22 11:23:40.516   960  1431 D AudioALSAPlaybackHandlerNormal: open(), flag = 4, mConfig: channels = 2, sample_rate(target) = 48000, period_size = 256, period_count = 4, format = 3, avail_min = 256, start_threshold = 1024
06-22 11:23:40.517   960  1431 D AudioALSAPlaybackHandlerBase: openPcmDriverWithFlag(), pcm device = 0 flag = 0x8 mPcm = 0xb400007827d47890
06-22 11:23:40.517   960  1431 D AudioALSAPlaybackHandlerBase: CreateAurisysLibManager, ph type: 7, voip: 0, mAurisysScenario: 9
06-22 11:23:40.518   960  1431 D aurisys_utility: input dev: 0x80000004 0x0, fmt = 0x3, fs: 48000, max fs: 48000, ch: 2, max ch: 1, ch maks: 0x3, hw_info_mask: 0x0; output dev: 0x2 0x0, fmt = 0x3, fs: 48000, max fs: 48000, ch: 2, max ch: 2, ch maks: 0x3, hw_info_mask: 0x4; task_scene: 32, audio_mode: 3, stream_type: 0, output_flags: 0x4, input_source: 0, input_flags: 0x0; network_info: 0, enhancement_feature_mask: 0x0
06-22 11:23:40.518   960  1431 D AudioUtility: setupCustomInfoStr(), custom_info = "SetAudioCustomScene=;", (scene = , vol_level = -1, bt_codec = -1)
06-22 11:23:40.518   960  1431 D aurisys_utility: lib, working fs: 48000, fmt: 0x3, frame = 0, b_interleave = 1, num_ul_ref_buf_array = 0, num_dl_ref_buf_array = 0
06-22 11:23:40.518   960  1431 D aurisys_utility: dl in[type:2], ch: 2, ch_mask: 0x3, buf fs: 48000, buf content fs: 48000, fmt: 0x3; dl out[type:3], ch: 2, ch_mask: 0x3, buf fs: 48000, buf content fs: 48000, fmt: 0x3
06-22 11:23:40.518   960  1431 D aurisys_utility: lib, working fs: 48000, fmt: 0x3, frame = 0, b_interleave = 1, num_ul_ref_buf_array = 0, num_dl_ref_buf_array = 0
06-22 11:23:40.518   960  1431 D aurisys_utility: dl in[type:2], ch: 2, ch_mask: 0x3, buf fs: 48000, buf content fs: 48000, fmt: 0x3; dl out[type:3], ch: 2, ch_mask: 0x3, buf fs: 48000, buf content fs: 48000, fmt: 0x3
06-22 11:23:40.518   960  1431 D aurisys_lib_handler: aurisys_arsi_parsing_param_file(), gProductInfo "platform=MT6768,device=spark,model=24076RP19G", file_path "/vendor/etc/audio_param", enhancement_mode 0, param_buf_size 128, data_size 128, custom_info SetAudioCustomScene=;
06-22 11:23:40.518   960  1431 D sixth_if_gift: sixth_arsi_query_param_buf_size : run !!!
06-22 11:23:40.518   960  1431 D sixth_if_gift: sixth_arsi_parsing_param_file : run !!!, task scene = 32  audio_mode = 3 
06-22 11:23:40.518   960  1431 D sixth_if_gift: sixth_arsi_parsing_param_file : name = /vendor/etc/sixth_param_voip.txt !!!
06-22 11:23:40.521  2402  2402 I DeviceUtils: getComputilityLevel(): 2
06-22 11:23:40.522  2402  2402 I DeviceUtils: getComputilityLevel(): 2
06-22 11:23:40.522  2402  2402 I DeviceUtils: getComputilityLevel(): 2
06-22 11:23:40.524   960  1431 D sixth_if_gift: sixth_arsi_parsing_param_file : read file finished, result = No such device or address, path = /vendor/etc/sixth_param_voip.txt
06-22 11:23:40.524   960  1431 D sixth_if_gift: sixth_arsi_parsing_param_file : done, len = 2288
06-22 11:23:40.524   960  1431 D aurisys_lib_handler: aurisys_arsi_parsing_param_file(), gProductInfo "platform=MT6768,device=spark,model=24076RP19G", file_path "/vendor/etc", enhancement_mode 0, param_buf_size 4096, data_size 2288, custom_info SetAudioCustomScene=;
06-22 11:23:40.524   960  1431 D aurisys_lib_handler: aurisys_arsi_create_handler(), lib_name aurisys_demo, [queried_size] dram:896 [avail_size] dram:4294967295
06-22 11:23:40.524   960  1431 D aurisys_lib_handler: aurisys_arsi_create_handler(), lib_name aurisys_demo, 0xb400007907d544a0, process_type 1, arsi_handler 0xb400007907d50c90, retval 0x0 
06-22 11:23:40.524   960  1431 D aurisys_lib_handler: aurisys_arsi_create_handler(), arsi_query_process_unit_bytes, ul 4096, dl 4096, retval 0
06-22 11:23:40.524   960  1431 D sixth_if_gift: sixth_arsi_query_working_buf_size : avaiable memory size, SLB = 0, L2SRAM = 0, DRAM = 4294967295 !!!
06-22 11:23:40.524   960  1431 D sixth_if_gift: sixth_arsi_query_working_buf_size : done, working_buf_size = 315728 !!!
06-22 11:23:40.524   960  1431 D aurisys_lib_handler: aurisys_arsi_create_handler(), lib_name sia81xx_sixth, [queried_size] dram:315728 [avail_size] dram:4294967295
06-22 11:23:40.524   960  1431 D sixth_if_gift: sixth_arsi_create_handler : input device[0] = 2147483652, input device[1] = 0
06-22 11:23:40.524   960  1431 D sixth_if_gift: ,output device[0] = 2, output device[1] = 0
06-22 11:23:40.524   960  1431 D sixth_if_gift:  
06-22 11:23:40.524   960  1431 D sixth_if_gift: sixth_arsi_create_handler : channels info: p_dl_buf_in->num_channels = 2, p_dl_buf_out->num_channels = 2, input_device_info.num_channels = 2, output_device_info.num_channels = 2
06-22 11:23:40.524   960  1431 D sixth_if_gift: sixth_arsi_create_handler : dram_buf address: 0x67a22eb0 size: 315728 
06-22 11:23:40.524   960  1431 D sixth_core: [sixth_core][AP MODE] : version : 2.5.2B-MTK-Lightweight_0710_release(A), API Level : 0x00000020, copyright : Silicon Integrated 
06-22 11:23:40.524   960  1431 D sixth_core: META_BLOCK_SIZE=32
06-22 11:23:40.524   960  1431 D sixth_core: size = 307168
06-22 11:23:40.524   960  1431 D sixth_core: allocated size = 155968, remaining size = 151168
06-22 11:23:40.522   960   960 W writer  : type=1400 audit(0.0:241071): avc:  denied  { read } for  name="u:object_r:default_prop:s0" dev="tmpfs" ino=184 scontext=u:r:mtk_hal_audio:s0 tcontext=u:object_r:default_prop:s0 tclass=file permissive=0
06-22 11:23:40.525   960  1431 D sixth_core: allocated size = 10360, remaining size = 140776
06-22 11:23:40.525   960  1431 D sixth_core: [sixth_core_if_init] : done 
06-22 11:23:40.525   960  1431 D sixth_core: [sixth_core_if_open][ ] port(0) : type(0), fs(48000), data_fmt(0), num_channels(2), bits_per_sample(32), data_is_signed(1), data_interleaving(1), q_factor(31)
06-22 11:23:40.525   960  1431 D sixth_core: allocated size = 11640, remaining size = 129104
06-22 11:23:40.525   960  1431 D sixth_core: allocated size = 4312, remaining size = 124760
06-22 11:23:40.525   960  1431 D sixth_core: allocated size = 23504, remaining size = 101224
06-22 11:23:40.525   960  1431 D sixth_core: allocated size = 4312, remaining size = 96880
06-22 11:23:40.525   960  1431 D sixth_core: allocated size = 23504, remaining size = 73344
06-22 11:23:40.525   960  1431 D sixth_core: allocated size = 4312, remaining size = 69000
06-22 11:23:40.525   960  1431 D sixth_core: [property_proc_on_set_debug] info : asynchronous dump log thread exit
06-22 11:23:40.525   960  1431 D sixth_core: [property_proc_on_set_debug] info : asynchronous dump log thread exit
06-22 11:23:40.525   960  1431 D sixth_core: [sixth_core_reset_processor][ ] : NULL == rt_u->rt_ch
06-22 11:23:40.525   960  1431 D sixth_core: [sixth_core_set_topo] [ ] !!! 0 != sixth_core_reset_processor
06-22 11:23:40.525   960  1431 D sixth_core: [property_proc_on_set_debug] info : asynchronous dump log thread exit
06-22 11:23:40.525   960  1431 D sixth_core: [sixth_core_reset_processor][ ] : NULL == rt_u->rt_ch
06-22 11:23:40.525   960  1431 D sixth_core: [sixth_core_set_topo] [ ] !!! 0 != sixth_core_reset_processor
06-22 11:23:40.525   960  1431 D sixth_if_gift: sixth_set_init_param : enable = 1
06-22 11:23:40.525   960  1431 D sixth_if_gift: sixth_set_init_param : topo proc_num = 5
06-22 11:23:40.525   960  1431 D sixth_if_gift: sixth_set_init_param : acdb param len = 1976, n = 61
06-22 11:23:40.525   960  1431 D sixth_if_gift: sixth_arsi_create_handler : create sixth handle done, task scene = 32, ch_num = 2
06-22 11:23:40.525   960  1431 E sixth_if_gift: tuning_misc_dev_open open file /dev/sipa_tool failed, Permission denied
06-22 11:23:40.525   960  1431 D sixth_if_gift: sixth_arsi_create_handler : no misc dev tuning interface
06-22 11:23:40.526   960  1431 W libc    : Access denied finding property "sipa.timer"
06-22 11:23:40.526   960  1431 E sixth_if_gift: property_check: sipa.timer is off, val:
06-22 11:23:40.526   960  1431 W libc    : Access denied finding property "sipa.pvdd.limit"
06-22 11:23:40.526   960  1431 E sixth_if_gift: property_check: sipa.pvdd.limit is off, val:
06-22 11:23:40.526   960  1431 W libc    : Access denied finding property "sipa.pcm.save"
06-22 11:23:40.526   960  1431 E sixth_if_gift: property_check: sipa.pcm.save is off, val:
06-22 11:23:40.526   960  1431 W libc    : Access denied finding property "sipa.proc.time"
06-22 11:23:40.526   960  1431 E sixth_if_gift: property_check: sipa.proc.time is off, val:
06-22 11:23:40.526   960  1431 W libc    : Access denied finding property "sipa.hal.debug"
06-22 11:23:40.526   960  1431 E sixth_if_gift: property_check: sipa.hal.debug is off, val:
06-22 11:23:40.526   960  1431 E sixth_if_gift: sixth_vdd_timer_start: timer is not start, setprop sipa.timer 1 to start timer
06-22 11:23:40.526   960  1431 D aurisys_lib_handler: aurisys_arsi_create_handler(), lib_name sia81xx_sixth, 0xb400007907d54050, process_type 1, arsi_handler 0xb400007a67a22eb0, retval 0x0 
06-22 11:23:40.526   960  1431 D sixth_if_gift: sixth_arsi_set_debug_log_fp : run !!!
06-22 11:23:40.526   960  1431 D sixth_if_gift: sixth_arsi_query_process_unit_bytes : run !!!
06-22 11:23:40.526   960  1431 D aurisys_lib_handler: aurisys_arsi_create_handler(), arsi_query_process_unit_bytes, ul 0, dl 2048, retval 0
06-22 11:23:40.526   960  1431 D aurisys_lib_manager: DL Lib, lib_name aurisys_demo, 0xb400007907d544a0, sample_rate: 48000 => 48000, num_channels: 2 => 2, audio_format: 0x3 => 0x3, interleave: 1 => 1, frame: 0 => 0
06-22 11:23:40.526   960  1431 D aurisys_lib_manager: DL Lib, lib_name sia81xx_sixth, 0xb400007907d54050, sample_rate: 48000 => 48000, num_channels: 2 => 2, audio_format: 0x3 => 0x3, interleave: 1 => 1, frame: 0 => 0
06-22 11:23:40.526   960  1431 D aurisys_lib_manager: DL out, sample_rate: 48000 => 48000, num_channels: 2 => 2, audio_format: 0x3 => 0x4, interleave: 1 => 1, frame: 0 => 0
06-22 11:23:40.522   960   960 W writer  : type=1400 audit(0.0:241072): avc:  denied  { read } for  name="u:object_r:default_prop:s0" dev="tmpfs" ino=184 scontext=u:r:mtk_hal_audio:s0 tcontext=u:object_r:default_prop:s0 tclass=file permissive=0
06-22 11:23:40.522   960   960 W writer  : type=1400 audit(0.0:241073): avc:  denied  { read } for  name="u:object_r:default_prop:s0" dev="tmpfs" ino=184 scontext=u:r:mtk_hal_audio:s0 tcontext=u:object_r:default_prop:s0 tclass=file permissive=0
06-22 11:23:40.522   960   960 W writer  : type=1400 audit(0.0:241074): avc:  denied  { read } for  name="u:object_r:default_prop:s0" dev="tmpfs" ino=184 scontext=u:r:mtk_hal_audio:s0 tcontext=u:object_r:default_prop:s0 tclass=file permissive=0
06-22 11:23:40.527   960  1431 D AudioALSAHardwareResourceManager: +startOutputDevice(), new_devices = 0x2, mOutputDevices = 0x0, mStartOutputDevicesCount = 0 SampleRate = 48000
06-22 11:23:40.534  2388  2891 D SatelliteController: iisInCarrierRoamingNbIotNtn: satellite is disabled
06-22 11:23:40.536  2388  2388 W Settings: Setting airplane_mode_on has moved from android.provider.Settings.System to android.provider.Settings.Global, returning read-only value.
06-22 11:23:40.538  2402  2402 I DeviceUtils: getComputilityLevel(): 2
06-22 11:23:40.538  2402  2402 I DeviceUtils: getComputilityLevel(): 2
06-22 11:23:40.539  2402  2402 I DeviceUtils: getComputilityLevel(): 2
06-22 11:23:40.539   960  1431 D AudioALSAHardwareResourceManager: paOutputDevice() audiomode 3 open pa scene voip
06-22 11:23:40.539   960  1431 D AudioALSADeviceConfigManager: ApplyDeviceTurnonSequenceByName() DeviceName = dual_speaker_output descriptor->DeviceStatusCounte = 0, Ctlsize=6
06-22 11:23:40.543   960  1431 D AudioALSADeviceConfigManager: ApplyDeviceTurnonSequenceByName() DeviceName = ext_speaker_output descriptor->DeviceStatusCounte = 0, Ctlsize=2
06-22 11:23:40.544   960  1431 D AudioUtility: SetSpkStatus(): on!
06-22 11:23:40.545   960  1431 D AudioALSAHardwareResourceManager: notifyOutputDeviceStatusChange(), device = 2, status = 0, sampleRate = 48000, mOpenSpeakerPathCount = 1
06-22 11:23:40.545   960  1431 D AudioALSAStreamManager: speakerStatusChangeCb(), status = 0, sampleRate = 48000
06-22 11:23:40.545   960  1431 D AudioALSAPlaybackHandlerNormal: -open()
06-22 11:23:40.545   960  1431 D audio_sw_mixer: sw_mixer_target_attach(), MIXER_PLAYBACK  , name T_PRIMARY    order 4 sz 2048 fmt 3 ch 2 rate 48000 latency_us 5333
06-22 11:23:40.545   960  1431 D audio_sw_mixer: sw_mixer_manager_create_path(), MIXER_PLAYBACK  , path T_FAST=>T_PRIMARY   , source: order 1 sz 2048 fmt 3 ch 2 rate 48000 latency_us 5333, target: order 4 sz 2048 fmt 3 ch 2 rate 48000 latency_us 5333
06-22 11:23:40.545   960  1431 D audio_sw_mixer: dump_path_list(), MIXER_PLAYBACK  , T_FAST=>T_PRIMARY   [2048, 1, y] 
06-22 11:23:40.545   960  1431 D AudioALSAPlaybackHandlerMixer: open(-), target flag 4, mDevice 0x2, buffer_size 2048, frame_count 256, sample_rate 48000
06-22 11:23:40.545   960  1114 D audio_sw_mixer: sw_mixer_mix_thread(), thread mix1:0 running: target T_PRIMARY
06-22 11:23:40.546   960  1431 D AudioALSAHardware: [DEBUG] setDeviceStatusChanged: devices=[0x2], isOpen=[1], isFast=[1]
06-22 11:23:40.546   960  1431 D AudioALSAHardware: [DEBUG] setCachedParam2soundfx: targetScenario PLAYBACK_LOW_LATENCY
06-22 11:23:40.546   960  1431 I android.hardware.audio.service-aidl.mediatek: misound_arsi_set_key_value_pair(), key value pair = MisoundEnable=0
06-22 11:23:40.546   960  1431 I android.hardware.audio.service-aidl.mediatek: misound_arsi_set_key_value_pair(), key: MisoundEnable
06-22 11:23:40.546   960  1431 I android.hardware.audio.service-aidl.mediatek: misound_arsi_set_key_value_pair(), value: 0
06-22 11:23:40.546   960  1431 I android.hardware.audio.service-aidl.mediatek: misound FxEnable setparam: 0
06-22 11:23:40.546   960  1431 D aurisys_lib_handler: lib_name misound, 0xb400007907d486e0, ADB_CMD_KEY_VALUE: set 512, 15, MisoundEnable=0, retval 0
06-22 11:23:40.546   960  1431 D AudioALSAHardware: [DEBUG] setCachedParam2soundfx: mMisoundEnable is 0
06-22 11:23:40.546   960  1431 D AudioALSAStreamManager: setLRCrossFade uses previous rotation: 0
06-22 11:23:40.546   960  1431 D AudioALSAStreamManager: setLRCrossFade update speaker mRotation: 0
06-22 11:23:40.546   960  1431 W aurisys_controller: lib_name misoundcrossfade, scene 0, no active handler!!
06-22 11:23:40.546   960  1431 I android.hardware.audio.service-aidl.mediatek: mi_lrswitch_set_key_value_pair(), key value pair = misoundCrossFadeMode=0
06-22 11:23:40.546   960  1431 I android.hardware.audio.service-aidl.mediatek: mi_lrswitch_set_key_value_pair(), key: misoundCrossFadeMode
06-22 11:23:40.546   960  1431 I android.hardware.audio.service-aidl.mediatek: mi_lrswitch_set_key_value_pair(), value: 0
06-22 11:23:40.546   960  1431 D aurisys_lib_handler: lib_name misoundcrossfade, 0xb400007907d503f0, ADB_CMD_KEY_VALUE: set 512, 22, misoundCrossFadeMode=0, retval 0
06-22 11:23:40.546   960  1431 D AudioALSAStreamOut: -open(), flags 4
06-22 11:23:40.549   960  1114 D sixth_if_gift: sixth_vdd_proc : vdd = 4407750 
06-22 11:23:40.550   960  1114 D sixth_if_gift: sixth_wrap_vdd_msg: update vdd = 4407750
06-22 11:23:40.552   960  1114 D sixth_if_gift: sixth_wrap_vdd_msg: update vdd = 4407750
06-22 11:23:40.552   960  1114 D sixth_core: allocated size = 4096, remaining size = 64872
06-22 11:23:40.553   960  1431 W AudioALSAPlaybackHandlerBase: getQueuedFramesInfo(), mTimeStampValid false!!
06-22 11:23:40.553  1025  1434 D PerfSense: [FastMixer(h:21)] Critical Jitter: period=47.59ms, exceeds 2x expected (5.33ms).
06-22 11:23:40.553   960  1431 W AudioALSAPlaybackHandlerBase: getQueuedFramesInfo(), mTimeStampValid false!!
06-22 11:23:40.555  1045  1045 I BufferQueueProducer: [NavigationBar0#122](this:0xb400007acb0b7aa0,id:-1,api:0,p:-1,c:1045) queueBuffer: fps=28.56 dur=1015.57 max=546.95 min=15.91
06-22 11:23:40.555  1025  1435 D StreamHalAidl: [out|ioHandle:21] setParameters: parameters: "NoAudioTrack=1"
06-22 11:23:40.555   960  1431 E AudioALSAPlaybackHandlerBase: getQueuedFramesInfo(), pcm_get_htimestamp or trylock fail, ret -1, pcm_get_error 
06-22 11:23:40.555  1025  1435 D StreamHalAidl: [out|ioHandle:21] setParameters: parameters: NoAudioTrack=1
06-22 11:23:40.555  1040  1040 D Audio_ParameterParser: parseVendorParameters: scope: STREAM, keys/values: NoAudioTrack=1
06-22 11:23:40.556  2402  2402 I DeviceUtils: getComputilityLevel(): 2
06-22 11:23:40.556  2402  2402 I DeviceUtils: getComputilityLevel(): 2
06-22 11:23:40.556   960  1018 D MTKAdapterStreamLayer: updateMetadataCommon(), 
06-22 11:23:40.556   960  1018 I AudioALSAStreamOut: updateSourceMetadata(), do nothing source_metadata = 0x77c7c2ff78
06-22 11:23:40.556  2402  2402 I DeviceUtils: getComputilityLevel(): 2
06-22 11:23:40.556  1025  1435 D AudioFlinger_Threads: 0xb400007a8340b520:threadLoop_write write muted data to hw, mixerStatus 0 start, mId 21, mBytesWritten 75786240
06-22 11:23:40.557  1025  1435 E AudioFlinger_Threads: threadLoop: blocked before threadloop_write() for 65 msecs, thread 21
06-22 11:23:40.557  1025  1435 I PerfSense: [AudioOut_15] NT Xruns counter increased to 1 (cycle: 65.11ms), expected=16.00ms, tid=1435
06-22 11:23:40.557  1025  1435 D PerfSense: [AudioOut_15] Critical Jitter Error: Cycle=65.11ms, exceeds 3.00x!
06-22 11:23:40.557  1025  1435 D PerfSense: [AudioOut_15] Critical Before threadloop_write/read Block: normalthread blocked for 65.08ms, exceeds 3.0x period (16.00ms), tid=1435
06-22 11:23:40.557  1025 21795 D APM_AudioPolicyManager: setOutputDevices() AF::createAudioPatch returned 0 patchHandle 79540 num_sources 1 num_sinks 1
06-22 11:23:40.557  1025 21795 V audio_utils::mutex: mutex_impl: audio_mutex initialized: ret:0  order:6
06-22 11:23:40.557  1025 21795 W APM::AudioPolicyEngine::ProductStrategy: getVolumeGroupForStreamType: no volume group for AUDIO_STREAM_DEFAULT, using default
06-22 11:23:40.558  1025 21795 V audio_utils::mutex: mutex_impl: audio_mutex initialized: ret:0  order:6
06-22 11:23:40.559  1025 21795 E APM_AudioPolicyManager: checkAndSetVolume invalid volume index range in the curve:
06-22 11:23:40.559  1025 21795 E APM_AudioPolicyManager:   Can be muted  Index Min  Index Max  Index Cur [device : index]...
06-22 11:23:40.559  1025 21795 E APM_AudioPolicyManager:   true          -1         -1         40000000 : 00, 
06-22 11:23:40.560  1025 21795 V audio_utils::mutex: mutex_impl: audio_mutex initialized: ret:0  order:6
06-22 11:23:40.560   960  1431 E AudioALSAPlaybackHandlerBase: getQueuedFramesInfo(), pcm_get_htimestamp or trylock fail, ret -1, pcm_get_error 
06-22 11:23:40.560  1025 21795 W APM::AudioPolicyEngine::ProductStrategy: getVolumeGroupForStreamType: no volume group for AUDIO_STREAM_DEFAULT, using default
06-22 11:23:40.560  1025 21795 W APM::AudioPolicyEngine::ProductStrategy: getVolumeGroupForStreamType: no volume group for AUDIO_STREAM_DEFAULT, using default
06-22 11:23:40.561  1025 21795 V audio_utils::mutex: mutex_impl: audio_mutex initialized: ret:0  order:6
06-22 11:23:40.561  1025 21795 E APM_AudioPolicyManager: checkAndSetVolume invalid volume index range in the curve:
06-22 11:23:40.561  1025 21795 E APM_AudioPolicyManager:   Can be muted  Index Min  Index Max  Index Cur [device : index]...
06-22 11:23:40.561  1025 21795 E APM_AudioPolicyManager:   true          -1         -1         40000000 : 00, 
06-22 11:23:40.562  1025 21795 V audio_utils::mutex: mutex_impl: audio_mutex initialized: ret:0  order:6
06-22 11:23:40.563  1025 21795 V audio_utils::mutex: mutex_impl: audio_mutex initialized: ret:0  order:6
06-22 11:23:40.563  1025 21795 W APM::AudioPolicyEngine::ProductStrategy: getVolumeGroupForStreamType: no volume group for AUDIO_STREAM_DEFAULT, using default
06-22 11:23:40.563  1025 21795 D APM_AudioPolicyManager: setOutputDevices caller updateCallAndOutputRouting[[portId:8][io:29, voip_rx]] prevDevice {AUDIO_DEVICE_OUT_SPEAKER, @:}
06-22 11:23:40.566  1025 21795 D APM_AudioPolicyManager: setOutputDevices caller updateCallAndOutputRouting[[portId:10][io:37, incall_music_uplink]] prevDevice {AUDIO_DEVICE_OUT_TELEPHONY_TX, @:}
06-22 11:23:40.569  1025  1172 D NativePermissionController: checkPermission: missing 13 for 10307
06-22 11:23:40.569  1673  1936 I AS.AudioDeviceInventory: setPreferredDevicesForStrategyInt, strategy: 0, APM made devices: [AudioDeviceAttributes: role:output type:speaker addr: name:24076RP19G profiles:[{ENCODING_PCM_16BIT, sampling rates=[44100, 48000], channel masks=0x0C, encapsulation type=0}, {ENCODING_PCM_32BIT, sampling rates=[44100, 48000], channel masks=0x0C, encapsulation type=0}, {ENCODING_PCM_FLOAT, sampling rates=[44100, 48000], channel masks=0x0C, encapsulation type=0}] descriptors:[]]preferred device in192ms
06-22 11:23:40.569  1025  2641 D APM_AudioPolicyManager: listAudioPorts mAvailableInputDevices 0x80000004, 0x80000040, 0x80000080, 0x80000100, 0x80002000, 0x90000000
06-22 11:23:40.570  1025  3693 D APM_AudioPolicyManager: listAudioPorts mAvailableInputDevices 0x80000004, 0x80000040, 0x80000080, 0x80000100, 0x80002000, 0x90000000
06-22 11:23:40.570 30727  2111 D AudioStreamTrack: onAudioDeviceUpdate() devices 2 => 2
06-22 11:23:40.570 30727  2111 D AudioTrack: onAudioDeviceUpdate AudioPortDebug[ID:00000002] deviceType:AUDIO_DEVICE_OUT_EARPIECE(00000001)
06-22 11:23:40.570 30727  2111 D BatteryNotifier: batteryHandler::send audio device update msg! 10307, 30727, 50425, 1
06-22 11:23:40.570  1025  7139 D APM_AudioPolicyManager: listAudioPorts mAvailableInputDevices 0x80000004, 0x80000040, 0x80000080, 0x80000100, 0x80002000, 0x90000000
06-22 11:23:40.570 30727  2457 D BatteryNotifier: BatteryNotifier::update device to power insight! 10307, 30727, 50425, 1
06-22 11:23:40.571  1673  1936 I AS.AudioDeviceInventory: setPreferredDevicesForStrategyInt, strategy: 3 devices: [AudioDeviceAttributes: role:output type:speaker addr: name:24076RP19G profiles:[{ENCODING_PCM_16BIT, sampling rates=[44100, 48000], channel masks=0x0C, encapsulation type=0}, {ENCODING_PCM_32BIT, sampling rates=[44100, 48000], channel masks=0x0C, encapsulation type=0}, {ENCODING_PCM_FLOAT, sampling rates=[44100, 48000], channel masks=0x0C, encapsulation type=0}] descriptors:[]]
06-22 11:23:40.571  1025 21591 D APM_AudioPolicyManager: listAudioPorts mAvailableInputDevices 0x80000004, 0x80000040, 0x80000080, 0x80000100, 0x80002000, 0x90000000
06-22 11:23:40.571  1025 21446 D APM_AudioPolicyManager: listAudioPorts mAvailableInputDevices 0x80000004, 0x80000040, 0x80000080, 0x80000100, 0x80002000, 0x90000000
06-22 11:23:40.571  1025 21591 D NativePermissionController: checkPermission: missing 13 for 10166
06-22 11:23:40.571  1025 21446 D NativePermissionController: checkPermission: missing 13 for 10307
06-22 11:23:40.571  1673  1740 E BatteryStatsService: note device change AudioToPower BatteryStatsservices 10307 30727 50425 1
06-22 11:23:40.571  1673  1740 E PowerInsightPolicy: sPowerInsightService null!
06-22 11:23:40.572  1025  1354 I AudioEffect: disable 0xb4000078d85987e0
06-22 11:23:40.572  2402  2402 I DeviceUtils: getComputilityLevel(): 2
06-22 11:23:40.572  1025  1354 V EffectHandle: disable 0xb4000079b858c4d0
06-22 11:23:40.572  1025  1354 V EffectBase: updatePolicyState name Music Volume Listener id 31075 session 50393 doRegister 0 registered 1 doEnable 1 enabled 0
06-22 11:23:40.573  2402  2402 I DeviceUtils: getComputilityLevel(): 2
06-22 11:23:40.573  1025 21539 D NativePermissionController: checkPermission: missing 1 for 10307
06-22 11:23:40.573  1025 21539 D NativePermissionController: checkPermission: missing 3 for 10307
06-22 11:23:40.573  1025 21539 D NativePermissionController: checkPermission: missing 5 for 10307
06-22 11:23:40.573  2402  2402 I DeviceUtils: getComputilityLevel(): 2
06-22 11:23:40.573  1025 21539 W libc    : Access denied finding property "service.bootanim.exit"
06-22 11:23:40.573  1025 21539 D APM_AudioPolicyManager: getOutputForAttrInt()+ attributes={ Content type: AUDIO_CONTENT_TYPE_MUSIC Usage: AUDIO_USAGE_MEDIA Source: AUDIO_SOURCE_DEFAULT Flags: 0x500 Tags:  } stream=AUDIO_STREAM_MUSIC session 50433 output 0 selectedDeviceId 0 device AUDIO_DEVICE_NONE sampling rate 48000 format 0x5channel mask 0x3 flags 0x104 stream AUDIO_STREAM_MUSIC uid 10307
06-22 11:23:40.574  1025 21539 D APM_AudioPolicyManager: getOutputForAttrInt() device {AUDIO_DEVICE_OUT_SPEAKER, @:}, sampling rate 48000, format 0x5, channel mask 0x3, flags 0x104 stream AUDIO_STREAM_MUSIC
06-22 11:23:40.574  1025 21539 D AudioPolicyManagerImpl: set isSpatializerFlagCE to 0.
06-22 11:23:40.574  1025 21539 D AudioPolicyManagerImpl: set isSpatializerFlagCE to 0.
06-22 11:23:40.574  1025 21539 D AudioPolicyManagerImpl: set isSpatializerFlagCE to 0.
06-22 11:23:40.574  1025 21539 D AudioPolicyManagerImpl: set isSpatializerFlagCE to 0.
06-22 11:23:40.574  1025 21539 D APM_AudioPolicyManager: getOutputForDevices(), spatializer_flag_ce is 0, spatializer_ce_lastflag is 0
06-22 11:23:40.574  1025 21539 W AudioPolicyManagerImpl: Failed to load AudioCloudCtrl list, using the default list!
06-22 11:23:40.575  1025 21539 D APM_AudioPolicyManager: getOutputForAttrInt()- attributes={ Content type: AUDIO_CONTENT_TYPE_MUSIC Usage: AUDIO_USAGE_MEDIA Source: AUDIO_SOURCE_DEFAULT Flags: 0x500 Tags:  } stream=AUDIO_STREAM_MUSIC session 50433 output 21 selectedDeviceId 0 device {AUDIO_DEVICE_OUT_SPEAKER, @:} sampling rate 48000 format 0x5channel mask 0x3 flags 0x104 stream AUDIO_STREAM_MUSIC uid 10307
06-22 11:23:40.575  1025 21539 D ClientInfoStub: ClientInfoStub()
06-22 11:23:40.576  1025 21539 W AudioPolicyManagerImpl: Failed to load AudioCloudCtrl list, using the default list!
06-22 11:23:40.576  1025 21539 D APM_AudioPolicyManager: getOutputForAttr() returns output 21 requestedPortIds AUDIO_PORT_HANDLE_NONE selectedDeviceIds 3 for port ID 5503
06-22 11:23:40.576  1025 21539 W AudioFlinger_Threads: createTrack_l(): mismatch between requested flags (00000104) and output flags (00000004)
06-22 11:23:40.576  1025 21637 D APM_AudioPolicyManager: listAudioPorts mAvailableInputDevices 0x80000004, 0x80000040, 0x80000080, 0x80000100, 0x80002000, 0x90000000
06-22 11:23:40.577  1025 21539 D AudioFlinger_Threads: Client defaulted notificationFrames to 256 for frameCount 2048
06-22 11:23:40.577  1025 21539 I AF::PthrPatchRecord: creating track with enforcement level 0
06-22 11:23:40.577  1025  1172 D APM_AudioPolicyManager: listAudioPorts mAvailableInputDevices 0x80000004, 0x80000040, 0x80000080, 0x80000100, 0x80002000, 0x90000000
06-22 11:23:40.578  1025  3693 D APM_AudioPolicyManager: listAudioPorts mAvailableInputDevices 0x80000004, 0x80000040, 0x80000080, 0x80000100, 0x80002000, 0x90000000
06-22 11:23:40.578  1025 21795 D APM_AudioPolicyManager: listAudioPorts mAvailableInputDevices 0x80000004, 0x80000040, 0x80000080, 0x80000100, 0x80002000, 0x90000000
06-22 11:23:40.578  1025  7139 D APM_AudioPolicyManager: listAudioPorts mAvailableInputDevices 0x80000004, 0x80000040, 0x80000080, 0x80000100, 0x80002000, 0x90000000
06-22 11:23:40.578  1025  7139 D NativePermissionController: checkPermission: missing 13 for 10166
06-22 11:23:40.579  1025 21591 D APM_AudioPolicyManager: listAudioPorts mAvailableInputDevices 0x80000004, 0x80000040, 0x80000080, 0x80000100, 0x80002000, 0x90000000
06-22 11:23:40.579  1025 21591 D NativePermissionController: checkPermission: missing 13 for 10307
06-22 11:23:40.579  1025 21539 D AF::Track: isFadeApp curPkgName com.dibay.app  uid 10307 isSupportCloudCtrl 0
06-22 11:23:40.580  1025  1354 V EffectBase: setEnabled 0xb400007848597440 enabled 0
06-22 11:23:40.580  1025 21637 D APM_AudioPolicyManager: listAudioPorts mAvailableInputDevices 0x80000004, 0x80000040, 0x80000080, 0x80000100, 0x80002000, 0x90000000
06-22 11:23:40.580  1025 21539 D AF::Track: Track, track(0xb4000079c858e620): mFastIndex 1, mStreamType 3, mId 4612, mFrameCount 2048, mSampleRate 48000, mFormat 5, mChannelCount 2, mTrackCount 4557, thread 0xb400007a8344ffe8, sessionId 50433, AudioOut_15, primary-4
06-22 11:23:40.580  1025 21539 V audio_utils::mutex: mutex_impl: audio_mutex initialized: ret:0  order:21
06-22 11:23:40.581  1025 21539 D AudioFlinger_Threads: createTrack_l, we should set thread 3562 to RT thread.
06-22 11:23:40.581  1025  1354 I AudioEffect: Destructor 0xb4000078d85987e0
06-22 11:23:40.582  1025 21591 D NativePermissionController: checkPermission: missing 13 for 10166
06-22 11:23:40.583  2402  2402 D VolumePanelViewController_false: currentDevice=2, deviceForMusic=0, phoneCall=false, miplayHardwareType=0
06-22 11:23:40.583  1025 21539 D AudioFlinger_Threads: [APM-AF-Sched] reScheduleCpuByTid: FastMixer tid 1434 cpuset to 0xff
06-22 11:23:40.583  1025 21539 D AudioFlinger_Threads: [APM-AF-Sched] reScheduleCpuByTid() AudioOut_15 audioCpuSet = 0xff tid 1435
06-22 11:23:40.583  1025  1172 D NativePermissionController: checkPermission: missing 13 for 10166
06-22 11:23:40.583  1025  1354 I AudioFlinger_Threads: removeEffect_l(): 0xb400007a8340b520, effect = 0xb400007848597430, name = Music Volume Listener
06-22 11:23:40.583  1025  3693 D NativePermissionController: checkPermission: missing 13 for 10307
06-22 11:23:40.583   960  1018 D AHAL_DlbVolumeListenerEffectContext: disable
06-22 11:23:40.583   960  1018 D AHAL_DlbVolumeListenerEffectContext: VolumeListenerContext::disable, session = 50393, ioHandle = 21
06-22 11:23:40.584   960  3558 D AHAL_EffectImpl: Music Volume ListenerV2 skip process in state: IDLE
06-22 11:23:40.584   960  5204 I AHAL_EffectImpl: command: line250 return with expr mState == State::IDLE
06-22 11:23:40.584 30727  2209 I AudioTrack: createTrack_l(0): AUDIO_OUTPUT_FLAG_FAST successful; frameCount 0 -> 2048
06-22 11:23:40.584   960  1018 D AHAL_DlbVolumeListenerEffectContext: disable
06-22 11:23:40.585   960  1018 D AHAL_DlbVolumeListenerEffectContext: ~VolumeListenerEffectContext
06-22 11:23:40.585  1025  1172 D NativePermissionController: checkPermission: missing 13 for 10307
06-22 11:23:40.585  1025 21795 D APM_AudioPolicyManager: setDevicesRoleForStrategy() strategy=3 role=1 AUDIO_DEVICE_OUT_SPEAKER, @:
06-22 11:23:40.585   960  1018 I AHAL_EffectImpl: Music Volume ListenerV2close
06-22 11:23:40.585  2402  2402 D VolumePanelViewController_true: currentDevice=2, deviceForMusic=0, phoneCall=false, miplayHardwareType=0
06-22 11:23:40.585  1025  1354 I EffectChain: removeEffect_l() effect 0xb400007848597430, removed from chain 0xb4000078385a2950 at rank 0
06-22 11:23:40.585  1025  1354 I AudioFlinger_Threads: removeEffectChain_l() 0xb4000078385a2950 from thread 0xb400007a8340b520 for session 50393
06-22 11:23:40.585   960  1018 D AHAL_DlbVolumeListenerEffectImpl: ~VolumeListenerEffectImpl
06-22 11:23:40.586  1025  1354 V EffectBase: updatePolicyState name Music Volume Listener id 31075 session 50393 doRegister 1 registered 0 doEnable 0 enabled 0
06-22 11:23:40.586   960  1018 E AHAL_EffectImpl: command: line237 return with expr mState == State::INIT
06-22 11:23:40.586   960  1018 I AHAL_EffectImpl: close: line91 return with expr mState == State::INIT
06-22 11:23:40.586 30727  2209 D AudioTrack: createTrack_l(5503): 0xb4000079014c72d0, mCblk = 0x7a6a0fc000, mLatency = 159, mAfLatency = 117, frameCount = 2048, mSampleRate = 48000, mFlags = 0x4, mReqFrameCount = 2048, mNotificationFramesAct = 256
06-22 11:23:40.586 30727  2209 V xlog_client:  xlog_send  msg_id: 29
06-22 11:23:40.586 30727  2209 V xlog_client:  xlog_send 
06-22 11:23:40.586 30727  2209 D xlog_client: xlog_open: Error in open xlog
06-22 11:23:40.586 30727  2209 D xlog_client: xlog open fail
06-22 11:23:40.586 30727  2209 D xlog_client: xlog_format_msg: send msg 29
06-22 11:23:40.586 30727  2209 W xlog_client: fail to load xml: /vendor/etc/audio_global_xlog_package_name.xml
06-22 11:23:40.586 30727  2209 D com.dibay.app: get_app_name app_name_map.size() = 0
06-22 11:23:40.588  2402  2402 I DeviceUtils: getComputilityLevel(): 2
06-22 11:23:40.588 30727  2209 D com.dibay.app: EventReporter , EventReporter init failed
06-22 11:23:40.588 30727  2209 E xlog_client: _xlog_write_flat_msg:fail to  send msg {"name":"audio_track_message","audio_event":{"app_name":"audio_app_other", "scenario":"playback","data_format":"AUDIO_FORMAT_PCM_FLOAT", "frame_count":"2048", "sample_rate":"48000", "channel_Mask1":"3", "notif_frame_act":"256", "transfer_type":"1", "afframe_count":"768", "afsample_rate":"48000", "aflatency":"117", "fcnt_times":"0"},"dgt":"null","audio_ext":"null" }
06-22 11:23:40.588  2402  2402 I DeviceUtils: getComputilityLevel(): 2
06-22 11:23:40.588 30727  2209 V xlog_client: xlog_close -1
06-22 11:23:40.588  2402  2402 I DeviceUtils: getComputilityLevel(): 2
06-22 11:23:40.589  1025  1435 I EffectChain: ~EffectChain(): delete EffectChain = 0xb4000078385a2950
06-22 11:23:40.591 30727  2209 I AudioTrackImpl: before scaleVolumeForVideo L:1.000000 R:1.000000 and the pakage is com.dibay.app
06-22 11:23:40.591 30727  2209 D AudioTrack: AudioTrack::setVolume L:1.000000 R:1.000000 sessionid=50433
06-22 11:23:40.592  1025 21637 V audio_utils::mutex: mutex_impl: audio_mutex initialized: ret:0  order:21
06-22 11:23:40.592  1025 21637 V audio_utils::mutex: mutex_impl: audio_mutex initialized: ret:0  order:21
06-22 11:23:40.592  1025 21637 V audio_utils::mutex: mutex_impl: audio_mutex initialized: ret:0  order:21
06-22 11:23:40.592  1025 21637 V audio_utils::mutex: mutex_impl: audio_mutex initialized: ret:0  order:21
06-22 11:23:40.593  1025 21795 V audio_utils::mutex: mutex_impl: audio_mutex initialized: ret:0  order:6
06-22 11:23:40.593 30727  2209 D AudioStreamTrack: open() flags changed from 0x00000104 to 0x00000004
06-22 11:23:40.593 30727  2209 D AAudioStream: setState(s#6) from 0 to 2
06-22 11:23:40.593  1025 21795 D APM_AudioPolicyManager: setOutputDevices caller updateCallAndOutputRouting[[portId:1][io:13, primary output]] prevDevice {AUDIO_DEVICE_OUT_SPEAKER, @:}
06-22 11:23:40.594 30727  2209 I AAudio  : AAudioStreamBuilder_openStream() returns 0 = AAUDIO_OK for s#6 ----------------
06-22 11:23:40.595 30727  2209 D AAudio  : AAudioStream_requestStart(s#6) called --------------
06-22 11:23:40.595 30727  2209 D AAudioStream: setState(s#6) from 2 to 3
06-22 11:23:40.595 30727  2209 I AudioTrack: start(5503): prior state:STATE_STOPPED packageName: com.dibay.app
06-22 11:23:40.595  1025 21637 V AudioPolicyInterfaceImpl: startOutput()
06-22 11:23:40.596  1025 21795 D APM_AudioPolicyManager: setOutputDevices caller updateCallAndOutputRouting[[portId:1][io:13, primary output]] changing device to {AUDIO_DEVICE_OUT_SPEAKER, @:}
06-22 11:23:40.596  1025 21795 D APM_AudioPolicyManager: [MTK_APM_Route]setOutputDevices mIoHandle 13 : changing device 0x2 to 0x2, delayMs = 0, force = 1, skipMuteDelay = 0, skipDelayMTK = 0, caller updateCallAndOutputRouting[[portId:1][io:13, primary output]]
06-22 11:23:40.597  1025 21795 V audio_utils::mutex: mutex_impl: audio_mutex initialized: ret:0  order:6
06-22 11:23:40.597  1025  1353 V audio_utils::mutex: mutex_impl: audio_mutex initialized: ret:0  order:21
06-22 11:23:40.597  1025  1419 I AudioFlinger_Threads: mideviceType: 2
06-22 11:23:40.597  1025  1419 D EffectHalAidl: setDevices AUDIO_DEVICE_OUT_SPEAKER, @:
06-22 11:23:40.597   960  1018 I EffectMiSound: MiSound_updateState(), enable=0, hifi=0, device=0x2, headset=5, samplingRate=0
06-22 11:23:40.597   960  1018 I EffectMiSound: MiSound_updateState(), mode=0, music=0, movie=0, reset=1
06-22 11:23:40.597   960  1018 D EffectMiSound: MiSoundAurisys_SetParameter()
06-22 11:23:40.597   960  1018 I EffectMiSound: SetParam No.1
06-22 11:23:40.597   960  1018 I EffectMiSound: MiSound_updateState(), Speaker Dual Mode
06-22 11:23:40.597   960  6457 I EffectMiSound: MiSoundSetParameterThread: awake
06-22 11:23:40.597   960  6457 D EffectMiSound: Thread: setParam No.1 params MisoundEnable=0
06-22 11:23:40.597   960  6457 I EffectMiSound: MiSoundsetParameters_request: MisoundEnable=0
06-22 11:23:40.597   960  6457 D EffectMiSound: clientRequest: socket 28 write to server 264
06-22 11:23:40.597   960  1141 W audio_hw_con: audio_handle_client_sock received client connect 30
06-22 11:23:40.598   960  1141 D audio_hw_con: [DEBUG] audio_con_thrad received param MisoundEnable=0
06-22 11:23:40.598  1025  1419 D EffectHalAidl: setDevices AUDIO_DEVICE_OUT_SPEAKER, @:
06-22 11:23:40.598   960  1141 D AudioALSAHardware: +setParameters(): MisoundEnable=0
06-22 11:23:40.598   960  5204 D AHAL_DlbDapEffectContext: setOutputDevice()
06-22 11:23:40.598   960  5204 D AHAL_DlbEffectContext: setOutputDevice(): device.size()=1
06-22 11:23:40.598   960  5204 D AHAL_DlbEffectContext: setOutputDevice(): active device=2
06-22 11:23:40.598   960  5204 D DlbDapEndpointParamCache: setDevice(device=0x00000002)
06-22 11:23:40.598   960  1141 D AudioALSAHardware: setParameters: [DEBUG] setParameters keyMisoundEnable: 0
06-22 11:23:40.598   960  1141 D AudioALSAHardware: -setParameters(): MisoundEnable=0
06-22 11:23:40.598   960  5204 D AHAL_DlbDapEffectContext: updateInputFormat() mIsDecContentProcEnabled: 1, channels: 0x3, mCurrentDevice: 0x2, mAudioFlags: 0x200
06-22 11:23:40.598   960  5204 D DlbDap2Process: setHTParam: mIsBinauralInput: 0
06-22 11:23:40.598   960  5204 D DlbDap2Process: DAP input format is 0x22 with input channel mask 0x3
06-22 11:23:40.598   985  6477 D DolbyManagerService: setActiveDevice called with device = 0x2 (original 0x2)
06-22 11:23:40.598   960  6457 I EffectMiSound: MiSoundSetParameterThread: sleep
06-22 11:23:40.598  1025  1419 D DeviceHalAidl: [default] createAudioPatch: sources: 1 sinks 1
06-22 11:23:40.598  1025  1419 D Hal2AidlMapper: [default] createOrUpdatePatch: patch ID: 1, [disregard IDs] sources: [AudioPortConfig{id: 1, portId: 0, sampleRate: Int{value: 48000}, channelMask: AudioChannelLayout{layoutMask: 3}, format: AudioFormatDescription{type: PCM, pcm: INT_32_BIT, encoding: }, gain: (null), flags: AudioIoFlags{output: 10}, ext: AudioPortExt{mix: AudioPortMixExt{handle: 13, usecase: AudioPortMixExtUseCase{stream: SYS_RESERVED_DEFAULT}, maxOpenStreamCount: 0, maxActiveStreamCount: 0, recommendedMuteDurationMs: 0}}}], sinks: [AudioPortConfig{id: 3, portId: 0, sampleRate: (null), channelMask: (null), format: (null), gain: (null), flags: (null), ext: AudioPortExt{device: AudioPortDeviceExt{device: AudioDevice{type: AudioDeviceDescription{type: OUT_SPEAKER, connection: }, address: AudioDeviceAddress{id: }}, flags: 0, encodedFormats: [], encapsulationModes: 0, encapsulationMetadataTypes: 0, speakerLayout: (null)}}}]
06-22 11:23:40.598  1025  1419 D Hal2AidlMapper: [default] findOrCreatePortConfig: device port config does not have audio or gain config specified
06-22 11:23:40.599   960  5204 D AHAL_Module: setAudioPatch: default: requested patch AudioPatch{id: 1, sourcePortConfigIds: [37], sinkPortConfigIds: [1893], minimumStreamBufferSizeFrames: 1024, latenciesMs: [85]}
06-22 11:23:40.599   960  5204 D AudioALSAStreamManager: calculateOutLatencyAndFrames(), flags 0xa, latency 85, frame count 1024
06-22 11:23:40.599   960  5204 D MTKAdapterLayer: setAudioPatch(), patch.mLatency: 85 patch.mFrameCount: 1024
06-22 11:23:40.599   960  5204 D AudioALSAHardware: +createAudioPatch() num_sources [1] , num_sinks [1], handle [0x0], current mAudioHalPatchVector size 4
06-22 11:23:40.599   960  5204 D AudioALSAStreamManager: +setParameters(), IOport = 13, keyValuePairs = routing=2
06-22 11:23:40.599   960  5204 D AudioALSAStreamManager: setParameters(), Send to mStreamOutVector[0], flag 10
06-22 11:23:40.599   960  5204 D AudioALSAStreamOut: value_str = 2 devices count = 1
06-22 11:23:40.599   960  5204 D AudioALSAStreamOut: updatePolicyDevice(), flag: 0xa, device: 0x2
06-22 11:23:40.599   960  5204 W AudioALSAStreamManager: routingOutputDevice(), flag: 0xa, output_devices == current_output_devices(0x2), return
06-22 11:23:40.599   960  5204 D AudioALSAHardware: -createAudioPatch() num_sources [1] , num_sinks [1], handle [0x2888]
06-22 11:23:40.599   960  5204 D AHAL_Module: setAudioPatch: default: updated patch AudioPatch{id: 1, sourcePortConfigIds: [37], sinkPortConfigIds: [1893], minimumStreamBufferSizeFrames: 1024, latenciesMs: [85]}
06-22 11:23:40.600   960  1018 D AHAL_Stream: getRecommendedLatencyModes
06-22 11:23:40.600   960  1019 D MTKAdapterStreamLayer: updateMetadataCommon(), 
06-22 11:23:40.601   960  1019 I AudioALSAStreamOut: updateSourceMetadata(), do nothing source_metadata = 0x77c6b2bf78
06-22 11:23:40.601  1025 21795 D APM_AudioPolicyManager: setOutputDevices() AF::createAudioPatch returned 0 patchHandle 79548 num_sources 1 num_sinks 1
06-22 11:23:40.601  1025 21795 V audio_utils::mutex: mutex_impl: audio_mutex initialized: ret:0  order:6
06-22 11:23:40.601  1025 21795 W APM::AudioPolicyEngine::ProductStrategy: getVolumeGroupForStreamType: no volume group for AUDIO_STREAM_DEFAULT, using default
06-22 11:23:40.602  1025 21795 E APM_AudioPolicyManager: checkAndSetVolume invalid volume index range in the curve:
06-22 11:23:40.602  1025 21795 E APM_AudioPolicyManager:   Can be muted  Index Min  Index Max  Index Cur [device : index]...
06-22 11:23:40.602  1025 21795 E APM_AudioPolicyManager:   true          -1         -1         40000000 : 00, 
06-22 11:23:40.602  1025 21795 D AudioPolicyManagerCustomImpl: fm_applyGainFromCheckAndSetVolume size 0/4
06-22 11:23:40.602  1025 21795 D AudioPolicyManagerCustomImpl: fm_applyGainFromCheckAndSetVolume size 1/4
06-22 11:23:40.602  1025 21795 D AudioPolicyManagerCustomImpl: fm_applyGainFromCheckAndSetVolume size 2/4
06-22 11:23:40.602  1025 21795 D AudioPolicyManagerCustomImpl: fm_applyGainFromCheckAndSetVolume size 3/4
06-22 11:23:40.603  1025 21795 W APM::AudioPolicyEngine::ProductStrategy: getVolumeGroupForStreamType: no volume group for AUDIO_STREAM_DEFAULT, using default
06-22 11:23:40.603  1025 21795 D APM_AudioPolicyManager: setOutputDevices caller updateCallAndOutputRouting[[portId:6][io:21, fast]] prevDevice {AUDIO_DEVICE_OUT_SPEAKER, @:}
06-22 11:23:40.605  2402  2402 I DeviceUtils: getComputilityLevel(): 2
06-22 11:23:40.605  2402  2402 I DeviceUtils: getComputilityLevel(): 2
06-22 11:23:40.605  1025 21795 D APM_AudioPolicyManager: setOutputDevices caller updateCallAndOutputRouting[[portId:6][io:21, fast]] changing device to {AUDIO_DEVICE_OUT_SPEAKER, @:}
06-22 11:23:40.605  1025 21795 D APM_AudioPolicyManager: [MTK_APM_Route]setOutputDevices mIoHandle 21 : changing device 0x2 to 0x2, delayMs = 0, force = 1, skipMuteDelay = 0, skipDelayMTK = 0, caller updateCallAndOutputRouting[[portId:6][io:21, fast]]
06-22 11:23:40.605  2402  2402 I DeviceUtils: getComputilityLevel(): 2
06-22 11:23:40.606  1025 21795 V audio_utils::mutex: mutex_impl: audio_mutex initialized: ret:0  order:6
06-22 11:23:40.606  1025  1353 V audio_utils::mutex: mutex_impl: audio_mutex initialized: ret:0  order:21
06-22 11:23:40.621  1025  1435 I AudioFlinger_Threads: mideviceType: 2
06-22 11:23:40.621  1025  1435 D DeviceHalAidl: [default] createAudioPatch: sources: 1 sinks 1
06-22 11:23:40.621  1025  1435 D Hal2AidlMapper: [default] createOrUpdatePatch: patch ID: 2, [disregard IDs] sources: [AudioPortConfig{id: 6, portId: 0, sampleRate: Int{value: 48000}, channelMask: AudioChannelLayout{layoutMask: 3}, format: AudioFormatDescription{type: PCM, pcm: INT_32_BIT, encoding: }, gain: (null), flags: AudioIoFlags{output: 4}, ext: AudioPortExt{mix: AudioPortMixExt{handle: 21, usecase: AudioPortMixExtUseCase{stream: SYS_RESERVED_DEFAULT}, maxOpenStreamCount: 0, maxActiveStreamCount: 0, recommendedMuteDurationMs: 0}}}], sinks: [AudioPortConfig{id: 3, portId: 0, sampleRate: (null), channelMask: (null), format: (null), gain: (null), flags: (null), ext: AudioPortExt{device: AudioPortDeviceExt{device: AudioDevice{type: AudioDeviceDescription{type: OUT_SPEAKER, connection: }, address: AudioDeviceAddress{id: }}, flags: 0, encodedFormats: [], encapsulationModes: 0, encapsulationMetadataTypes: 0, speakerLayout: (null)}}}]
06-22 11:23:40.621  1025  1435 D Hal2AidlMapper: [default] findOrCreatePortConfig: device port config does not have audio or gain config specified
06-22 11:23:40.621   960  1019 D AHAL_Module: setAudioPatch: default: requested patch AudioPatch{id: 2, sourcePortConfigIds: [38], sinkPortConfigIds: [1893], minimumStreamBufferSizeFrames: 256, latenciesMs: [10]}
06-22 11:23:40.622  2402  2402 I DeviceUtils: getComputilityLevel(): 2
06-22 11:23:40.622   960  1019 D AudioALSAStreamManager: calculateOutLatencyAndFrames(), flags 0x4, latency 10, frame count 256
06-22 11:23:40.622  2402  2402 I DeviceUtils: getComputilityLevel(): 2
06-22 11:23:40.622   960  1019 D MTKAdapterLayer: setAudioPatch(), patch.mLatency: 10 patch.mFrameCount: 256
06-22 11:23:40.622   960  1019 D AudioALSAHardware: +createAudioPatch() num_sources [1] , num_sinks [1], handle [0x0], current mAudioHalPatchVector size 4
06-22 11:23:40.622   960  1019 D AudioALSAStreamManager: +setParameters(), IOport = 21, keyValuePairs = routing=2
06-22 11:23:40.622   960  1019 D AudioALSAStreamManager: setParameters(), Send to mStreamOutVector[1], flag 4
06-22 11:23:40.622  2402  2402 I DeviceUtils: getComputilityLevel(): 2
06-22 11:23:40.622   960  1019 D AudioALSAStreamOut: value_str = 2 devices count = 1
06-22 11:23:40.624   960  1019 D AudioALSAStreamOut: updatePolicyDevice(), flag: 0x4, device: 0x2
06-22 11:23:40.624   960  1019 W AudioALSAStreamManager: routingOutputDevice(), flag: 0x4, output_devices == current_output_devices(0x2), return
06-22 11:23:40.624   960  1019 D AudioALSAHardware: -createAudioPatch() num_sources [1] , num_sinks [1], handle [0x2889]
06-22 11:23:40.624   960  1019 D AHAL_Module: setAudioPatch: default: updated patch AudioPatch{id: 2, sourcePortConfigIds: [38], sinkPortConfigIds: [1893], minimumStreamBufferSizeFrames: 256, latenciesMs: [10]}
06-22 11:23:40.625   960  1018 D AHAL_Stream: getRecommendedLatencyModes
06-22 11:23:40.625   960  1019 D MTKAdapterStreamLayer: updateMetadataCommon(), 
06-22 11:23:40.625   960  1019 I AudioALSAStreamOut: updateSourceMetadata(), do nothing source_metadata = 0x77c6b2bf78
06-22 11:23:40.626  1025 21795 D APM_AudioPolicyManager: setOutputDevices() AF::createAudioPatch returned 0 patchHandle 79556 num_sources 1 num_sinks 1
06-22 11:23:40.626  1025 21795 V audio_utils::mutex: mutex_impl: audio_mutex initialized: ret:0  order:6
06-22 11:23:40.626  1045  1537 W libc    : Access denied finding property "ro.vendor.display.max_hdr_luminance"
06-22 11:23:40.626  1025 21795 W APM::AudioPolicyEngine::ProductStrategy: getVolumeGroupForStreamType: no volume group for AUDIO_STREAM_DEFAULT, using default
06-22 11:23:40.627  1025 21795 E APM_AudioPolicyManager: checkAndSetVolume invalid volume index range in the curve:
06-22 11:23:40.627  1025 21795 E APM_AudioPolicyManager:   Can be muted  Index Min  Index Max  Index Cur [device : index]...
06-22 11:23:40.627  1025 21795 E APM_AudioPolicyManager:   true          -1         -1         40000000 : 00, 
06-22 11:23:40.628  1025 21795 W APM::AudioPolicyEngine::ProductStrategy: getVolumeGroupForStreamType: no volume group for AUDIO_STREAM_DEFAULT, using default
06-22 11:23:40.628  1025 21795 D APM_AudioPolicyManager: setOutputDevices caller updateCallAndOutputRouting[[portId:8][io:29, voip_rx]] prevDevice {AUDIO_DEVICE_OUT_SPEAKER, @:}
06-22 11:23:40.630  2388  2891 D SatelliteController: iisInCarrierRoamingNbIotNtn: satellite is disabled
06-22 11:23:40.631  1025 21795 D APM_AudioPolicyManager: setOutputDevices caller updateCallAndOutputRouting[[portId:10][io:37, incall_music_uplink]] prevDevice {AUDIO_DEVICE_OUT_TELEPHONY_TX, @:}
06-22 11:23:40.632  2388  2388 W Settings: Setting airplane_mode_on has moved from android.provider.Settings.System to android.provider.Settings.Global, returning read-only value.
06-22 11:23:40.634  1673  1936 I AS.AudioDeviceInventory: setPreferredDevicesForStrategyInt, strategy: 3, APM made devices: [AudioDeviceAttributes: role:output type:speaker addr: name:24076RP19G profiles:[{ENCODING_PCM_16BIT, sampling rates=[44100, 48000], channel masks=0x0C, encapsulation type=0}, {ENCODING_PCM_32BIT, sampling rates=[44100, 48000], channel masks=0x0C, encapsulation type=0}, {ENCODING_PCM_FLOAT, sampling rates=[44100, 48000], channel masks=0x0C, encapsulation type=0}] descriptors:[]]preferred device in63ms
06-22 11:23:40.634  1673  1936 D AS.BtHelper: isBluetoothScoOn() mBluetoothHeadset is null: truemBluetoothHeadsetDevice is null: true
06-22 11:23:40.634  1025  1354 I EffectModule: Destructor 0xb400007848597430
06-22 11:23:40.634  1025  1354 V EffectHandle: disconnect 0xb4000079b858c4d0
06-22 11:23:40.634  1025  1354 V EffectHandle: disconnect(true) 0xb4000079b858c4d0
06-22 11:23:40.634  1025  1354 V EffectHandle: Destructor 0xb4000079b858c4d0
06-22 11:23:40.634  1025  1354 V EffectHandle: disconnect(false) 0xb4000079b858c4d0
06-22 11:23:40.634  1673  1936 V AS.AudioDeviceBroker: requestedCommunicationDevice: AudioDeviceAttributes: role:output type:speaker addr: name:24076RP19G profiles:[{ENCODING_PCM_16BIT, sampling rates=[44100, 48000], channel masks=0x0C, encapsulation type=0}, {ENCODING_PCM_32BIT, sampling rates=[44100, 48000], channel masks=0x0C, encapsulation type=0}, {ENCODING_PCM_FLOAT, sampling rates=[44100, 48000], channel masks=0x0C, encapsulation type=0}] descriptors:[] mode owner pid: 0 crc: [CommunicationRouteClient: mAttributionSource: android.content.AttributionSource@444df5cc mDevice: AudioDeviceAttributes: role:output type:speaker addr: name:24076RP19G profiles:[{ENCODING_PCM_16BIT, sampling rates=[44100, 48000], channel masks=0x0C, encapsulation type=0}, {ENCODING_PCM_32BIT, sampling rates=[44100, 48000], channel masks=0x0C, encapsulation type=0}, {ENCODING_PCM_FLOAT, sampling rates=[44100, 48000], channel masks=0x0C, encapsulation type=0}] descriptors:[] mIsPrivileged: false mPlaybackActive: true mRecordingActive: true mDisabled: false]
06-22 11:23:40.634  1025  1354 W audioserver: Binder 0xb4000079b858c4e0 destroyed after setInheritRt before being parceled.
06-22 11:23:40.634  1673  1936 V AS.AudioDeviceBroker: requestedCommunicationDevice crc.pid: 30727 crc.uid: 10307 crc.Cb: android.os.BinderProxy@afcb4a7
06-22 11:23:40.634  1025  1354 W audioserver: Binder 0xb4000079b858c4e0 destroyed after setMinSchedulerPolicy before being parceled.
06-22 11:23:40.634  1025  1354 D APM_AudioPolicyManager: stopOutput portId 5498
06-22 11:23:40.635  1025  1354 D APM_AudioPolicyManager: stoptOutput() output 21, portId 5498, stream 3, session 50393, sample_rate 48000, format 0x5, channel_mask 0x3, appname com.dibay.app)
06-22 11:23:40.635  1025  1354 D APM_AudioPolicyManager: setOutputDevices caller gainTable_routeAndApplyVolumeFromStopSource[[portId:6][io:21, fast]] prevDevice {AUDIO_DEVICE_OUT_SPEAKER, @:}
06-22 11:23:40.637  2388  2918 D MiuiTelephonyDFS: msg.what = 2
06-22 11:23:40.637  2388  2918 D MiuiTelephonyDFS: getVoiceRat = 13
06-22 11:23:40.637  2388  2918 D MiuiTelephonyDFS: getRsrp = -100
06-22 11:23:40.637  2388  2918 D MiuiTelephonyDFS: getVoiceRat = 13
06-22 11:23:40.637  2388  2918 D MiuiTelephonyDFS: getSnr = -4
06-22 11:23:40.637  2388  2918 D MiSight::  constructEvent id=915100005
06-22 11:23:40.637  2388  3107 D NetworkSpeedTracker: updateSignalInfo lteRsrp=-100lteSnr=-4,phoneId=0
06-22 11:23:40.637  2388  3108 D HighSpeedTrainModeController: msg.what = 10
06-22 11:23:40.637  2388  2918 D MiSight::  sendEvent id=915100005
06-22 11:23:40.637  2388  2918 D MiSightJni: MiSight: Java_com_miui_misight_MiSight_nativeSendEvent enter called. '{"SNRValue":-4}'
06-22 11:23:40.637  2388  2918 D MiEvent : MiEvent: this 0x763f073e20, paylod=0xb4000078c14a01c0
06-22 11:23:40.638  2388  2918 D MiEvent : flatten EventId 915100005 -t 1782098620 -paraList {"SNRValue":-4}
06-22 11:23:40.638  2388  2918 D MiEvent : report:EventId 915100005 -t 1782098620 -paraList {"SNRValue":-4} success
06-22 11:23:40.638  2388  2918 D MiEvent : ~MiEvent: this 0x763f073e20, paylod=0xb4000078c14a01c0
06-22 11:23:40.638  2402  2402 I DeviceUtils: getComputilityLevel(): 2
06-22 11:23:40.638  2402  2402 I DeviceUtils: getComputilityLevel(): 2
06-22 11:23:40.639  1180  1236 I misight : OnEvent EventPrivacyCompliance event=915100005
06-22 11:23:40.639  2402  2402 I DeviceUtils: getComputilityLevel(): 2
06-22 11:23:40.639  1673  1936 D AS.BtHelper: isBluetoothScoOn() mBluetoothHeadset is null: truemBluetoothHeadsetDevice is null: true
06-22 11:23:40.639  1180  1236 D misight : ProcessEvent devVersion==OS3.0.302.0.WHYMIXM,faultLevel=2,prv=3 region=eea
06-22 11:23:40.639  1180  1236 I misight : OnEvent EventStorageManager event=915100005,3
06-22 11:23:40.639  1180  1236 D misight : ProcessNewDayEvent event happen time 1782098620,start time=1782057600,restart=1
06-22 11:23:40.640  1180  1236 D misight : ProcessNewDayEvent event happen time 1782098620, last=1782098619,start time=1782057600,next day =1782144000, interval=86400
06-22 11:23:40.640  1180  1236 D misight : Execute start execute sql /data/miuilog/misight/event.db:select id,event_id,daily_cnt,over_cnt,hour_cnt,next_expire_time,last_happen_time,last_log_time from event_daily where event_id = '915100005' limit 1
06-22 11:23:40.640  1180  1236 D misight : DetectDropByTime event 915100005 parser maxCnt=200 lastTime=1782098553 same=0, overCnt=27741,dailyCnt=178,hourCnt=1
06-22 11:23:40.640  1180  1236 I misight : DetectDropEvent event 915100005 over hour cnt drop it, hourCnt=2 halfCnt=1, maxCnt=200 punishSecond=2062,space=67
06-22 11:23:40.640  1180  1236 D misight : Execute start execute sql /data/miuilog/misight/event.db:update event_daily set  daily_cnt=178, hour_cnt=1, next_expire_time=1782102153, over_cnt=27742, last_happen_time=1782098553, last_log_time=0  where id = '4'
06-22 11:23:40.640  1673  1936 V AS.AudioDeviceBroker: requestedCommunicationDevice: AudioDeviceAttributes: role:output type:speaker addr: name:24076RP19G profiles:[{ENCODING_PCM_16BIT, sampling rates=[44100, 48000], channel masks=0x0C, encapsulation type=0}, {ENCODING_PCM_32BIT, sampling rates=[44100, 48000], channel masks=0x0C, encapsulation type=0}, {ENCODING_PCM_FLOAT, sampling rates=[44100, 48000], channel masks=0x0C, encapsulation type=0}] descriptors:[] mode owner pid: 0 crc: [CommunicationRouteClient: mAttributionSource: android.content.AttributionSource@444df5cc mDevice: AudioDeviceAttributes: role:output type:speaker addr: name:24076RP19G profiles:[{ENCODING_PCM_16BIT, sampling rates=[44100, 48000], channel masks=0x0C, encapsulation type=0}, {ENCODING_PCM_32BIT, sampling rates=[44100, 48000], channel masks=0x0C, encapsulation type=0}, {ENCODING_PCM_FLOAT, sampling rates=[44100, 48000], channel masks=0x0C, encapsulation type=0}] descriptors:[] mIsPrivileged: false mPlaybackActive: true mRecordingActive: true mDisabled: false]
06-22 11:23:40.640  1673  1936 V AS.AudioDeviceBroker: requestedCommunicationDevice crc.pid: 30727 crc.uid: 10307 crc.Cb: android.os.BinderProxy@afcb4a7
06-22 11:23:40.641  1673  1936 D AS.AudioDeviceBroker: dispatchCommunicationDevice triggered by uid=10307 portId=3
06-22 11:23:40.641  1673  1936 W AS.AudioDeviceBroker: Miss dispatch to system client (pkg=com.android.server.telecom) because event from uid=10307 >= 10000
06-22 11:23:40.642  1673  1936 V AS.AudioDeviceBroker: requestedCommunicationDevice: AudioDeviceAttributes: role:output type:speaker addr: name:24076RP19G profiles:[{ENCODING_PCM_16BIT, sampling rates=[44100, 48000], channel masks=0x0C, encapsulation type=0}, {ENCODING_PCM_32BIT, sampling rates=[44100, 48000], channel masks=0x0C, encapsulation type=0}, {ENCODING_PCM_FLOAT, sampling rates=[44100, 48000], channel masks=0x0C, encapsulation type=0}] descriptors:[] mode owner pid: 0 crc: [CommunicationRouteClient: mAttributionSource: android.content.AttributionSource@444df5cc mDevice: AudioDeviceAttributes: role:output type:speaker addr: name:24076RP19G profiles:[{ENCODING_PCM_16BIT, sampling rates=[44100, 48000], channel masks=0x0C, encapsulation type=0}, {ENCODING_PCM_32BIT, sampling rates=[44100, 48000], channel masks=0x0C, encapsulation type=0}, {ENCODING_PCM_FLOAT, sampling rates=[44100, 48000], channel masks=0x0C, encapsulation type=0}] descriptors:[] mIsPrivileged: false mPlaybackActive: true mRecordingActive: true mDisabled: false]
06-22 11:23:40.642  1673  1936 V AS.AudioDeviceBroker: requestedCommunicationDevice crc.pid: 30727 crc.uid: 10307 crc.Cb: android.os.BinderProxy@afcb4a7
06-22 11:23:40.642  1673  1936 D AudioServiceStubImpl: updateModeOwnerPid, pid: 30727, eventSource: setNewModeOwner
06-22 11:23:40.642  2402 21771 D InfoMediaManager: buildAvailableRoutes() first selected device : 1
06-22 11:23:40.643  1673  1936 V AS.AudioDeviceBroker: requestedCommunicationDevice: AudioDeviceAttributes: role:output type:speaker addr: name:24076RP19G profiles:[{ENCODING_PCM_16BIT, sampling rates=[44100, 48000], channel masks=0x0C, encapsulation type=0}, {ENCODING_PCM_32BIT, sampling rates=[44100, 48000], channel masks=0x0C, encapsulation type=0}, {ENCODING_PCM_FLOAT, sampling rates=[44100, 48000], channel masks=0x0C, encapsulation type=0}] descriptors:[] mode owner pid: 30727 crc: [CommunicationRouteClient: mAttributionSource: android.content.AttributionSource@444df5cc mDevice: AudioDeviceAttributes: role:output type:speaker addr: name:24076RP19G profiles:[{ENCODING_PCM_16BIT, sampling rates=[44100, 48000], channel masks=0x0C, encapsulation type=0}, {ENCODING_PCM_32BIT, sampling rates=[44100, 48000], channel masks=0x0C, encapsulation type=0}, {ENCODING_PCM_FLOAT, sampling rates=[44100, 48000], channel masks=0x0C, encapsulation type=0}] descriptors:[] mIsPrivileged: false mPlaybackActive: true mRecordingActive: true mDisabled: false]
06-22 11:23:40.643  1673  1936 V AS.AudioDeviceBroker: requestedCommunicationDevice crc.pid: 30727 crc.uid: 10307 crc.Cb: android.os.BinderProxy@afcb4a7
06-22 11:23:40.643  1673  1936 V AS.AudioDeviceBroker: onUpdateCommunicationRouteClient, crc: [CommunicationRouteClient: mAttributionSource: android.content.AttributionSource@444df5cc mDevice: AudioDeviceAttributes: role:output type:speaker addr: name:24076RP19G profiles:[{ENCODING_PCM_16BIT, sampling rates=[44100, 48000], channel masks=0x0C, encapsulation type=0}, {ENCODING_PCM_32BIT, sampling rates=[44100, 48000], channel masks=0x0C, encapsulation type=0}, {ENCODING_PCM_FLOAT, sampling rates=[44100, 48000], channel masks=0x0C, encapsulation type=0}] descriptors:[] mIsPrivileged: false mPlaybackActive: true mRecordingActive: true mDisabled: false] previous BT SCO Requester UID: -1 eventSource: setNewModeOwner
06-22 11:23:40.643  1673  1936 V AS.AudioDeviceBroker: requestedCommunicationDevice: AudioDeviceAttributes: role:output type:speaker addr: name:24076RP19G profiles:[{ENCODING_PCM_16BIT, sampling rates=[44100, 48000], channel masks=0x0C, encapsulation type=0}, {ENCODING_PCM_32BIT, sampling rates=[44100, 48000], channel masks=0x0C, encapsulation type=0}, {ENCODING_PCM_FLOAT, sampling rates=[44100, 48000], channel masks=0x0C, encapsulation type=0}] descriptors:[] mode owner pid: 30727 crc: [CommunicationRouteClient: mAttributionSource: android.content.AttributionSource@444df5cc mDevice: AudioDeviceAttributes: role:output type:speaker addr: name:24076RP19G profiles:[{ENCODING_PCM_16BIT, sampling rates=[44100, 48000], channel masks=0x0C, encapsulation type=0}, {ENCODING_PCM_32BIT, sampling rates=[44100, 48000], channel masks=0x0C, encapsulation type=0}, {ENCODING_PCM_FLOAT, sampling rates=[44100, 48000], channel masks=0x0C, encapsulation type=0}] descriptors:[] mIsPrivileged: false mPlaybackActive: true mRecordingActive: true mDisabled: false]
06-22 11:23:40.643  1673  1936 V AS.AudioDeviceBroker: requestedCommunicationDevice crc.pid: 30727 crc.uid: 10307 crc.Cb: android.os.BinderProxy@afcb4a7
06-22 11:23:40.643  1673  1936 V AS.AudioDeviceBroker: setCommunicationRouteForClient: device: AudioDeviceAttributes: role:output type:speaker addr: name:24076RP19G profiles:[{ENCODING_PCM_16BIT, sampling rates=[44100, 48000], channel masks=0x0C, encapsulation type=0}, {ENCODING_PCM_32BIT, sampling rates=[44100, 48000], channel masks=0x0C, encapsulation type=0}, {ENCODING_PCM_FLOAT, sampling rates=[44100, 48000], channel masks=0x0C, encapsulation type=0}] descriptors:[], eventSource: setNewModeOwner
06-22 11:23:40.643  1673  1936 I AS.AudioDeviceBroker: setCommunicationRouteForClient for uid: 10307 device: AudioDeviceAttributes: role:output type:speaker addr: name:24076RP19G profiles:[{ENCODING_PCM_16BIT, sampling rates=[44100, 48000], channel masks=0x0C, encapsulation type=0}, {ENCODING_PCM_32BIT, sampling rates=[44100, 48000], channel masks=0x0C, encapsulation type=0}, {ENCODING_PCM_FLOAT, sampling rates=[44100, 48000], channel masks=0x0C, encapsulation type=0}] descriptors:[] isPrivileged: false from API: setNewModeOwner
06-22 11:23:40.643  1180  1236 I misight : OnEvent EventInfoPack event 915100005
06-22 11:23:40.643  1673  1936 V AS.AudioDeviceBroker: requestedCommunicationDevice: AudioDeviceAttributes: role:output type:speaker addr: name:24076RP19G profiles:[{ENCODING_PCM_16BIT, sampling rates=[44100, 48000], channel masks=0x0C, encapsulation type=0}, {ENCODING_PCM_32BIT, sampling rates=[44100, 48000], channel masks=0x0C, encapsulation type=0}, {ENCODING_PCM_FLOAT, sampling rates=[44100, 48000], channel masks=0x0C, encapsulation type=0}] descriptors:[] mode owner pid: 30727 crc: [CommunicationRouteClient: mAttributionSource: android.content.AttributionSource@444df5cc mDevice: AudioDeviceAttributes: role:output type:speaker addr: name:24076RP19G profiles:[{ENCODING_PCM_16BIT, sampling rates=[44100, 48000], channel masks=0x0C, encapsulation type=0}, {ENCODING_PCM_32BIT, sampling rates=[44100, 48000], channel masks=0x0C, encapsulation type=0}, {ENCODING_PCM_FLOAT, sampling rates=[44100, 48000], channel masks=0x0C, encapsulation type=0}] descriptors:[] mIsPrivileged: false mPlaybackActive: true mRecordingActive: true mDisabled: false]
06-22 11:23:40.643  1673  1936 V AS.AudioDeviceBroker: requestedCommunicationDevice crc.pid: 30727 crc.uid: 10307 crc.Cb: android.os.BinderProxy@afcb4a7
06-22 11:23:40.644  1673  1936 V AS.AudioDeviceBroker: requestedCommunicationDevice: AudioDeviceAttributes: role:output type:speaker addr: name:24076RP19G profiles:[{ENCODING_PCM_16BIT, sampling rates=[44100, 48000], channel masks=0x0C, encapsulation type=0}, {ENCODING_PCM_32BIT, sampling rates=[44100, 48000], channel masks=0x0C, encapsulation type=0}, {ENCODING_PCM_FLOAT, sampling rates=[44100, 48000], channel masks=0x0C, encapsulation type=0}] descriptors:[] mode owner pid: 30727 crc: [CommunicationRouteClient: mAttributionSource: android.content.AttributionSource@444df5cc mDevice: AudioDeviceAttributes: role:output type:speaker addr: name:24076RP19G profiles:[{ENCODING_PCM_16BIT, sampling rates=[44100, 48000], channel masks=0x0C, encapsulation type=0}, {ENCODING_PCM_32BIT, sampling rates=[44100, 48000], channel masks=0x0C, encapsulation type=0}, {ENCODING_PCM_FLOAT, sampling rates=[44100, 48000], channel masks=0x0C, encapsulation type=0}] descriptors:[] mIsPrivileged: false mPlaybackActive: true mRecordingActive: true mDisabled: false]
06-22 11:23:40.644  1673  1936 V AS.AudioDeviceBroker: requestedCommunicationDevice crc.pid: 30727 crc.uid: 10307 crc.Cb: android.os.BinderProxy@afcb4a7
06-22 11:23:40.644  1673  1936 V AS.AudioDeviceBroker: requestedCommunicationDevice: AudioDeviceAttributes: role:output type:speaker addr: name:24076RP19G profiles:[{ENCODING_PCM_16BIT, sampling rates=[44100, 48000], channel masks=0x0C, encapsulation type=0}, {ENCODING_PCM_32BIT, sampling rates=[44100, 48000], channel masks=0x0C, encapsulation type=0}, {ENCODING_PCM_FLOAT, sampling rates=[44100, 48000], channel masks=0x0C, encapsulation type=0}] descriptors:[] mode owner pid: 30727 crc: [CommunicationRouteClient: mAttributionSource: android.content.AttributionSource@444df5cc mDevice: AudioDeviceAttributes: role:output type:speaker addr: name:24076RP19G profiles:[{ENCODING_PCM_16BIT, sampling rates=[44100, 48000], channel masks=0x0C, encapsulation type=0}, {ENCODING_PCM_32BIT, sampling rates=[44100, 48000], channel masks=0x0C, encapsulation type=0}, {ENCODING_PCM_FLOAT, sampling rates=[44100, 48000], channel masks=0x0C, encapsulation type=0}] descriptors:[] mIsPrivileged: false mPlaybackActive: true mRecordingActive: true mDisabled: false]
06-22 11:23:40.644  1673  1936 V AS.AudioDeviceBroker: requestedCommunicationDevice crc.pid: 30727 crc.uid: 10307 crc.Cb: android.os.BinderProxy@afcb4a7
06-22 11:23:40.644  1673  1936 V AS.AudioDeviceBroker: requestedCommunicationDevice: AudioDeviceAttributes: role:output type:speaker addr: name:24076RP19G profiles:[{ENCODING_PCM_16BIT, sampling rates=[44100, 48000], channel masks=0x0C, encapsulation type=0}, {ENCODING_PCM_32BIT, sampling rates=[44100, 48000], channel masks=0x0C, encapsulation type=0}, {ENCODING_PCM_FLOAT, sampling rates=[44100, 48000], channel masks=0x0C, encapsulation type=0}] descriptors:[] mode owner pid: 30727 crc: [CommunicationRouteClient: mAttributionSource: android.content.AttributionSource@444df5cc mDevice: AudioDeviceAttributes: role:output type:speaker addr: name:24076RP19G profiles:[{ENCODING_PCM_16BIT, sampling rates=[44100, 48000], channel masks=0x0C, encapsulation type=0}, {ENCODING_PCM_32BIT, sampling rates=[44100, 48000], channel masks=0x0C, encapsulation type=0}, {ENCODING_PCM_FLOAT, sampling rates=[44100, 48000], channel masks=0x0C, encapsulation type=0}] descriptors:[] mIsPrivileged: false mPlaybackActive: true mRecordingActive: true mDisabled: false]
06-22 11:23:40.644  1673  1936 V AS.AudioDeviceBroker: requestedCommunicationDevice crc.pid: 30727 crc.uid: 10307 crc.Cb: android.os.BinderProxy@afcb4a7
06-22 11:23:40.644  1673  1936 D AudioDeviceBrokerStubImpl: setCommunicationRouteForClient for LEA false false
06-22 11:23:40.644  1025  1354 V AudioPolicyInterfaceImpl: doStopOutput(): client portId 5498, active 0, ActiveClientRefCount 0
06-22 11:23:40.645  1673  1936 D AS.BtHelper: isBluetoothScoOn() mBluetoothHeadset is null: truemBluetoothHeadsetDevice is null: true
06-22 11:23:40.645  1025  1354 V AudioPolicyInterfaceImpl: doReleaseOutput from tid 1354
06-22 11:23:40.645  1025 21637 I AudioEffect: set 0xb4000078d85987e0 uuid: 0x0 timeLow 00000000
06-22 11:23:40.645  1025 21637 I AudioFlinger: createEffect pid 1025, effectClient 0xb4000078b85a8890, priority 0, sessionId 50433, io 21, factory 0xb4000079b858b430
06-22 11:23:40.645  1025 21637 I AudioFlinger_Threads: createEffect_l() thread 0xb400007a8340b520 effect Music Volume Listener on session 50433
06-22 11:23:40.645  1025  7139 D APM_AudioPolicyManager: listAudioPorts mAvailableInputDevices 0x80000004, 0x80000040, 0x80000080, 0x80000100, 0x80002000, 0x90000000
06-22 11:23:40.645  1025 21637 V audio_utils::mutex: mutex_impl: audio_mutex initialized: ret:0  order:15
06-22 11:23:40.645  1673  1936 V AS.AudioDeviceBroker: requestedCommunicationDevice: AudioDeviceAttributes: role:output type:speaker addr: name:24076RP19G profiles:[{ENCODING_PCM_16BIT, sampling rates=[44100, 48000], channel masks=0x0C, encapsulation type=0}, {ENCODING_PCM_32BIT, sampling rates=[44100, 48000], channel masks=0x0C, encapsulation type=0}, {ENCODING_PCM_FLOAT, sampling rates=[44100, 48000], channel masks=0x0C, encapsulation type=0}] descriptors:[] mode owner pid: 30727 crc: [CommunicationRouteClient: mAttributionSource: android.content.AttributionSource@444df5cc mDevice: AudioDeviceAttributes: role:output type:speaker addr: name:24076RP19G profiles:[{ENCODING_PCM_16BIT, sampling rates=[44100, 48000], channel masks=0x0C, encapsulation type=0}, {ENCODING_PCM_32BIT, sampling rates=[44100, 48000], channel masks=0x0C, encapsulation type=0}, {ENCODING_PCM_FLOAT, sampling rates=[44100, 48000], channel masks=0x0C, encapsulation type=0}] descriptors:[] mIsPrivileged: false mPlaybackActive: true mRecordingActive: true mDisabled: false]
06-22 11:23:40.645  1025 21637 I EffectChain: EffectChain(): new EffectChain = 0xb4000078385a2950
06-22 11:23:40.645  1673  1936 V AS.AudioDeviceBroker: requestedCommunicationDevice crc.pid: 30727 crc.uid: 10307 crc.Cb: android.os.BinderProxy@afcb4a7
06-22 11:23:40.645  1025 21637 I AudioFlinger_Threads: createEffect_l() got effect 0x0 on chain 0xb4000078385a2950
06-22 11:23:40.645  1025 21637 V audio_utils::mutex: mutex_impl: audio_mutex initialized: ret:0  order:16
06-22 11:23:40.645  1673  1936 V AS.AudioDeviceBroker: updateCommunicationRoute, preferredCommunicationDevice: AudioDeviceAttributes: role:output type:speaker addr: name:24076RP19G profiles:[{ENCODING_PCM_16BIT, sampling rates=[44100, 48000], channel masks=0x0C, encapsulation type=0}, {ENCODING_PCM_32BIT, sampling rates=[44100, 48000], channel masks=0x0C, encapsulation type=0}, {ENCODING_PCM_FLOAT, sampling rates=[44100, 48000], channel masks=0x0C, encapsulation type=0}] descriptors:[] eventSource: setNewModeOwner
06-22 11:23:40.645  1025 21637 V audio_utils::mutex: mutex_impl: audio_mutex initialized: ret:0  order:3
06-22 11:23:40.645  1025 21637 V EffectModule: Constructor 0xb400007848597430 pinned 1
06-22 11:23:40.645  1025  1354 D APM_AudioPolicyManager: releaseOutput portId 5498
06-22 11:23:40.645  1025  1354 D APM_AudioPolicyManager: [MTK_APM_Output]releaseOutput() 21 portId 5498
06-22 11:23:40.645  1025  1354 D APM_AudioPolicyManager: releaseOutput() output 21, stream 3, session 50393 [uid=10307]
06-22 11:23:40.645  1025  1354 D ClientInfoStub: ~ClientInfoStub()
06-22 11:23:40.645  1673  1936 D AS.AudioDeviceBroker: updateIndexForSwitchBt preferredCommunicationDevice: AudioDeviceAttributes: role:output type:speaker addr: name:24076RP19G profiles:[{ENCODING_PCM_16BIT, sampling rates=[44100, 48000], channel masks=0x0C, encapsulation type=0}, {ENCODING_PCM_32BIT, sampling rates=[44100, 48000], channel masks=0x0C, encapsulation type=0}, {ENCODING_PCM_FLOAT, sampling rates=[44100, 48000], channel masks=0x0C, encapsulation type=0}] descriptors:[] btCommDeviceActiveType: 0
06-22 11:23:40.645   960  1019 D AHAL_EffectFactory: createEffect: UUID 40f66c8b-5aa5-4345-8919-53ec431aaa98
06-22 11:23:40.645   960  1019 D AHAL_DlbVolumeListenerEffectImpl: VolumeListenerEffectImpl, AudioUuid{timeLow: 1089891467, timeMid: 23205, timeHiAndVersion: 17221, clockSeq: 35097, node: [83, 236, 67, 26, 170, 152]}
06-22 11:23:40.645   960  1019 D AHAL_DlbVolumeListenerEffectImpl: createEffect, instance 0xb4000079a7d47190 is created
06-22 11:23:40.645  1673  1936 V AS.AudioDeviceBroker: updateCommunicationRoute, mPreCommunicationDevice: AudioDeviceAttributes: role:output type:speaker addr: name:24076RP19G profiles:[{ENCODING_PCM_16BIT, sampling rates=[44100, 48000], channel masks=0x0C, encapsulation type=0}, {ENCODING_PCM_32BIT, sampling rates=[44100, 48000], channel masks=0x0C, encapsulation type=0}, {ENCODING_PCM_FLOAT, sampling rates=[44100, 48000], channel masks=0x0C, encapsulation type=0}] descriptors:[] mCurCommunicationDevice: AudioDeviceAttributes: role:output type:speaker addr: name:24076RP19G profiles:[{ENCODING_PCM_16BIT, sampling rates=[44100, 48000], channel masks=0x0C, encapsulation type=0}, {ENCODING_PCM_32BIT, sampling rates=[44100, 48000], channel masks=0x0C, encapsulation type=0}, {ENCODING_PCM_FLOAT, sampling rates=[44100, 48000], channel masks=0x0C, encapsulation type=0}] descriptors:[]
06-22 11:23:40.645  1673  1936 I AS.AudioDeviceInventory: setPreferredDevicesForStrategyInt, strategy: 0 devices: [AudioDeviceAttributes: role:output type:speaker addr: name:24076RP19G profiles:[{ENCODING_PCM_16BIT, sampling rates=[44100, 48000], channel masks=0x0C, encapsulation type=0}, {ENCODING_PCM_32BIT, sampling rates=[44100, 48000], channel masks=0x0C, encapsulation type=0}, {ENCODING_PCM_FLOAT, sampling rates=[44100, 48000], channel masks=0x0C, encapsulation type=0}] descriptors:[]]
06-22 11:23:40.646   960  1019 D AHAL_DlbVolumeListenerEffectImpl: getDescriptor, Descriptor{common: Common{id: Identity{type: AudioUuid{timeLow: -92152866, timeMid: 22667, timeHiAndVersion: 4589, clockSeq: 39786, node: [2, 66, 172, 18, 0, 2]}, uuid: AudioUuid{timeLow: 1089891467, timeMid: 23205, timeHiAndVersion: 17221, clockSeq: 35097, node: [83, 236, 67, 26, 170, 152]}, proxy: (null)}, flags: Flags{type: INSERT, insert: LAST, volume: IND, hwAcceleratorMode: NONE, offloadIndication: true, deviceIndication: true, audioModeIndication: false, audioSourceIndication: false, bypass: true, sinkMetadataIndication: false, sourceMetadataIndication: false}, cpuLoad: 0, memoryUsage: 0, name: Music Volume Listener, implementor: Dolby Laboratories}, capability: Capability{vendorExtension: VendorExtension{extension: AParcelableHolder}, range: Range{vendorExtension: []}}}
06-22 11:23:40.646  1025 21637 I EffectHalAidl: createAidlConversion create UUID AudioUuid{timeLow: -92152866, timeMid: 22667, timeHiAndVersion: 4589, clockSeq: 39786, node: [2, 66, 172, 18, 0, 2]}
06-22 11:23:40.646  1025 21637 V EffectModule: setOffloaded_l offloaded 0 io 21 status 0
06-22 11:23:40.646  1025 21637 I EffectModule: EffectModule Constructor success name Music Volume Listener, Interface 0xb4000077d85b3de0
06-22 11:23:40.646  1025 21637 I EffectChain: addEffect_l() effect 0xb400007848597430, added in chain 0xb4000078385a2950 at rank 0
06-22 11:23:40.646  1673  1936 I AS.AudioDeviceInventory: setPreferredDevicesForStrategyInt, strategy: 0, APM made devices: [AudioDeviceAttributes: role:output type:speaker addr: name:24076RP19G profiles:[{ENCODING_PCM_16BIT, sampling rates=[44100, 48000], channel masks=0x0C, encapsulation type=0}, {ENCODING_PCM_32BIT, sampling rates=[44100, 48000], channel masks=0x0C, encapsulation type=0}, {ENCODING_PCM_FLOAT, sampling rates=[44100, 48000], channel masks=0x0C, encapsulation type=0}] descriptors:[]]preferred device in1ms
06-22 11:23:40.646  1025 21637 V EffectModule: configure_l 0xb400007848597430 chain 0xb4000078385a2950 buffer 0x0 framecount 768
06-22 11:23:40.646  1673  1936 I AS.AudioDeviceInventory: setPreferredDevicesForStrategyInt, strategy: 3 devices: [AudioDeviceAttributes: role:output type:speaker addr: name:24076RP19G profiles:[{ENCODING_PCM_16BIT, sampling rates=[44100, 48000], channel masks=0x0C, encapsulation type=0}, {ENCODING_PCM_32BIT, sampling rates=[44100, 48000], channel masks=0x0C, encapsulation type=0}, {ENCODING_PCM_FLOAT, sampling rates=[44100, 48000], channel masks=0x0C, encapsulation type=0}] descriptors:[]]
06-22 11:23:40.646  1025 21591 D APM_AudioPolicyManager: listAudioPorts mAvailableInputDevices 0x80000004, 0x80000040, 0x80000080, 0x80000100, 0x80002000, 0x90000000
06-22 11:23:40.646  1673  1936 I AS.AudioDeviceInventory: setPreferredDevicesForStrategyInt, strategy: 3, APM made devices: [AudioDeviceAttributes: role:output type:speaker addr: name:24076RP19G profiles:[{ENCODING_PCM_16BIT, sampling rates=[44100, 48000], channel masks=0x0C, encapsulation type=0}, {ENCODING_PCM_32BIT, sampling rates=[44100, 48000], channel masks=0x0C, encapsulation type=0}, {ENCODING_PCM_FLOAT, sampling rates=[44100, 48000], channel masks=0x0C, encapsulation type=0}] descriptors:[]]preferred device in0ms
06-22 11:23:40.646  1673  1936 D AS.BtHelper: isBluetoothScoOn() mBluetoothHeadset is null: truemBluetoothHeadsetDevice is null: true
06-22 11:23:40.646  1025 21795 D APM_AudioPolicyManager: listAudioPorts mAvailableInputDevices 0x80000004, 0x80000040, 0x80000080, 0x80000100, 0x80002000, 0x90000000
06-22 11:23:40.647  1673  1936 V AS.AudioDeviceBroker: requestedCommunicationDevice: AudioDeviceAttributes: role:output type:speaker addr: name:24076RP19G profiles:[{ENCODING_PCM_16BIT, sampling rates=[44100, 48000], channel masks=0x0C, encapsulation type=0}, {ENCODING_PCM_32BIT, sampling rates=[44100, 48000], channel masks=0x0C, encapsulation type=0}, {ENCODING_PCM_FLOAT, sampling rates=[44100, 48000], channel masks=0x0C, encapsulation type=0}] descriptors:[] mode owner pid: 30727 crc: [CommunicationRouteClient: mAttributionSource: android.content.AttributionSource@444df5cc mDevice: AudioDeviceAttributes: role:output type:speaker addr: name:24076RP19G profiles:[{ENCODING_PCM_16BIT, sampling rates=[44100, 48000], channel masks=0x0C, encapsulation type=0}, {ENCODING_PCM_32BIT, sampling rates=[44100, 48000], channel masks=0x0C, encapsulation type=0}, {ENCODING_PCM_FLOAT, sampling rates=[44100, 48000], channel masks=0x0C, encapsulation type=0}] descriptors:[] mIsPrivileged: false mPlaybackActive: true mRecordingActive: true mDisabled: false]
06-22 11:23:40.647  1673  1936 V AS.AudioDeviceBroker: requestedCommunicationDevice crc.pid: 30727 crc.uid: 10307 crc.Cb: android.os.BinderProxy@afcb4a7
06-22 11:23:40.647  1025 21637 D EffectConversionHelperAidl: handleSetConfig at state INIT, opening effect with input AudioConfig{base: AudioConfigBase{sampleRate: 48000, channelMask: AudioChannelLayout{layoutMask: 3}, format: AudioFormatDescription{type: PCM, pcm: FLOAT_32_BIT, encoding: }}, offloadInfo: AudioOffloadInfo{base: AudioConfigBase{sampleRate: 0, channelMask: AudioChannelLayout{none: 0}, format: AudioFormatDescription{type: DEFAULT, pcm: DEFAULT, encoding: }}, streamType: INVALID, bitRatePerSecond: 0, durationUs: 0, hasVideo: false, isStreaming: false, bitWidth: 16, offloadBufferSize: 0, usage: INVALID, encapsulationMode: INVALID, contentId: 0, syncId: 0}, frameCount: 768} output AudioConfig{base: AudioConfigBase{sampleRate: 48000, channelMask: AudioChannelLayout{layoutMask: 3}, format: AudioFormatDescription{type: PCM, pcm: FLOAT_32_BIT, encoding: }}, offloadInfo: AudioOffloadInfo{base: AudioConfigBase{sampleRate: 0, channelMask: AudioChannelLayout{none: 0}, format: AudioFormatDescription{type: DEFAULT, pcm: DEFAULT, encoding: }}, streamType: INVALID, bit
06-22 11:23:40.647  1025  1172 D APM_AudioPolicyManager: listAudioPorts mAvailableInputDevices 0x80000004, 0x80000040, 0x80000080, 0x80000100, 0x80002000, 0x90000000
06-22 11:23:40.648  1025 21795 D APM_AudioPolicyManager: listAudioPorts mAvailableInputDevices 0x80000004, 0x80000040, 0x80000080, 0x80000100, 0x80002000, 0x90000000
06-22 11:23:40.648  1025  2641 D APM_AudioPolicyManager: listAudioPorts mAvailableInputDevices 0x80000004, 0x80000040, 0x80000080, 0x80000100, 0x80002000, 0x90000000
06-22 11:23:40.648  1025  2641 D NativePermissionController: checkPermission: missing 13 for 10307
06-22 11:23:40.648  1025 21539 D APM_AudioPolicyManager: listAudioPorts mAvailableInputDevices 0x80000004, 0x80000040, 0x80000080, 0x80000100, 0x80002000, 0x90000000
06-22 11:23:40.648  1025 21539 D NativePermissionController: checkPermission: missing 13 for 10307
06-22 11:23:40.649  1025  3693 D APM_AudioPolicyManager: listAudioPorts mAvailableInputDevices 0x80000004, 0x80000040, 0x80000080, 0x80000100, 0x80002000, 0x90000000
06-22 11:23:40.649  1025 21446 D APM_AudioPolicyManager: listAudioPorts mAvailableInputDevices 0x80000004, 0x80000040, 0x80000080, 0x80000100, 0x80002000, 0x90000000
06-22 11:23:40.649  1025  7139 D APM_AudioPolicyManager: listAudioPorts mAvailableInputDevices 0x80000004, 0x80000040, 0x80000080, 0x80000100, 0x80002000, 0x90000000
06-22 11:23:40.649   960  1018 D AHAL_DlbVolumeListenerEffectContext: VolumeListenerEffectContext
06-22 11:23:40.649  1025 21591 D APM_AudioPolicyManager: listAudioPorts mAvailableInputDevices 0x80000004, 0x80000040, 0x80000080, 0x80000100, 0x80002000, 0x90000000
06-22 11:23:40.649  1025  2641 D APM_AudioPolicyManager: listAudioPorts mAvailableInputDevices 0x80000004, 0x80000040, 0x80000080, 0x80000100, 0x80002000, 0x90000000
06-22 11:23:40.649   960  1018 I AHAL_EffectImpl: Music Volume ListenerV2open
06-22 11:23:40.650  1025  1172 D APM_AudioPolicyManager: listAudioPorts mAvailableInputDevices 0x80000004, 0x80000040, 0x80000080, 0x80000100, 0x80002000, 0x90000000
06-22 11:23:40.650  1025  1172 D NativePermissionController: checkPermission: missing 13 for 10166
06-22 11:23:40.651  1025 21637 V EffectChain: addEffect_l effect 0xb400007848597430, added in chain 0xb4000078385a2950 at rank 0
06-22 11:23:40.651  1025 21637 V EffectModule: configure_l 0xb400007848597430 chain 0xb4000078385a2950 buffer 0xb4000078c85a1140 framecount 768
06-22 11:23:40.651  1025  7139 D NativePermissionController: checkPermission: missing 13 for 10307
06-22 11:23:40.651  1025 21539 D NativePermissionController: checkPermission: missing 13 for 10307
06-22 11:23:40.651  1025 21637 D EffectHalAidl: setDevices AUDIO_DEVICE_OUT_SPEAKER, @:
06-22 11:23:40.652  1025 21446 D APM_AudioPolicyManager: listAudioPorts mAvailableInputDevices 0x80000004, 0x80000040, 0x80000080, 0x80000100, 0x80002000, 0x90000000
06-22 11:23:40.652  1025 21637 V audio_utils::mutex: mutex_impl: audio_mutex initialized: ret:0  order:2
06-22 11:23:40.652  1025 21637 V EffectHandle: constructor 0xb4000079b858c4d0 client 0xb4000078685c14a0
06-22 11:23:40.652  1025 21446 D NativePermissionController: checkPermission: missing 13 for 10307
06-22 11:23:40.652  1025  3693 D APM_AudioPolicyManager: listAudioPorts mAvailableInputDevices 0x80000004, 0x80000040, 0x80000080, 0x80000100, 0x80002000, 0x90000000
06-22 11:23:40.652  1025  7139 D APM_AudioPolicyManager: listAudioPorts mAvailableInputDevices 0x80000004, 0x80000040, 0x80000080, 0x80000100, 0x80002000, 0x90000000
06-22 11:23:40.652  1025 21637 V EffectHandle: setControl 0xb4000079b858c4d0 control 1
06-22 11:23:40.652  1025  7139 D NativePermissionController: checkPermission: missing 13 for 10307
06-22 11:23:40.652  1025 21637 V EffectBase: addHandle() 0xb400007848597440 added handle 0xb4000079b858c4d0 in position 0
06-22 11:23:40.653  1025 21637 V audio_utils::mutex: mutex_impl: audio_mutex initialized: ret:0  order:21
06-22 11:23:40.653  1025  2641 D APM_AudioPolicyManager: listAudioPorts mAvailableInputDevices 0x80000004, 0x80000040, 0x80000080, 0x80000100, 0x80002000, 0x90000000
06-22 11:23:40.653  1025 21637 V EffectBase: updatePolicyState name Music Volume Listener id 31083 session 50433 doRegister 1 registered 1 doEnable 0 enabled 0
06-22 11:23:40.653  1025 21795 D APM_AudioPolicyManager: listAudioPorts mAvailableInputDevices 0x80000004, 0x80000040, 0x80000080, 0x80000100, 0x80002000, 0x90000000
06-22 11:23:40.653  1025 21795 D NativePermissionController: checkPermission: missing 13 for 10166
06-22 11:23:40.654  1025 21637 I AudioEffect: set() 0xb4000078d85987e0 OK effect: Music Volume Listener id: 31083 status 0 enabled 0 pid 1025
06-22 11:23:40.654  1025 21637 I AudioEffect: enable 0xb4000078d85987e0
06-22 11:23:40.654  1025 21637 V EffectHandle: enable 0xb4000079b858c4d0
06-22 11:23:40.654  1025 21637 V EffectBase: updatePolicyState name Music Volume Listener id 31083 session 50433 doRegister 0 registered 1 doEnable 1 enabled 1
06-22 11:23:40.654  1025 21637 V EffectBase: setEnabled 0xb400007848597440 enabled 1
06-22 11:23:40.654   960  1019 D AHAL_DlbVolumeListenerEffectContext: enable
06-22 11:23:40.654   960  1019 D AHAL_DlbVolumeListenerEffectContext: VolumeListenerContext::enable, session = 50433, ioHandle = 21.
06-22 11:23:40.655  1025  2641 D NativePermissionController: checkPermission: missing 13 for 10307
06-22 11:23:40.655  2402  2402 I DeviceUtils: getComputilityLevel(): 2
06-22 11:23:40.655  2402  2402 I DeviceUtils: getComputilityLevel(): 2
06-22 11:23:40.655  2402  2402 I DeviceUtils: getComputilityLevel(): 2
06-22 11:23:40.655  1025  2641 D NativePermissionController: checkPermission: missing 13 for 10307
06-22 11:23:40.655  1025 21637 D APM_AudioPolicyManager: startOutput() output 21, portId 5503, stream 3, session 50433, sample_rate 48000, format 0x5, channel_mask 0x3, appname com.dibay.app)
06-22 11:23:40.657  1025 21637 D APM_AudioPolicyManager: setOutputDevices caller startSource[[portId:6][io:21, fast]] prevDevice {AUDIO_DEVICE_OUT_SPEAKER, @:}
06-22 11:23:40.665  1025 21637 I UsecaseValidator: verifyAudioAttributes update usage: 1 to AUDIO_USAGE_GAME for output: 21 pid: 30727 package: com.dibay.app
06-22 11:23:40.665  1025 21637 V AudioPolicyInterfaceImpl: startOutput(): client portId 5503, active 1, ActiveClientRefCount 1
06-22 11:23:40.665  1025 21637 V audio_utils::mutex: mutex_impl: audio_mutex initialized: ret:0  order:21
06-22 11:23:40.665  1025  2641 D APM_AudioPolicyManager: listAudioPorts mAvailableInputDevices 0x80000004, 0x80000040, 0x80000080, 0x80000100, 0x80002000, 0x90000000
06-22 11:23:40.665  1025  7139 D APM_AudioPolicyManager: listAudioPorts mAvailableInputDevices 0x80000004, 0x80000040, 0x80000080, 0x80000100, 0x80002000, 0x90000000
06-22 11:23:40.665  1025 21637 D AudioFlinger_Threads: addTrack_l() starting track on chain 0xb4000078385a2950 for session 50433, cout:1.
06-22 11:23:40.665  1025 21637 D AudioFlinger_Threads: addTrack_l() mActiveEffectChainIdVector.size() = 0, before mActiveEffectChainIdVector.push_back(50433)
06-22 11:23:40.665  1025 21637 D AF::Track: noteStartAudioInNeed
06-22 11:23:40.666  1025 21637 D BatteryNotifier: batteryHandler::send audio start msg! 10307, 30727, 50433, 2
06-22 11:23:40.666  1025  1304 D BatteryNotifier: BatteryNotifier::update audio start to power insight! 10307, 30727, 50433, 2, isneedReport 1
06-22 11:23:40.666  1025  3693 D NativePermissionController: checkPermission: missing 13 for 10166
06-22 11:23:40.666  1025 21795 D APM_AudioPolicyManager: listAudioPorts mAvailableInputDevices 0x80000004, 0x80000040, 0x80000080, 0x80000100, 0x80002000, 0x90000000
06-22 11:23:40.666  1025  1435 D StreamHalAidl: [out|ioHandle:21] setParameters: parameters: "NoAudioTrack=0"
06-22 11:23:40.666  1025  1435 D StreamHalAidl: [out|ioHandle:21] setParameters: parameters: NoAudioTrack=0
06-22 11:23:40.666  1673  4059 E AppOps  : attributionTag  not declared in manifest of com.dibay.app
06-22 11:23:40.666  1673  1740 D BatteryStatsService: noteStartAudio uid is 10307
06-22 11:23:40.666  1040  1040 D Audio_ParameterParser: parseVendorParameters: scope: STREAM, keys/values: NoAudioTrack=0
06-22 11:23:40.667  1025  7139 D APM_AudioPolicyManager: listAudioPorts mAvailableInputDevices 0x80000004, 0x80000040, 0x80000080, 0x80000100, 0x80002000, 0x90000000
06-22 11:23:40.667  1673  1740 E BatteryStatsService: note StartAudioToPower BatteryStatsservices10307 30727 50433 5503 2
06-22 11:23:40.667  1025  2641 D NativePermissionController: checkPermission: missing 13 for 10166
06-22 11:23:40.667  5692 10904 I PowerKeeper.Event: noteStartAudioInNeed uid is 10307, sessionid is 50433, port is 5503, type is 2
06-22 11:23:40.667  1673  4059 E AppOps  : attributionTag  not declared in manifest of com.dibay.app
06-22 11:23:40.667  1673  1740 D BatteryStatsManagerStub: noteStartAudioInNeed uid is 10307, pid is 30727, session is 50433, port is 5503, type is 2
06-22 11:23:40.668  1673  1740 E PowerInsightClientProxy: framework 10307 pid 30727 session 50433
06-22 11:23:40.668  1673  1740 E PowerInsightPolicy: sPowerInsightService null!
06-22 11:23:40.668  1673  1740 D ProcessManager: remove temp audio active uid : 10307
06-22 11:23:40.668  5692  5823 I AppActiveChecker: uid:10307 change to active
06-22 11:23:40.668  1673  1721 D BatteryStatsManagerStub: audio on uid=10307
06-22 11:23:40.668  1025  2641 D APM_AudioPolicyManager: listAudioPorts mAvailableInputDevices 0x80000004, 0x80000040, 0x80000080, 0x80000100, 0x80002000, 0x90000000
06-22 11:23:40.668  1025  2641 D NativePermissionController: checkPermission: missing 13 for 10166
06-22 11:23:40.669  1025  1172 D APM_AudioPolicyManager: listAudioPorts mAvailableInputDevices 0x80000004, 0x80000040, 0x80000080, 0x80000100, 0x80002000, 0x90000000
06-22 11:23:40.669 30727  2209 D AudioRepeatStartCheck: [AudioRepeatStartStopCheck], enter: uid = 10307, session = 50433, uidnowTime = 1782098620
06-22 11:23:40.669  1025  1172 D APM_AudioPolicyManager: listAudioPorts mAvailableInputDevices 0x80000004, 0x80000040, 0x80000080, 0x80000100, 0x80002000, 0x90000000
06-22 11:23:40.669  1025  1172 D NativePermissionController: checkPermission: missing 13 for 10166
06-22 11:23:40.669 30727  2209 D AudioRepeatStartCheck: [AudioRepeatStartStopCheck] isAnomaly = 0
06-22 11:23:40.669  1025  2641 D APM_AudioPolicyManager: listAudioPorts mAvailableInputDevices 0x80000004, 0x80000040, 0x80000080, 0x80000100, 0x80002000, 0x90000000
06-22 11:23:40.670  1673  1936 D AS.BtHelper: isBluetoothScoOn() mBluetoothHeadset is null: truemBluetoothHeadsetDevice is null: true
06-22 11:23:40.670  1025  2641 D NativePermissionController: checkPermission: missing 13 for 10307
06-22 11:23:40.670  1673  1936 V AS.AudioDeviceBroker: requestedCommunicationDevice: AudioDeviceAttributes: role:output type:speaker addr: name:24076RP19G profiles:[{ENCODING_PCM_16BIT, sampling rates=[44100, 48000], channel masks=0x0C, encapsulation type=0}, {ENCODING_PCM_32BIT, sampling rates=[44100, 48000], channel masks=0x0C, encapsulation type=0}, {ENCODING_PCM_FLOAT, sampling rates=[44100, 48000], channel masks=0x0C, encapsulation type=0}] descriptors:[] mode owner pid: 30727 crc: [CommunicationRouteClient: mAttributionSource: android.content.AttributionSource@444df5cc mDevice: AudioDeviceAttributes: role:output type:speaker addr: name:24076RP19G profiles:[{ENCODING_PCM_16BIT, sampling rates=[44100, 48000], channel masks=0x0C, encapsulation type=0}, {ENCODING_PCM_32BIT, sampling rates=[44100, 48000], channel masks=0x0C, encapsulation type=0}, {ENCODING_PCM_FLOAT, sampling rates=[44100, 48000], channel masks=0x0C, encapsulation type=0}] descriptors:[] mIsPrivileged: false mPlaybackActive: true mRecordingActive: true mDisabled: false]
06-22 11:23:40.671  1673  1936 V AS.AudioDeviceBroker: requestedCommunicationDevice crc.pid: 30727 crc.uid: 10307 crc.Cb: android.os.BinderProxy@afcb4a7
06-22 11:23:40.671 30727  2209 D AAudio  : AAudioStream_requestStart(s#6) returned 0 ---------
06-22 11:23:40.671  2402  2402 I DeviceUtils: getComputilityLevel(): 2
06-22 11:23:40.672  1673  1936 V AS.AudioDeviceBroker: requestedCommunicationDevice: AudioDeviceAttributes: role:output type:speaker addr: name:24076RP19G profiles:[{ENCODING_PCM_16BIT, sampling rates=[44100, 48000], channel masks=0x0C, encapsulation type=0}, {ENCODING_PCM_32BIT, sampling rates=[44100, 48000], channel masks=0x0C, encapsulation type=0}, {ENCODING_PCM_FLOAT, sampling rates=[44100, 48000], channel masks=0x0C, encapsulation type=0}] descriptors:[] mode owner pid: 30727 crc: [CommunicationRouteClient: mAttributionSource: android.content.AttributionSource@444df5cc mDevice: AudioDeviceAttributes: role:output type:speaker addr: name:24076RP19G profiles:[{ENCODING_PCM_16BIT, sampling rates=[44100, 48000], channel masks=0x0C, encapsulation type=0}, {ENCODING_PCM_32BIT, sampling rates=[44100, 48000], channel masks=0x0C, encapsulation type=0}, {ENCODING_PCM_FLOAT, sampling rates=[44100, 48000], channel masks=0x0C, encapsulation type=0}] descriptors:[] mIsPrivileged: false mPlaybackActive: true mRecordingActive: true mDisabled: false]
06-22 11:23:40.672  1673  1936 V AS.AudioDeviceBroker: requestedCommunicationDevice crc.pid: 30727 crc.uid: 10307 crc.Cb: android.os.BinderProxy@afcb4a7
06-22 11:23:40.672 30727  2112 D AudioStreamTrack: onAudioDeviceUpdate() devices 3 => 3
06-22 11:23:40.672 30727  2112 D AudioTrack: onAudioDeviceUpdate AudioPortDebug[ID:00000003] deviceType:AUDIO_DEVICE_OUT_SPEAKER(00000002)
06-22 11:23:40.672  1025  1435 D BatteryNotifier: batteryHandler::send audio final volume update msg! 10307, 30727, 50433
06-22 11:23:40.672 30727  2112 D BatteryNotifier: batteryHandler::send audio device update msg! 10307, 30727, 50433, 2
06-22 11:23:40.672  1025  1304 D BatteryNotifier: BatteryNotifier::update finalvolume to power insight! 10307, 30727, 50433, finalvolume 0.707946
06-22 11:23:40.672  2402  2402 I DeviceUtils: getComputilityLevel(): 2
06-22 11:23:40.672  2402  2402 I DeviceUtils: getComputilityLevel(): 2
06-22 11:23:40.672  1025  1435 D AudioFlinger_Threads: updateWakeLockUids_l AudioOut_15 uids:10307 
06-22 11:23:40.673   960  1018 D MTKAdapterStreamLayer: updateMetadataCommon(), 
06-22 11:23:40.673   960  1018 I AudioALSAStreamOut: updateSourceMetadata(), do nothing source_metadata = 0x77c7c2ff78
06-22 11:23:40.673  1673  1740 E BatteryStatsService: note final volume change AudioToPower BatteryStatsservices 10307 30727 50433 0.7079463
06-22 11:23:40.673  1673  1740 E PowerInsightPolicy: sPowerInsightService null!
06-22 11:23:40.673  1025  1435 D AudioFlinger_Threads: 0xb400007a8340b520: threadLoop_write write data to hw, mixerStatus 2, muted count 8
06-22 11:23:40.673  1025  2641 D NativePermissionController: checkPermission: missing 13 for 10166
06-22 11:23:40.673  1673  1936 D AS.BtHelper: mLeAudio: null mLeAudio
06-22 11:23:40.674  1025  2641 D NativePermissionController: checkPermission: missing 13 for 10166
06-22 11:23:40.675 30727  2457 D BatteryNotifier: BatteryNotifier::update device to power insight! 10307, 30727, 50433, 2
06-22 11:23:40.675 30727  2209 D AAudio  : AAudioStream_requestStart(s#5) called --------------
06-22 11:23:40.675 30727  2209 D AAudioStream: setState(s#5) from 2 to 3
06-22 11:23:40.676 30727  2209 I AudioTrack: start(5502): prior state:STATE_STOPPED packageName: com.dibay.app
06-22 11:23:40.676  1025  2641 V AudioPolicyInterfaceImpl: startOutput()
06-22 11:23:40.676  1025  2641 I AudioEffect: set 0xb4000078d8596090 uuid: 0x0 timeLow 00000000
06-22 11:23:40.676  1673  1740 E BatteryStatsService: note device change AudioToPower BatteryStatsservices 10307 30727 50433 2
06-22 11:23:40.676  1025  2641 I AudioFlinger: createEffect pid 1025, effectClient 0xb4000078b85a9310, priority 0, sessionId 50425, io 13, factory 0xb4000079b858b430
06-22 11:23:40.676  1673  1740 E PowerInsightPolicy: sPowerInsightService null!
06-22 11:23:40.676  1025  2641 I AudioFlinger_Threads: createEffect_l() thread 0xb400007a83f03520 effect Music Volume Listener on session 50425
06-22 11:23:40.676  1025  2641 V audio_utils::mutex: mutex_impl: audio_mutex initialized: ret:0  order:15
06-22 11:23:40.676  1025  2641 I EffectChain: EffectChain(): new EffectChain = 0xb4000078385a3710
06-22 11:23:40.676  1025  2641 I AudioFlinger_Threads: createEffect_l() got effect 0x0 on chain 0xb4000078385a3710
06-22 11:23:40.676  1025  2641 V audio_utils::mutex: mutex_impl: audio_mutex initialized: ret:0  order:16
06-22 11:23:40.676  1025  2641 V audio_utils::mutex: mutex_impl: audio_mutex initialized: ret:0  order:3
06-22 11:23:40.676  1025  2641 V EffectModule: Constructor 0xb40000784858c530 pinned 1
06-22 11:23:40.676   960  1018 D AHAL_EffectFactory: createEffect: UUID 40f66c8b-5aa5-4345-8919-53ec431aaa98
06-22 11:23:40.676  1673  1936 E AS.BtHelperExt: notifyCgState, mBluetoothLeCallControl is null
06-22 11:23:40.677  1673  1936 W AS.AudioService: mAudioModeResetCount already 0
06-22 11:23:40.677   960  1018 D AHAL_DlbVolumeListenerEffectImpl: VolumeListenerEffectImpl, AudioUuid{timeLow: 1089891467, timeMid: 23205, timeHiAndVersion: 17221, clockSeq: 35097, node: [83, 236, 67, 26, 170, 152]}
06-22 11:23:40.677   960  1018 D AHAL_DlbVolumeListenerEffectImpl: createEffect, instance 0xb4000079a7d55e10 is created
06-22 11:23:40.677  1673  2817 D AS.BtHelper: isBluetoothScoOn() mBluetoothHeadset is null: truemBluetoothHeadsetDevice is null: true
06-22 11:23:40.677  1673  1939 W system_server: Long monitor contention with owner AudioDeviceBroker (1936) at void com.android.server.audio.AudioDeviceBroker.onUpdatePhoneStrategyDevice(android.media.AudioDeviceAttributes, java.lang.String)(AudioDeviceBroker.java:4032) waiters=0 in void com.android.server.audio.AudioService.updateAudioModeHandlers(java.util.List, java.util.List) for 304ms
06-22 11:23:40.677   960  1018 D AHAL_DlbVolumeListenerEffectImpl: getDescriptor, Descriptor{common: Common{id: Identity{type: AudioUuid{timeLow: -92152866, timeMid: 22667, timeHiAndVersion: 4589, clockSeq: 39786, node: [2, 66, 172, 18, 0, 2]}, uuid: AudioUuid{timeLow: 1089891467, timeMid: 23205, timeHiAndVersion: 17221, clockSeq: 35097, node: [83, 236, 67, 26, 170, 152]}, proxy: (null)}, flags: Flags{type: INSERT, insert: LAST, volume: IND, hwAcceleratorMode: NONE, offloadIndication: true, deviceIndication: true, audioModeIndication: false, audioSourceIndication: false, bypass: true, sinkMetadataIndication: false, sourceMetadataIndication: false}, cpuLoad: 0, memoryUsage: 0, name: Music Volume Listener, implementor: Dolby Laboratories}, capability: Capability{vendorExtension: VendorExtension{extension: AParcelableHolder}, range: Range{vendorExtension: []}}}
06-22 11:23:40.677  1025  2641 I EffectHalAidl: createAidlConversion create UUID AudioUuid{timeLow: -92152866, timeMid: 22667, timeHiAndVersion: 4589, clockSeq: 39786, node: [2, 66, 172, 18, 0, 2]}
06-22 11:23:40.677  1025  2641 V EffectModule: setOffloaded_l offloaded 0 io 13 status 0
06-22 11:23:40.677  1025  2641 I EffectModule: EffectModule Constructor success name Music Volume Listener, Interface 0xb4000077d85b0b40
06-22 11:23:40.677  1025  2641 I EffectChain: addEffect_l() effect 0xb40000784858c530, added in chain 0xb4000078385a3710 at rank 0
06-22 11:23:40.677  1025  2641 V EffectModule: configure_l 0xb40000784858c530 chain 0xb4000078385a3710 buffer 0x0 framecount 1024
06-22 11:23:40.677  1673  2817 V AS.AudioDeviceBroker: requestedCommunicationDevice: AudioDeviceAttributes: role:output type:speaker addr: name:24076RP19G profiles:[{ENCODING_PCM_16BIT, sampling rates=[44100, 48000], channel masks=0x0C, encapsulation type=0}, {ENCODING_PCM_32BIT, sampling rates=[44100, 48000], channel masks=0x0C, encapsulation type=0}, {ENCODING_PCM_FLOAT, sampling rates=[44100, 48000], channel masks=0x0C, encapsulation type=0}] descriptors:[] mode owner pid: 30727 crc: [CommunicationRouteClient: mAttributionSource: android.content.AttributionSource@444df5cc mDevice: AudioDeviceAttributes: role:output type:speaker addr: name:24076RP19G profiles:[{ENCODING_PCM_16BIT, sampling rates=[44100, 48000], channel masks=0x0C, encapsulation type=0}, {ENCODING_PCM_32BIT, sampling rates=[44100, 48000], channel masks=0x0C, encapsulation type=0}, {ENCODING_PCM_FLOAT, sampling rates=[44100, 48000], channel masks=0x0C, encapsulation type=0}] descriptors:[] mIsPrivileged: false mPlaybackActive: true mRecordingActive: true mDisabled: false]
06-22 11:23:40.677  1673  2817 V AS.AudioDeviceBroker: requestedCommunicationDevice crc.pid: 30727 crc.uid: 10307 crc.Cb: android.os.BinderProxy@afcb4a7
06-22 11:23:40.678  1025  2641 D EffectConversionHelperAidl: handleSetConfig at state INIT, opening effect with input AudioConfig{base: AudioConfigBase{sampleRate: 48000, channelMask: AudioChannelLayout{layoutMask: 3}, format: AudioFormatDescription{type: PCM, pcm: FLOAT_32_BIT, encoding: }}, offloadInfo: AudioOffloadInfo{base: AudioConfigBase{sampleRate: 0, channelMask: AudioChannelLayout{none: 0}, format: AudioFormatDescription{type: DEFAULT, pcm: DEFAULT, encoding: }}, streamType: INVALID, bitRatePerSecond: 0, durationUs: 0, hasVideo: false, isStreaming: false, bitWidth: 16, offloadBufferSize: 0, usage: INVALID, encapsulationMode: INVALID, contentId: 0, syncId: 0}, frameCount: 1024} output AudioConfig{base: AudioConfigBase{sampleRate: 48000, channelMask: AudioChannelLayout{layoutMask: 3}, format: AudioFormatDescription{type: PCM, pcm: FLOAT_32_BIT, encoding: }}, offloadInfo: AudioOffloadInfo{base: AudioConfigBase{sampleRate: 0, channelMask: AudioChannelLayout{none: 0}, format: AudioFormatDescription{type: DEFAULT, pcm: DEFAULT, encoding: }}, streamType: INVALID, bi
06-22 11:23:40.678 30727  3562 D AAudioStream: setState(s#6) from 3 to 4
06-22 11:23:40.678  1673  3913 D AS.BtHelper: isBluetoothScoOn() mBluetoothHeadset is null: truemBluetoothHeadsetDevice is null: true
06-22 11:23:40.678 30727  2229 W BpBinder: PerfMonitor binderTransact: time=593ms interface=android.media.IAudioService code=218
06-22 11:23:40.678  1673  3913 V AS.AudioDeviceBroker: requestedCommunicationDevice: AudioDeviceAttributes: role:output type:speaker addr: name:24076RP19G profiles:[{ENCODING_PCM_16BIT, sampling rates=[44100, 48000], channel masks=0x0C, encapsulation type=0}, {ENCODING_PCM_32BIT, sampling rates=[44100, 48000], channel masks=0x0C, encapsulation type=0}, {ENCODING_PCM_FLOAT, sampling rates=[44100, 48000], channel masks=0x0C, encapsulation type=0}] descriptors:[] mode owner pid: 30727 crc: [CommunicationRouteClient: mAttributionSource: android.content.AttributionSource@444df5cc mDevice: AudioDeviceAttributes: role:output type:speaker addr: name:24076RP19G profiles:[{ENCODING_PCM_16BIT, sampling rates=[44100, 48000], channel masks=0x0C, encapsulation type=0}, {ENCODING_PCM_32BIT, sampling rates=[44100, 48000], channel masks=0x0C, encapsulation type=0}, {ENCODING_PCM_FLOAT, sampling rates=[44100, 48000], channel masks=0x0C, encapsulation type=0}] descriptors:[] mIsPrivileged: false mPlaybackActive: true mRecordingActive: true mDisabled: false]
06-22 11:23:40.678  1673  3913 V AS.AudioDeviceBroker: requestedCommunicationDevice crc.pid: 30727 crc.uid: 10307 crc.Cb: android.os.BinderProxy@afcb4a7
06-22 11:23:40.679   960  1018 D AHAL_DlbVolumeListenerEffectContext: VolumeListenerEffectContext
06-22 11:23:40.679 30727 30727 V Capacitor/DibayCallAudioRoutePlugin: Notifying listeners for event routeChanged
06-22 11:23:40.679   960  1018 I AHAL_EffectImpl: Music Volume ListenerV2open
06-22 11:23:40.680  1025  2641 V EffectChain: addEffect_l effect 0xb40000784858c530, added in chain 0xb4000078385a3710 at rank 0
06-22 11:23:40.680  1025  2641 V EffectModule: configure_l 0xb40000784858c530 chain 0xb4000078385a3710 buffer 0xb4000079985aaae0 framecount 1024
06-22 11:23:40.680  1025  2641 D EffectHalAidl: setDevices AUDIO_DEVICE_OUT_SPEAKER, @:
06-22 11:23:40.680  1025  2641 V audio_utils::mutex: mutex_impl: audio_mutex initialized: ret:0  order:2
06-22 11:23:40.680  1025  2641 V EffectHandle: constructor 0xb4000079b858ea70 client 0xb4000078685c14a0
06-22 11:23:40.681  1025  2641 V EffectHandle: setControl 0xb4000079b858ea70 control 1
06-22 11:23:40.681  1025  2641 V EffectBase: addHandle() 0xb40000784858c540 added handle 0xb4000079b858ea70 in position 0
06-22 11:23:40.681  1025  2641 V audio_utils::mutex: mutex_impl: audio_mutex initialized: ret:0  order:21
06-22 11:23:40.681  1025  2641 V EffectBase: updatePolicyState name Music Volume Listener id 31091 session 50425 doRegister 1 registered 1 doEnable 0 enabled 0
06-22 11:23:40.681  1025  2641 I AudioEffect: set() 0xb4000078d8596090 OK effect: Music Volume Listener id: 31091 status 0 enabled 0 pid 1025
06-22 11:23:40.681  1025  2641 I AudioEffect: enable 0xb4000078d8596090
06-22 11:23:40.681  1025  2641 V EffectHandle: enable 0xb4000079b858ea70
06-22 11:23:40.681  1025  2641 V EffectBase: updatePolicyState name Music Volume Listener id 31091 session 50425 doRegister 0 registered 1 doEnable 1 enabled 1
06-22 11:23:40.681  1025  2641 V EffectBase: setEnabled 0xb40000784858c540 enabled 1
06-22 11:23:40.681   960  1018 D AHAL_DlbVolumeListenerEffectContext: enable
06-22 11:23:40.681   960  1018 D AHAL_DlbVolumeListenerEffectContext: VolumeListenerContext::enable, session = 50425, ioHandle = 13.
06-22 11:23:40.681  1025  2641 V audio_utils::mutex: mutex_impl: audio_mutex initialized: ret:0  order:6
06-22 11:23:40.682  1025  1353 D AudioSystem: +setParameters(): appname=+com.dibay.app 
06-22 11:23:40.682  1025  1353 D AudioFlingerImpl: meetingpowerpolicy showMap from other ++++++
06-22 11:23:40.682  1025  1353 D AudioFlingerImpl: meetingpowerpolicy mVoipTxAppCount 0 mTargetRecordMode 1 mSupportMeetingPower 0 mIsSpeakerMic 1
06-22 11:23:40.682  1025  1353 D AudioFlingerImpl: meetingpowerpolicy showMap from other ------
06-22 11:23:40.682  1025  1353 D AudioFlingerImpl: setGameParameters keyvalue: appname=+com.dibay.app
06-22 11:23:40.682  1025  1353 D AudioFlinger: +mAudioHwDevs(primary)->setParameters(): appname=+com.dibay.app
06-22 11:23:40.682  1025  1353 D DeviceHalAidl: [default] setParameters: parameters: "appname=+com.dibay.app"
06-22 11:23:40.682  1040  1040 D Audio_ParameterParser: parseVendorParameters: scope: MODULE, keys/values: appname=+com.dibay.app
06-22 11:23:40.683   960  1018 D AudioALSAHardware: +setParameters(): appname=+com.dibay.app
06-22 11:23:40.683   960  1018 D AudioALSAHardware: setParameters: [DEBUG] setParameters misound AppName: +com.dibay.app
06-22 11:23:40.683   960  1018 I AudioALSAHardware: updateMisoundMode() mMisoundScenario 0, devices 0x3, mMisoundEnable 0, targetScenario ALL
06-22 11:23:40.683   960  1018 D AudioALSAHardware: -setParameters(): appname=+com.dibay.app
06-22 11:23:40.683  1025  1353 D AudioFlinger: -mAudioHwDevs(primary)->setParameters(): appname=+com.dibay.app
06-22 11:23:40.683  1025  1353 D AudioFlinger: +mAudioHwDevs(r_submix)->setParameters(): appname=+com.dibay.app
06-22 11:23:40.683  1025  1353 D DeviceHalAidl: [r_submix] setParameters: parameters: "appname=+com.dibay.app"
06-22 11:23:40.684  1040  1040 D Audio_ParameterParser: parseVendorParameters: scope: MODULE, keys/values: appname=+com.dibay.app
06-22 11:23:40.684  1025  1353 D AudioFlinger: -mAudioHwDevs(r_submix)->setParameters(): appname=+com.dibay.app
06-22 11:23:40.684  1025  1353 D AudioFlinger: +mAudioHwDevs(bluetooth)->setParameters(): appname=+com.dibay.app
06-22 11:23:40.684  1025  1353 D DeviceHalAidl: [bluetooth] setParameters: parameters: "appname=+com.dibay.app"
06-22 11:23:40.684 30727 30727 I DIBAY_WebView: webview_console_message level=LOG line=328 source= msg=%cresult %cDibayCallAudioRoute.addListener (#9363477) font-style: italic; font-weight: lighter; color: gray font-style: italic; font-weight: bold; color: #444
06-22 11:23:40.684  1040  1040 D Audio_ParameterParser: parseVendorParameters: scope: MODULE, keys/values: appname=+com.dibay.app
06-22 11:23:40.685   960  1018 D AHAL_ModuleBluetooth: setVendorParameters: parameter count 1, async: 0
06-22 11:23:40.685   960  1018 D AHAL_ModuleBluetooth: setVendorParameters: appname=+com.dibay.app
06-22 11:23:40.685 30727 30727 I DIBAY_WebView: webview_console_message level=LOG line=333 source= msg={"result":{"requestedSpeaker":false,"applied":false,"actualRoute":"speaker","externalDeviceConnected":false,"api":"noop","reason":"communication_device_changed"}}
06-22 11:23:40.685  1025  1353 D AudioFlinger: -mAudioHwDevs(bluetooth)->setParameters(): appname=+com.dibay.app
06-22 11:23:40.685  1025  2641 V audio_utils::mutex: mutex_impl: audio_mutex initialized: ret:0  order:6
06-22 11:23:40.685 30727 30727 I Capacitor/Console: File:  - Line 333 - Msg: {"result":{"requestedSpeaker":false,"applied":false,"actualRoute":"speaker","externalDeviceConnected":false,"api":"noop","reason":"communication_device_changed"}}
06-22 11:23:40.685  1025  1353 D AudioSystem: +setParameters(): appname=+com.dibay.app 
06-22 11:23:40.685  1025  1353 D AudioFlingerImpl: meetingpowerpolicy showMap from other ++++++
06-22 11:23:40.685  1025  1353 D AudioFlingerImpl: meetingpowerpolicy mVoipTxAppCount 0 mTargetRecordMode 1 mSupportMeetingPower 0 mIsSpeakerMic 1
06-22 11:23:40.685  1025  1353 D AudioFlingerImpl: meetingpowerpolicy showMap from other ------
06-22 11:23:40.686  1025  1353 D AudioFlinger: +thread->setParameters(): io = 13, appname=+com.dibay.app
06-22 11:23:40.686  1025  1353 V audio_utils::mutex: mutex_impl: audio_mutex initialized: ret:0  order:21
06-22 11:23:40.686 30727 30727 I DIBAY_WebView: webview_console_message level=LOG line=335 source= msg=console.groupEnd
06-22 11:23:40.686  1025  1419 D StreamHalAidl: [out|ioHandle:13] setParameters: parameters: "appname=+com.dibay.app"
06-22 11:23:40.686  1025  1419 D StreamHalAidl: [out|ioHandle:13] setParameters: parameters: appname=+com.dibay.app
06-22 11:23:40.686  1040  1040 D Audio_ParameterParser: parseVendorParameters: scope: STREAM, keys/values: appname=+com.dibay.app
06-22 11:23:40.686 30727 30727 I DIBAY_WebView: webview_console_message level=LOG line=1 source=https://samarket.vercel.app/_next/static/chunks/2b4e86e454ae7a77.js msg=[call-audio-route] route_changed [object Object]
06-22 11:23:40.686   960  1018 D AudioALSAStreamOut: +setParameters(): flag 10
06-22 11:23:40.686   960  1018 W AudioALSAStreamOut: setParameters(), still have param.size() = 1
06-22 11:23:40.686   960  1018 E AHAL_Stream: setVendorParameters: unrecognized parameter "appname=+com.dibay.app"
06-22 11:23:40.686 30727 30727 I Capacitor/Console: File: https://samarket.vercel.app/_next/static/chunks/2b4e86e454ae7a77.js - Line 1 - Msg: [call-audio-route] route_changed [object Object]
06-22 11:23:40.686  1025  1419 E ConversionHelperAidl: Function: parseAndSetVendorParameters Line: 104 Failed 
06-22 11:23:40.687  1025  1353 D AudioFlinger: -thread->setParameters(): io = 13, appname=+com.dibay.app
06-22 11:23:40.687  1025  2641 D APM_AudioPolicyManager: startOutput() output 13, portId 5502, stream 3, session 50425, sample_rate 22050, format 0x5, channel_mask 0x1, appname com.dibay.app)
06-22 11:23:40.687 30727 30727 I DIBAY_WebView: webview_console_message level=LOG line=328 source= msg=%cresult %cDibayCallAudioRoute.setSpeakerphoneEnabled (#9363478) font-style: italic; font-weight: lighter; color: gray font-style: italic; font-weight: bold; color: #444
06-22 11:23:40.687  1025  2641 D APM_AudioPolicyManager: setOutputDevices caller startSource[[portId:1][io:13, primary output]] prevDevice {AUDIO_DEVICE_OUT_SPEAKER, @:}
06-22 11:23:40.687 30727 30727 I DIBAY_WebView: webview_console_message level=LOG line=333 source= msg={"requestedSpeaker":true,"applied":true,"actualRoute":"speaker","externalDeviceConnected":false,"api":"setCommunicationDevice","reason":"outgoing_video_preview_seed"}
06-22 11:23:40.688 30727 30727 I Capacitor/Console: File:  - Line 333 - Msg: {"requestedSpeaker":true,"applied":true,"actualRoute":"speaker","externalDeviceConnected":false,"api":"setCommunicationDevice","reason":"outgoing_video_preview_seed"}
06-22 11:23:40.688  2402  2402 I DeviceUtils: getComputilityLevel(): 2
06-22 11:23:40.688 30727 30727 I DIBAY_WebView: webview_console_message level=LOG line=335 source= msg=console.groupEnd
06-22 11:23:40.689  2402  2402 I DeviceUtils: getComputilityLevel(): 2
06-22 11:23:40.689  2402  2402 I DeviceUtils: getComputilityLevel(): 2
06-22 11:23:40.689 30727 30727 I DIBAY_WebView: webview_console_message level=LOG line=1 source=https://samarket.vercel.app/_next/static/chunks/2b4e86e454ae7a77.js msg=[call-audio-route] native_route_result [object Object]
06-22 11:23:40.689 30727 30727 I Capacitor/Console: File: https://samarket.vercel.app/_next/static/chunks/2b4e86e454ae7a77.js - Line 1 - Msg: [call-audio-route] native_route_result [object Object]
06-22 11:23:40.693  1025  2641 D AudioPolicyManagerCustomImpl: fm_applyGainFromCheckAndSetVolume size 0/4
06-22 11:23:40.693  1025  2641 D AudioPolicyManagerCustomImpl: fm_applyGainFromCheckAndSetVolume size 1/4
06-22 11:23:40.693  1025  2641 D AudioPolicyManagerCustomImpl: fm_applyGainFromCheckAndSetVolume size 2/4
06-22 11:23:40.693  1025  2641 D AudioPolicyManagerCustomImpl: fm_applyGainFromCheckAndSetVolume size 3/4
06-22 11:23:40.693  4061  4564 D JavaheapMonitor: Java heap used=2M max=512M, proc: com.android.bluetooth
06-22 11:23:40.693  4061  4564 V JavaheapMonitor: Check java heap usage finished! Next check delay: 300000
06-22 11:23:40.694  1025  2641 V AudioPolicyInterfaceImpl: startOutput(): client portId 5502, active 1, ActiveClientRefCount 1
06-22 11:23:40.694  1025  2641 V audio_utils::mutex: mutex_impl: audio_mutex initialized: ret:0  order:21
06-22 11:23:40.695  1025  2641 D AudioFlinger_Threads: addTrack_l() mActiveSRCTrackIdVector.size() = 0, before mActiveSRCTrackIdVector.push_back(4611)
06-22 11:23:40.695  1025  2641 D AudioFlinger_Threads: addTrack_l() starting track on chain 0xb4000078385a3710 for session 50425, cout:1.
06-22 11:23:40.695  1025  2641 D AudioFlinger_Threads: addTrack_l() mActiveEffectChainIdVector.size() = 0, before mActiveEffectChainIdVector.push_back(50425)
06-22 11:23:40.695  1025  2641 D AudioFlinger_Threads: addTrack_l() global session mActiveEffectChainIdVector.size() = 1, before mActiveEffectChainIdVector.push_back(0)
06-22 11:23:40.695  1025  2641 D AF::Track: noteStartAudioInNeed
06-22 11:23:40.695  1025  2641 D BatteryNotifier: batteryHandler::send audio start msg! 10307, 30727, 50425, 2
06-22 11:23:40.695  1025  1304 D BatteryNotifier: BatteryNotifier::update audio start to power insight! 10307, 30727, 50425, 2, isneedReport 1
06-22 11:23:40.695  1673  3913 E AppOps  : attributionTag  not declared in manifest of com.dibay.app
06-22 11:23:40.695  1025  1419 D StreamHalAidl: [out|ioHandle:13] setParameters: parameters: "NoAudioTrack=0"
06-22 11:23:40.695  1025  1419 D StreamHalAidl: [out|ioHandle:13] setParameters: parameters: NoAudioTrack=0
06-22 11:23:40.695  1673  1740 E BatteryStatsService: note StartAudioToPower BatteryStatsservices10307 30727 50425 5502 2
06-22 11:23:40.695  1673  1740 D BatteryStatsManagerStub: noteStartAudioInNeed uid is 10307, pid is 30727, session is 50425, port is 5502, type is 2
06-22 11:23:40.696  1040  1040 D Audio_ParameterParser: parseVendorParameters: scope: STREAM, keys/values: NoAudioTrack=0
06-22 11:23:40.696  1673  3913 E AppOps  : attributionTag  not declared in manifest of com.dibay.app
06-22 11:23:40.696  5692 10904 I PowerKeeper.Event: noteStartAudioInNeed uid is 10307, sessionid is 50425, port is 5502, type is 2
06-22 11:23:40.696  1673  1740 E PowerInsightClientProxy: framework 10307 pid 30727 session 50425
06-22 11:23:40.696  1673  1740 E PowerInsightPolicy: sPowerInsightService null!
06-22 11:23:40.696 30727  2209 D AudioRepeatStartCheck: [AudioRepeatStartStopCheck], enter: uid = 10307, session = 50425, uidnowTime = 1782098620
06-22 11:23:40.696  1025  1419 D AudioFlinger_Threads: updateWakeLockUids_l AudioOut_D uids:10307 
06-22 11:23:40.696 30727  2209 D AudioRepeatStartCheck: [AudioRepeatStartStopCheck] uid = 10307, uidbeforeTimeGap = 0, uidnowTimeGap = 0, consecutiveStartCnt = 2
06-22 11:23:40.696 30727  2209 D AudioRepeatStartCheck: [AudioRepeatStartStopCheck] isAnomaly = 0
06-22 11:23:40.697   960  1018 D MTKAdapterStreamLayer: updateMetadataCommon(), 
06-22 11:23:40.697  1025  2641 D NativePermissionController: checkPermission: missing 13 for 10307
06-22 11:23:40.697   960  1018 I AudioALSAStreamOut: updateSourceMetadata(), do nothing source_metadata = 0x77c7c2ff78
06-22 11:23:40.697 30727  2209 D AAudio  : AAudioStream_requestStart(s#5) returned 0 ---------
06-22 11:23:40.697 30727  2112 D AudioStreamTrack: onAudioDeviceUpdate() devices 2 => 3
06-22 11:23:40.697 30727  2112 D AudioStreamTrack: onAudioDeviceUpdate() request DISCONNECT in data callback, devices 2 => 3
06-22 11:23:40.697 30727  2112 D AudioTrack: onAudioDeviceUpdate AudioPortDebug[ID:00000003] deviceType:AUDIO_DEVICE_OUT_SPEAKER(00000002)
06-22 11:23:40.698 30727  2112 D BatteryNotifier: batteryHandler::send audio device update msg! 10307, 30727, 50425, 2
06-22 11:23:40.698 30727  2457 D BatteryNotifier: BatteryNotifier::update device to power insight! 10307, 30727, 50425, 2
06-22 11:23:40.699  1673  1740 E BatteryStatsService: note device change AudioToPower BatteryStatsservices 10307 30727 50425 2
06-22 11:23:40.699 30727  3560 D AudioStreamLegacy: checkForDisconnectRequest() mRequestDisconnect acknowledged
06-22 11:23:40.699 30727  3560 D AAudioStream: setDisconnected setting disconnected, current disconnected: 0, current state: 3
06-22 11:23:40.699 30727  3560 W AudioStreamLegacy: onMoreData() data, stream disconnected
06-22 11:23:40.699 30727  3560 E AudioTrack: processAudioBuffer(5502): EVENT_MORE_DATA requested 5056 bytes but callback returned -1 bytes
06-22 11:23:40.699  1673  1740 E PowerInsightPolicy: sPowerInsightService null!
06-22 11:23:40.700 30727  2209 D AAudio  : AAudioStream_requestStop(s#5) called
06-22 11:23:40.700 30727  2209 D AAudioStream: setState(s#5) from 3 to 9
06-22 11:23:40.700 30727  2209 D AudioTrack: stop(5502): 0xb4000079014c18b0, prior state:STATE_ACTIVE packageName: com.dibay.app
06-22 11:23:40.700 30727  2209 D AudioTrack: stop(5502): prior state:STATE_ACTIVE
06-22 11:23:40.700 30727  2209 D AudioTrack: stop(5502): called with 1264 frames delivered
06-22 11:23:40.700 30727  2209 D AudioTrackShared: this(0xb4000077d14d6a30), mCblk(0x7a69e44000), front(0), mIsOut 1, interrupt() FUTEX_WAKE
06-22 11:23:40.700  1673  3913 E AppOps  : attributionTag  not declared in manifest of com.dibay.app
06-22 11:23:40.701  1673  2817 E AppOps  : attributionTag  not declared in manifest of com.dibay.app
06-22 11:23:40.702   960  1418 D AHAL_Stream: cycle: received command Command{start: Void{}} in writer
06-22 11:23:40.702 30727  2209 W libutils.threads: Thread (this=0xb4000077d14e35d0): getTid() is undefined before run()
06-22 11:23:40.702 30727  2209 D AudioTrack: stop(5502): 0xb4000079014c18b0 stop done
06-22 11:23:40.702   960  1418 I AHAL_Stream: start()
06-22 11:23:40.702   960  1418 D AHAL_Stream: cycle: writing reply Reply{status: 0, fmqByteCount: 0, observable: Position{frames: -1, timeNs: 0}, hardware: Position{frames: -1, timeNs: -1}, latencyMs: 85, xrunFrames: 0, state: IDLE}
06-22 11:23:40.702 30727  2209 D AAudioStream: setState(s#5) from 9 to 10
06-22 11:23:40.702   960  1418 D AudioALSAStreamOut: write(), flag 0xa, usePolicyDevice/standbyByHifi: 1/0, output_devices: 0x2 -> latest policyDevice 0x2 (ori policyDevice 0x2)
06-22 11:23:40.702   960  1418 D AudioALSAStreamManager: +syncSharedOutDevice(), originDevice/routingSharedOutDevice: 0x2/0x2, mAudioMode: 3
06-22 11:23:40.702 30727  2209 D AAudio  : AAudioStream_requestStop(s#5) called
06-22 11:23:40.702 30727  2209 D AAudio  : AAudioStream_close(s#5) called ---------------
06-22 11:23:40.702   960  1418 D AudioMTKGainController: setNormalVolume(), mSceneIndex = 0, stream 0, devices 0x2, index 8, mode 0x3, gainDevice 0x2
06-22 11:23:40.702   960  1418 D AudioMTKGainController: setSpeakerGain(), gain = 9, spkAnaType = 3
06-22 11:23:40.702 30727  2209 D AAudioStream: setState(s#5) from 10 to 11
06-22 11:23:40.702   960  1418 D AudioALSAStreamOut: open(), flags 10
06-22 11:23:40.702 30727  2209 D AudioTrack: stop(5502): 0xb4000079014c18b0, prior state:STATE_STOPPED packageName: com.dibay.app
06-22 11:23:40.702 30727  2209 D AudioTrack: stop(5502): prior state:STATE_STOPPED
06-22 11:23:40.702   960  1418 D AudioALSAStreamManager: +createPlaybackHandler(), mAudioMode = 3, output_devices = 0x2, isMixerOut = 0, isBypassAurisys = 0, flag = 10, isIEMsSource = 0, isIEMsOn = 0
06-22 11:23:40.702   960  1418 D AudioALSAStreamManager: needEnableVoip(), output_devices = 0x2, flags: 0xa, mAvailableOutputFlags: 0x1800e, enable: 0
06-22 11:23:40.702 30727  2209 D AudioTrack: stopAndJoinCallbacks(5502) done
06-22 11:23:40.702 30727  2209 D AudioTrack: ~AudioTrack(sessionID=50425)
06-22 11:23:40.703   960  1418 D AudioALSAPlaybackHandlerMixer: open(+), source flag 10, mDevice = 0x2, buffer_size 8192, sample_rate 48000
06-22 11:23:40.703   960  1418 D AudioALSAPlaybackHandlerBase: CreateAurisysLibManager, ph type: 11, voip: 0, mAurisysScenario: 0
06-22 11:23:40.703 30727  2209 D AudioTrack: ~AudioTrack(5502): 0xb4000079014c18b0, calling stop()
06-22 11:23:40.703   960  1418 D aurisys_utility: input dev: 0x80000004 0x0, fmt = 0x3, fs: 48000, max fs: 48000, ch: 2, max ch: 1, ch maks: 0x3, hw_info_mask: 0x0; output dev: 0x2 0x0, fmt = 0x3, fs: 48000, max fs: 48000, ch: 2, max ch: 2, ch maks: 0x3, hw_info_mask: 0x4; task_scene: 2, audio_mode: 3, stream_type: 0, output_flags: 0xa, input_source: 0, input_flags: 0x0; network_info: 0, enhancement_feature_mask: 0x0
06-22 11:23:40.703 30727  2209 D AudioTrack: stop(5502): 0xb4000079014c18b0, prior state:STATE_STOPPED packageName: com.dibay.app
06-22 11:23:40.703   960  1418 D AudioUtility: setupCustomInfoStr(), custom_info = "SetAudioCustomScene=;", (scene = , vol_level = -1, bt_codec = -1)
06-22 11:23:40.703 30727  2209 D AudioTrack: stop(5502): prior state:STATE_STOPPED
06-22 11:23:40.703   960  1418 D aurisys_utility: lib, working fs: 48000, fmt: 0x3, frame = 10, b_interleave = 0, num_ul_ref_buf_array = 0, num_dl_ref_buf_array = 0
06-22 11:23:40.703 30727  2209 D AudioTrack: stopAndJoinCallbacks(5502) done
06-22 11:23:40.703   960  1418 D aurisys_utility: dl in[type:2], ch: 2, ch_mask: 0x3, buf fs: 48000, buf content fs: 48000, fmt: 0x3; dl out[type:3], ch: 2, ch_mask: 0x3, buf fs: 48000, buf content fs: 48000, fmt: 0x3
06-22 11:23:40.703   960  1418 D aurisys_utility: lib, working fs: 48000, fmt: 0x3, frame = 10, b_interleave = 0, num_ul_ref_buf_array = 0, num_dl_ref_buf_array = 0
06-22 11:23:40.703   960  1418 D aurisys_utility: dl in[type:2], ch: 2, ch_mask: 0x3, buf fs: 48000, buf content fs: 48000, fmt: 0x3; dl out[type:3], ch: 2, ch_mask: 0x3, buf fs: 48000, buf content fs: 48000, fmt: 0x3
06-22 11:23:40.703   960  1418 D aurisys_lib_handler: aurisys_arsi_parsing_param_file(), gProductInfo "platform=MT6768,device=spark,model=24076RP19G", file_path "/vendor/etc/misound_res.bin", enhancement_mode 0, param_buf_size 128, data_size 128, custom_info SetAudioCustomScene=;
06-22 11:23:40.703   960  1418 D aurisys_lib_handler: aurisys_arsi_parsing_param_file(), gProductInfo "platform=MT6768,device=spark,model=24076RP19G", file_path "/vendor/etc", enhancement_mode 0, param_buf_size 128, data_size 128, custom_info SetAudioCustomScene=;
06-22 11:23:40.703   960  1418 D aurisys_lib_handler: aurisys_arsi_create_handler(), lib_name misound, [queried_size] dram:472 [avail_size] dram:4294967295
06-22 11:23:40.703   960  1418 I android.hardware.audio.service-aidl.mediatek: misound4_arsi_create_handler entry.
06-22 11:23:40.703   960  1418 I android.hardware.audio.service-aidl.mediatek: misound4_arsi_create_handler stream_type : 0
06-22 11:23:40.703  1025  1172 I mtkpower_client: perf_lock_rel, hdl:28875, pid: 1025, tid:1172
06-22 11:23:40.703   960  1418 I android.hardware.audio.service-aidl.mediatek: misound4_fx_lib resfile reference 2112
06-22 11:23:40.703  1025  1172 D AudioFlinger: setThreadAsVip, set thread:3560 from VIP to normal successfully, hidl is 28875.
06-22 11:23:40.703   960  1418 I android.hardware.audio.service-aidl.mediatek: misound4_fx_lib dsp lib version: 4.0.30
06-22 11:23:40.703   960  1418 I android.hardware.audio.service-aidl.mediatek: misound4_fx_lib dsp date: 2022.6.20
06-22 11:23:40.703   960  1418 I android.hardware.audio.service-aidl.mediatek: misound4_spk_init done.
06-22 11:23:40.703   960  1418 I android.hardware.audio.service-aidl.mediatek: misoundfx create handler end. misound_arsi_create_handler 317
06-22 11:23:40.703  1009  1078 I libPowerHal: [perfLockRel] hdl:28875, idx:2
06-22 11:23:40.703   960  1418 D aurisys_lib_handler: aurisys_arsi_create_handler(), lib_name misound, 0xb400007907d4e170, process_type 1, arsi_handler 0xb4000077c7e363c0, retval 0x0 
06-22 11:23:40.703   960  1418 D aurisys_lib_handler: aurisys_arsi_create_handler(), arsi_query_process_unit_bytes, ul 0, dl 3840, retval 0
06-22 11:23:40.704   960  1418 D aurisys_lib_handler: aurisys_arsi_create_handler(), lib_name misoundcrossfade, [queried_size] dram:432 [avail_size] dram:4294967295
06-22 11:23:40.704   960  1418 I android.hardware.audio.service-aidl.mediatek: mi_lrswitch_create_handler entry.
06-22 11:23:40.704   960  1418 I android.hardware.audio.service-aidl.mediatek: mi_lrswitch_create_handler stream_type : 0
06-22 11:23:40.704   960  1418 I android.hardware.audio.service-aidl.mediatek: mi_lrswitch_create_handler mi_lrswitch_create_handler 192, device type: 2
06-22 11:23:40.704   960  1418 I android.hardware.audio.service-aidl.mediatek: mi_lrswitch_create_handler entry: speaker
06-22 11:23:40.704   960  1418 I android.hardware.audio.service-aidl.mediatek: mi_lrswitch init done.
06-22 11:23:40.704   960  1418 I android.hardware.audio.service-aidl.mediatek: mi_lrswitch create handler end. mi_lrswitch_create_handler 268
06-22 11:23:40.704   960  1418 D aurisys_lib_handler: aurisys_arsi_create_handler(), lib_name misoundcrossfade, 0xb400007907d50840, process_type 1, arsi_handler 0xb400007887d5f810, retval 0x0 
06-22 11:23:40.704   960  1418 D aurisys_lib_handler: aurisys_arsi_create_handler(), arsi_query_process_unit_bytes, ul 0, dl 3840, retval 0
06-22 11:23:40.704   960  1418 D aurisys_lib_manager: DL Lib, lib_name misound, 0xb400007907d4e170, sample_rate: 48000 => 48000, num_channels: 2 => 2, audio_format: 0x3 => 0x3, interleave: 1 => 0, frame: 0 => 10
06-22 11:23:40.704   960  1418 D aurisys_lib_manager: DL Lib, lib_name misoundcrossfade, 0xb400007907d50840, sample_rate: 48000 => 48000, num_channels: 2 => 2, audio_format: 0x3 => 0x3, interleave: 0 => 0, frame: 10 => 10
06-22 11:23:40.704   960  1418 D aurisys_lib_manager: DL out, sample_rate: 48000 => 48000, num_channels: 2 => 2, audio_format: 0x3 => 0x3, interleave: 0 => 1, frame: 10 => 0
06-22 11:23:40.704   960  1418 D audio_sw_mixer: sw_mixer_source_attach(), MIXER_PLAYBACK  , name T_PRIMARY    order 4 sz 8192 fmt 3 ch 2 rate 48000 latency_us 21333
06-22 11:23:40.704   960  1418 D audio_sw_mixer: sw_mixer_manager_create_path(), MIXER_PLAYBACK  , path T_PRIMARY=>T_PRIMARY, source: order 4 sz 8192 fmt 3 ch 2 rate 48000 latency_us 21333, target: order 4 sz 2048 fmt 3 ch 2 rate 48000 latency_us 5333
06-22 11:23:40.704  1009  1078 I libPowerHal: [PD] audioserver update ONESHOT(unset) cmd:1450000 param:3560 pr:3
06-22 11:23:40.704   960  1418 D audio_sw_mixer: dump_path_list(), MIXER_PLAYBACK  , T_FAST=>T_PRIMARY   [2048, 1, y] T_PRIMARY=>T_PRIMARY[8192, 4, y] 
06-22 11:23:40.704   960  1418 D AudioALSAPlaybackHandlerMixer: open(-), target flag 4, mDevice 0x2, buffer_size 2048, frame_count 256, sample_rate 48000
06-22 11:23:40.704  1009  1078 I libPowerHal: [perfLockRel] Done for hdl : 28875
06-22 11:23:40.704   960  1418 D AudioALSAHardware: [DEBUG] setDeviceStatusChanged: devices=[0x2], isOpen=[1], isFast=[0]
06-22 11:23:40.704   960  1418 D AudioALSAHardware: [DEBUG] setCachedParam2soundfx: targetScenario PLAYBACK_NORMAL
06-22 11:23:40.704   960  1418 I android.hardware.audio.service-aidl.mediatek: misound_arsi_set_key_value_pair(), key value pair = MisoundEnable=0
06-22 11:23:40.704   960  1418 I android.hardware.audio.service-aidl.mediatek: misound_arsi_set_key_value_pair(), key: MisoundEnable
06-22 11:23:40.704   960  1418 I android.hardware.audio.service-aidl.mediatek: misound_arsi_set_key_value_pair(), value: 0
06-22 11:23:40.704   960  1418 I android.hardware.audio.service-aidl.mediatek: misound FxEnable setparam: 0
06-22 11:23:40.704   960  1418 D aurisys_lib_handler: lib_name misound, 0xb400007907d4e170, ADB_CMD_KEY_VALUE: set 512, 15, MisoundEnable=0, retval 0
06-22 11:23:40.704   960  1418 D AudioALSAHardware: [DEBUG] setCachedParam2soundfx: mMisoundEnable is 0
06-22 11:23:40.704   960  1418 D AudioALSAStreamManager: setLRCrossFade uses previous rotation: 0
06-22 11:23:40.704   960  1418 D AudioALSAStreamManager: setLRCrossFade update speaker mRotation: 0
06-22 11:23:40.704   960  1418 I android.hardware.audio.service-aidl.mediatek: mi_lrswitch_set_key_value_pair(), key value pair = misoundCrossFadeMode=0
06-22 11:23:40.704   960  1418 I android.hardware.audio.service-aidl.mediatek: mi_lrswitch_set_key_value_pair(), key: misoundCrossFadeMode
06-22 11:23:40.704   960  1418 I android.hardware.audio.service-aidl.mediatek: mi_lrswitch_set_key_value_pair(), value: 0
06-22 11:23:40.704   960  1418 D aurisys_lib_handler: lib_name misoundcrossfade, 0xb400007907d50840, ADB_CMD_KEY_VALUE: set 512, 22, misoundCrossFadeMode=0, retval 0
06-22 11:23:40.704   960  1418 I android.hardware.audio.service-aidl.mediatek: mi_lrswitch_set_key_value_pair(), key value pair = misoundCrossFadeMode=0
06-22 11:23:40.704   960  1418 I android.hardware.audio.service-aidl.mediatek: mi_lrswitch_set_key_value_pair(), key: misoundCrossFadeMode
06-22 11:23:40.704   960  1418 I android.hardware.audio.service-aidl.mediatek: mi_lrswitch_set_key_value_pair(), value: 0
06-22 11:23:40.704   960  1418 D aurisys_lib_handler: lib_name misoundcrossfade, 0xb400007907d503f0, ADB_CMD_KEY_VALUE: set 512, 22, misoundCrossFadeMode=0, retval 0
06-22 11:23:40.704   960  1418 D AudioALSAStreamOut: -open(), flags 10
06-22 11:23:40.704   960  1418 D AudioALSAPlaybackHandlerMixer: setScreenState(), buffer_size 8192 => 2048
06-22 11:23:40.705 30727  2209 D AAudioStream: setState(s#5) from 11 to 12
06-22 11:23:40.706  2402  2402 I DeviceUtils: getComputilityLevel(): 2
06-22 11:23:40.706  2402  2402 I DeviceUtils: getComputilityLevel(): 2
06-22 11:23:40.706  2402  2402 I DeviceUtils: getComputilityLevel(): 2
06-22 11:23:40.707  1025  1419 E AudioFlinger_Threads: threadLoop: blocked before threadloop_write() for 55370 msecs, thread 13
06-22 11:23:40.707  1025  1419 I PerfSense: [AudioOut_D] New audio session detected (interval: 55376.87 ms). Resetting performance baseline.
06-22 11:23:40.707  1025  1419 E StreamHalAidl: Function: getPresentationPosition Line: 1164 Failed 
06-22 11:23:40.708 30727  2209 D AAudioStream: ~AudioStream(s#5) mPlayerBase strongCount = 2
06-22 11:23:40.708 30727  2209 D AAudio  : AAudioStream_close(s#5) returned 0 ---------
06-22 11:23:40.709  1025  3693 V audio_utils::mutex: mutex_impl: audio_mutex initialized: ret:0  order:6
06-22 11:23:40.710 30727  2209 I AAudio  : AAudioStreamBuilder_openStream() called ----------------------------------------
06-22 11:23:40.710 30727  2209 I AudioStreamBuilder: rate   =  22050, channels  = 1, channelMask = 0x1, format   = 5, sharing = SH, dir = OUTPUT
06-22 11:23:40.710 30727  2209 I AudioStreamBuilder: device = AUDIO_PORT_HANDLE_NONE, sessionId = -1, perfMode = 11, callback: ON with frames = 512, error callback: ON
06-22 11:23:40.710 30727  2209 I AudioStreamBuilder: usage  =      1, contentType = 0, inputPreset = 0, allowedCapturePolicy = 0
06-22 11:23:40.710 30727  2209 I AudioStreamBuilder: privacy sensitive = false, opPackageName = (null), attributionTag = (null)
06-22 11:23:40.710 30727  2209 D AudioStreamBuilder: build() uid=10307 clientName=com.dibay.app
06-22 11:23:40.710 30727  2209 D AudioStreamBuilder: build, global mmap policy is 0
06-22 11:23:40.710  1025  3693 V audio_utils::mutex: mutex_impl: audio_mutex initialized: ret:0  order:6
06-22 11:23:40.711 30727  2209 D AudioStreamBuilder: build, system mmap policy is 1
06-22 11:23:40.711 30727  2209 D AudioStreamBuilder: UseAAudioApp mClientName :com.dibay.app()
06-22 11:23:40.711 30727  2209 D AudioStreamBuilder: build, final mmap policy is 1
06-22 11:23:40.711 30727  2209 D AudioStreamBuilder: build, system mmap exclusive policy is 1
06-22 11:23:40.711 30727  2209 D AudioStreamBuilder: build, final mmap exclusive policy is 1
06-22 11:23:40.711 30727  2209 D AudioStreamBuilder: build() MMAP not used because AAUDIO_PERFORMANCE_MODE_LOW_LATENCY not requested.
06-22 11:23:40.711 30727  2209 D com.dibay.app: PlayerBase::PlayerBase()
06-22 11:23:40.712 30727  2209 D AudioStreamTrack: open(), request notificationFrames = 0, frameCount = 0
06-22 11:23:40.712 30727  2209 E AudioTrack: Failed to load XML file: /odm/etc/audio/audio_lowpower_app_list.xml
06-22 11:23:40.712 30727  2209 D AudioTrack: INSP: type=audio,case=1,set=0xb4000079014c18b0,stream_type=-1,sample_rate=22050,format=0x5,channel_mask=0x1,frame_count=0,flags=0x8,notification_frames=0,session_id=0,transfer_type=1,uid=-1,pid=-1
06-22 11:23:40.712 30727  2209 D AudioTrack: INSP: type=audio,case=1,attributes=1,content_type=2,usage=1,source=0,flags=0x200
06-22 11:23:40.712  1025  1172 V audio_utils::mutex: mutex_impl: audio_mutex initialized: ret:0  order:6
06-22 11:23:40.713 30727  2209 I AudioTrackImpl: initAudioTrackImpl()
06-22 11:23:40.713 30727  2209 D AudioTrackImpl: binder call: getPackageName com.dibay.app for uid 10307
06-22 11:23:40.713 30727  2209 D AudioTrack: set(): (sessionId=0), mcallback is 1, streamType -1, sampleRate 22050, format 0x5, channelMask 0x1, frameCount 0, flags 0x8, notificationFrames 0,transferType 1, mClientAttributionSource AttributionSourceState{pid: -1, uid: -1, deviceId: 0, packageName: com.dibay.app, attributionTag: (null), token: (null), renouncedPermissions: (null), next: []}
06-22 11:23:40.713 30727  2209 D AudioTrack: set(): Building AudioTrack with attributes: usage = 1, content = 2, flags = 0x200, tags = []
06-22 11:23:40.714 30727  2209 D AudioTrack: set(): 0xb4000079014c18b0, Create AudioTrackThread, tid = 3566
06-22 11:23:40.714  1040  1040 D Audio_ParameterParser: parseVendorParameterIds: scope: MODULE, keys: audio_game_sound_volume_gap_switch
06-22 11:23:40.714   960  1019 D AudioALSAHardware: -getParameters(), return ""
06-22 11:23:40.714  1025  1172 E ConversionHelperAidl: Function: parseAndGetVendorParameters Line: 51 Failed 
06-22 11:23:40.714  1040  1040 D Audio_ParameterParser: parseVendorParameterIds: scope: MODULE, keys: audio_game_sound_volume_gap_switch
06-22 11:23:40.715  1025  1172 E ConversionHelperAidl: Function: parseAndGetVendorParameters Line: 51 Failed 
06-22 11:23:40.715  1040  1040 D Audio_ParameterParser: parseVendorParameterIds: scope: MODULE, keys: audio_game_sound_volume_gap_switch
06-22 11:23:40.715  1025  3693 V audio_utils::mutex: mutex_impl: audio_mutex initialized: ret:0  order:6
06-22 11:23:40.715  1025  1172 E ConversionHelperAidl: Function: parseAndGetVendorParameters Line: 51 Failed 
06-22 11:23:40.716  1025  1419 E StreamHalAidl: Function: getPresentationPosition Line: 1164 Failed 
06-22 11:23:40.716  1025  1172 D AudioFlingerImpl: AudioFlingerImpl::applyCreateTrackInputRules: extracted packageName=com.dibay.app from uid=10307
06-22 11:23:40.716  1025  1172 V AudioPolicyInterfaceImpl: getOutputForAttr()
06-22 11:23:40.716  1025  3693 V audio_utils::mutex: mutex_impl: audio_mutex initialized: ret:0  order:6
06-22 11:23:40.717  1025  1172 D NativePermissionController: checkPermission: missing 1 for 10307
06-22 11:23:40.717  1025  1172 D NativePermissionController: checkPermission: missing 3 for 10307
06-22 11:23:40.717  1025  1172 D NativePermissionController: checkPermission: missing 5 for 10307
06-22 11:23:40.718  1025  1172 W libc    : Access denied finding property "service.bootanim.exit"
06-22 11:23:40.718  1025  1172 D APM_AudioPolicyManager: getOutputForAttrInt()+ attributes={ Content type: AUDIO_CONTENT_TYPE_MUSIC Usage: AUDIO_USAGE_MEDIA Source: AUDIO_SOURCE_DEFAULT Flags: 0x600 Tags:  } stream=AUDIO_STREAM_MUSIC session 50441 output 0 selectedDeviceId 0 device AUDIO_DEVICE_NONE sampling rate 22050 format 0x5channel mask 0x1 flags 0x8 stream AUDIO_STREAM_MUSIC uid 10307
06-22 11:23:40.718  1025  1172 D APM_AudioPolicyManager: getOutputForAttrInt() device {AUDIO_DEVICE_OUT_SPEAKER, @:}, sampling rate 22050, format 0x5, channel mask 0x1, flags 0x8 stream AUDIO_STREAM_MUSIC
06-22 11:23:40.718  1025  1172 D AudioPolicyManagerImpl: set isSpatializerFlagCE to 0.
06-22 11:23:40.718  1025  1172 D AudioPolicyManagerImpl: set isSpatializerFlagCE to 0.
06-22 11:23:40.718  1025  1172 D AudioPolicyManagerImpl: set isSpatializerFlagCE to 0.
06-22 11:23:40.718  1025  1172 D AudioPolicyManagerImpl: set isSpatializerFlagCE to 0.
06-22 11:23:40.718  1025  1172 D APM_AudioPolicyManager: getOutputForDevices(), spatializer_flag_ce is 0, spatializer_ce_lastflag is 0
06-22 11:23:40.719  1025  1172 W AudioPolicyManagerImpl: Failed to load AudioCloudCtrl list, using the default list!
06-22 11:23:40.719   960  6472 D DlbDapCrossfadeProcess: process transitioning from PREROLL_ACTIVE state to FADE_TO_ACTIVE
06-22 11:23:40.719  1025  1172 D APM_AudioPolicyManager: getOutputForAttrInt()- attributes={ Content type: AUDIO_CONTENT_TYPE_MUSIC Usage: AUDIO_USAGE_MEDIA Source: AUDIO_SOURCE_DEFAULT Flags: 0x600 Tags:  } stream=AUDIO_STREAM_MUSIC session 50441 output 13 selectedDeviceId 0 device {AUDIO_DEVICE_OUT_SPEAKER, @:} sampling rate 22050 format 0x5channel mask 0x1 flags 0x8 stream AUDIO_STREAM_MUSIC uid 10307
06-22 11:23:40.719  1025  1172 D ClientInfoStub: ClientInfoStub()
06-22 11:23:40.720  1025  1172 W AudioPolicyManagerImpl: Failed to load AudioCloudCtrl list, using the default list!
06-22 11:23:40.720  1025  1172 D APM_AudioPolicyManager: getOutputForAttr() returns output 13 requestedPortIds AUDIO_PORT_HANDLE_NONE selectedDeviceIds 3 for port ID 5504
06-22 11:23:40.720  1025  1172 D AudioFlinger_Threads: Client defaulted notificationFrames to 1264 for frameCount 3792
06-22 11:23:40.720  1025  1172 I AF::PthrPatchRecord: creating track with enforcement level 0
06-22 11:23:40.720  1025  3693 V audio_utils::mutex: mutex_impl: audio_mutex initialized: ret:0  order:6
06-22 11:23:40.721  2402  2402 I DeviceUtils: getComputilityLevel(): 2
06-22 11:23:40.722  2402  2402 I DeviceUtils: getComputilityLevel(): 2
06-22 11:23:40.722  2402  2402 I DeviceUtils: getComputilityLevel(): 2
06-22 11:23:40.723  1025  1172 D AF::Track: isFadeApp curPkgName com.dibay.app  uid 10307 isSupportCloudCtrl 0
06-22 11:23:40.723  1025  1172 D AF::Track: Track, track(0xb4000079c858d9f0): mFastIndex -1, mStreamType 3, mId 4613, mFrameCount 3792, mSampleRate 22050, mFormat 5, mChannelCount 1, mTrackCount 4558, thread 0xb400007a83f47fe8, sessionId 50441, AudioOut_D, primary-a
06-22 11:23:40.723  1025  1172 I mtkpower_client: perf_lock_acq, hdl:0, dur:0, num:2, pid:1025, tid:1172
06-22 11:23:40.723  1673  1698 D MiSound.MQSUtils: setStreamMusicOrVoiceCallIndex : stream=0 index=11 device=1
06-22 11:23:40.724  1673  1698 D AudioSystem: +setParameters(): audio_volume_stream_voice_call_device_earpiece=11 
06-22 11:23:40.724  1025  3693 V audio_utils::mutex: mutex_impl: audio_mutex initialized: ret:0  order:6
06-22 11:23:40.724  1025  1172 I mtkpower_client: ret_hdl:28876
06-22 11:23:40.724  1025  1172 D AudioFlinger: setThreadAsVip, set thread:3566 from normal to VIP successfully, hidl is 28876.
06-22 11:23:40.724  1025  1419 E StreamHalAidl: Function: getPresentationPosition Line: 1164 Failed 
06-22 11:23:40.725  1009  1078 I libPowerHal: [perfLockAcq] idx:2 hdl:28876 hint:-1 pid:1025 tid:1172 duration:0 lock_user:audioserver => ret_hdl:28876
06-22 11:23:40.725  1009  1078 I libPowerHal: [PE] audioserver update ONESHOT(set) cmd:1450000 param:3566 pr:3
06-22 11:23:40.725  1009  1078 I libPowerHal: [perfLockAcq] Done for hdl : 28876
06-22 11:23:40.726  1025  2641 D AudioFlingerImpl: setGameParameters keyvalue: audio_volume_stream_voice_call_device_earpiece=11
06-22 11:23:40.726  1025  2641 D AudioFlinger: +mAudioHwDevs(primary)->setParameters(): audio_volume_stream_voice_call_device_earpiece=11
06-22 11:23:40.726  1025  2641 D DeviceHalAidl: [default] setParameters: parameters: "audio_volume_stream_voice_call_device_earpiece=11"
06-22 11:23:40.726  1040  1040 D Audio_ParameterParser: parseVendorParameters: scope: MODULE, keys/values: audio_volume_stream_voice_call_device_earpiece=11
06-22 11:23:40.726  1025  3693 V audio_utils::mutex: mutex_impl: audio_mutex initialized: ret:0  order:6
06-22 11:23:40.727   960  1019 D AudioALSAHardware: +setParameters(): audio_volume_stream_voice_call_device_earpiece=11
06-22 11:23:40.727  2388  2388 I WtSarControl: onReceive action = android.media.STREAM_DEVICES_CHANGED_ACTION
06-22 11:23:40.727  2388  2388 D WtSarControl: yuanwu1.wt,rfCheckPoint,Start!
06-22 11:23:40.727   960  1019 D AudioALSAHardware: -setParameters(): audio_volume_stream_voice_call_device_earpiece=11
06-22 11:23:40.727   960  1019 E AHAL_Module: setVendorParameters: default: unrecognized parameter "audio_volume_stream_voice_call_device_earpiece=11"
06-22 11:23:40.727  1025  2641 E ConversionHelperAidl: Function: parseAndSetVendorParameters Line: 94 Failed 
06-22 11:23:40.728  1025  2641 D AudioFlinger: -mAudioHwDevs(primary)->setParameters(): audio_volume_stream_voice_call_device_earpiece=11
06-22 11:23:40.728  1025  2641 D AudioFlinger: +mAudioHwDevs(r_submix)->setParameters(): audio_volume_stream_voice_call_device_earpiece=11
06-22 11:23:40.728  1025  2641 D DeviceHalAidl: [r_submix] setParameters: parameters: "audio_volume_stream_voice_call_device_earpiece=11"
06-22 11:23:40.728  2388  2388 D WtSarControl: yuanwu1.wt,rfCheckPoint,isRfCheckPointInsertWork = 0,mRuleDataCur.is_rfcheckpoint_insert = 0
06-22 11:23:40.728  2388  2388 I WtSarControl: handleHeadsetAction streamType = 3
06-22 11:23:40.728  2388  2388 I WtSarControl: handleHeadsetAction device = 1
06-22 11:23:40.728  2388  2388 I WtSarControl: handleHeadsetAction mRuleDataCur.is_receiver_phoneon = 1
06-22 11:23:40.728  2388  2388 I WtSarControl: STREAM_DEVICES_CHANGED_ACTION : true
06-22 11:23:40.728  2388  2388 I WtSarControl: refresh DSI
06-22 11:23:40.728  2388  2388 I WtSarControl: checkAllSensor,need incall state can register sensor listener,because monitor sensor deplete power
06-22 11:23:40.728  2388  2388 I WtSarControl: registerSarSensorTop: start
06-22 11:23:40.728  2388  2388 E WtSarControl: registerSarSensorTop success
06-22 11:23:40.728  1040  1040 D Audio_ParameterParser: parseVendorParameters: scope: MODULE, keys/values: audio_volume_stream_voice_call_device_earpiece=11
06-22 11:23:40.729  2388  5124 I WtSarControl: handContrlSar: mRuleDataCur: is_voice = 0
06-22 11:23:40.729  2388  5124 I WtSarControl: is_data_connected = -1
06-22 11:23:40.729  2388  5124 I WtSarControl: is_headset_insert = -1
06-22 11:23:40.729  2388  5124 I WtSarControl: is_wifi_connected = -1
06-22 11:23:40.729  2388  5124 I WtSarControl: is_wifi_ap_opened = 0
06-22 11:23:40.729  2388  5124 I WtSarControl: is_near_light = -1
06-22 11:23:40.729  2388  5124 I WtSarControl: is_receiver_phoneon = 1
06-22 11:23:40.729  2388  5124 I WtSarControl: is_sarsensor_top = 1
06-22 11:23:40.729  2388  5124 I WtSarControl: is_sarsensor_bottom = -1
06-22 11:23:40.729  2388  5124 I WtSarControl: is_sarsensor_bottom_distance = -1
06-22 11:23:40.729  2388  5124 I WtSarControl: is_sim_mcc = 515
06-22 11:23:40.729  2388  5124 I WtSarControl: is_sar_cell_reduce = 3
06-22 11:23:40.729  2388  5124 I WtSarControl: is_sar_wifi_reduce = -1
06-22 11:23:40.729  2388  5124 I WtSarControl: is_sar_wifi_24Ghz_reduce = -1
06-22 11:23:40.729  2388  5124 I WtSarControl: is_sar_wifi_5Ghz_reduce = -1
06-22 11:23:40.729  2388  5124 I WtSarControl: is_rfcheckpoint_insert = 0
06-22 11:23:40.729  2388  5124 I WtSarControl: getSarDSIFromRules issameRule: 1
06-22 11:23:40.729  2388  5124 I WtSarControl: handContrlSar find =true
06-22 11:23:40.729  2388  5124 I WtSarControl: handContrlSar true mLastSarCellReduce = 3
06-22 11:23:40.729  2388  5124 I WtSarControl: handContrlSar true mLastSarCellReduce = 3
06-22 11:23:40.729  2388  5124 I WtSarControl: handContrlSar true cellSarCellReduce = 1
06-22 11:23:40.729  2388  5124 I WtSarControl: isCurLegal = true
06-22 11:23:40.729  2388  5124 I WtSarControl: isLastnotRestore = true
06-22 11:23:40.729  2388  5124 I WtSarControl: update sar= 1 mLastSarCellReduce= 3
06-22 11:23:40.729  1025  2641 D AudioFlinger: -mAudioHwDevs(r_submix)->setParameters(): audio_volume_stream_voice_call_device_earpiece=11
06-22 11:23:40.729  1025  2641 D AudioFlinger: +mAudioHwDevs(bluetooth)->setParameters(): audio_volume_stream_voice_call_device_earpiece=11
06-22 11:23:40.729  1025  2641 D DeviceHalAidl: [bluetooth] setParameters: parameters: "audio_volume_stream_voice_call_device_earpiece=11"
06-22 11:23:40.729  1025  3693 V audio_utils::mutex: mutex_impl: audio_mutex initialized: ret:0  order:6
06-22 11:23:40.729  1040  1040 D Audio_ParameterParser: parseVendorParameters: scope: MODULE, keys/values: audio_volume_stream_voice_call_device_earpiece=11
06-22 11:23:40.729   960  1019 D AHAL_ModuleBluetooth: setVendorParameters: parameter count 1, async: 0
06-22 11:23:40.730   960  1019 D AHAL_ModuleBluetooth: setVendorParameters: audio_volume_stream_voice_call_device_earpiece=11
06-22 11:23:40.730  1025  2641 D AudioFlinger: -mAudioHwDevs(bluetooth)->setParameters(): audio_volume_stream_voice_call_device_earpiece=11
06-22 11:23:40.730  1673  1698 D MiSound.MQSUtils: setStreamMusicOrVoiceCallIndex : stream=3 index=11 device=1
06-22 11:23:40.730  1673  1698 D AudioSystem: +setParameters(): audio_volume_stream_music_device_earpiece=1 
06-22 11:23:40.730 30727  2209 D AudioTrack: createTrack_l(5504): 0xb4000079014c18b0, mCblk = 0x7a69e44000, mLatency = 256, mAfLatency = 85, frameCount = 3792, mSampleRate = 22050, mFlags = 0x8, mReqFrameCount = 3792, mNotificationFramesAct = 1264
06-22 11:23:40.731  1025  3693 D AudioPolicyManagerCustomImpl: fm_applyGainFromCheckAndSetVolume size 0/4
06-22 11:23:40.731  1025  3693 D AudioPolicyManagerCustomImpl: fm_applyGainFromCheckAndSetVolume size 1/4
06-22 11:23:40.731  1025  3693 D AudioPolicyManagerCustomImpl: fm_applyGainFromCheckAndSetVolume size 2/4
06-22 11:23:40.731  1025  3693 D AudioPolicyManagerCustomImpl: fm_applyGainFromCheckAndSetVolume size 3/4
06-22 11:23:40.731  1025 21637 D AudioFlingerImpl: setGameParameters keyvalue: audio_volume_stream_music_device_earpiece=1
06-22 11:23:40.731  1025 21637 D AudioFlinger: +mAudioHwDevs(primary)->setParameters(): audio_volume_stream_music_device_earpiece=1
06-22 11:23:40.731  1025  3693 V audio_utils::mutex: mutex_impl: audio_mutex initialized: ret:0  order:6
06-22 11:23:40.731  1025 21637 D DeviceHalAidl: [default] setParameters: parameters: "audio_volume_stream_music_device_earpiece=1"
06-22 11:23:40.731  1040  1040 D Audio_ParameterParser: parseVendorParameters: scope: MODULE, keys/values: audio_volume_stream_music_device_earpiece=1
06-22 11:23:40.732   960  1019 D AudioALSAHardware: +setParameters(): audio_volume_stream_music_device_earpiece=1
06-22 11:23:40.732   960  1019 D AudioALSAHardware: -setParameters(): audio_volume_stream_music_device_earpiece=1
06-22 11:23:40.732   960  1019 E AHAL_Module: setVendorParameters: default: unrecognized parameter "audio_volume_stream_music_device_earpiece=1"
06-22 11:23:40.732 30727  2209 V xlog_client:  xlog_send  msg_id: 29
06-22 11:23:40.732 30727  2209 V xlog_client:  xlog_send 
06-22 11:23:40.732 30727  2209 D xlog_client: xlog_open: Error in open xlog
06-22 11:23:40.732 30727  2209 D xlog_client: xlog open fail
06-22 11:23:40.732 30727  2209 D xlog_client: xlog_format_msg: send msg 29
06-22 11:23:40.732  1025 21637 E ConversionHelperAidl: Function: parseAndSetVendorParameters Line: 94 Failed 
06-22 11:23:40.732 30727  2209 W xlog_client: fail to load xml: /vendor/etc/audio_global_xlog_package_name.xml
06-22 11:23:40.732 30727  2209 D com.dibay.app: get_app_name app_name_map.size() = 0
06-22 11:23:40.732  1025 21637 D AudioFlinger: -mAudioHwDevs(primary)->setParameters(): audio_volume_stream_music_device_earpiece=1
06-22 11:23:40.732  1025 21637 D AudioFlinger: +mAudioHwDevs(r_submix)->setParameters(): audio_volume_stream_music_device_earpiece=1
06-22 11:23:40.732  1025 21637 D DeviceHalAidl: [r_submix] setParameters: parameters: "audio_volume_stream_music_device_earpiece=1"
06-22 11:23:40.732  1025  2641 V audio_utils::mutex: mutex_impl: audio_mutex initialized: ret:0  order:6
06-22 11:23:40.733  1040  1040 D Audio_ParameterParser: parseVendorParameters: scope: MODULE, keys/values: audio_volume_stream_music_device_earpiece=1
06-22 11:23:40.733  1025 21637 D AudioFlinger: -mAudioHwDevs(r_submix)->setParameters(): audio_volume_stream_music_device_earpiece=1
06-22 11:23:40.733  1025 21637 D AudioFlinger: +mAudioHwDevs(bluetooth)->setParameters(): audio_volume_stream_music_device_earpiece=1
06-22 11:23:40.733  1025 21637 D DeviceHalAidl: [bluetooth] setParameters: parameters: "audio_volume_stream_music_device_earpiece=1"
06-22 11:23:40.733  1040  1040 D Audio_ParameterParser: parseVendorParameters: scope: MODULE, keys/values: audio_volume_stream_music_device_earpiece=1
06-22 11:23:40.734   960  1019 D AHAL_ModuleBluetooth: setVendorParameters: parameter count 1, async: 0
06-22 11:23:40.734   960  1019 D AHAL_ModuleBluetooth: setVendorParameters: audio_volume_stream_music_device_earpiece=1
06-22 11:23:40.734  1025 21637 D AudioFlinger: -mAudioHwDevs(bluetooth)->setParameters(): audio_volume_stream_music_device_earpiece=1
06-22 11:23:40.734  1025  2641 V audio_utils::mutex: mutex_impl: audio_mutex initialized: ret:0  order:6
06-22 11:23:40.734  1673  1698 D MiSound.MQSUtils: setStreamMusicOrVoiceCallIndex : stream=3 index=14 device=2
06-22 11:23:40.734 30727  2209 D com.dibay.app: EventReporter , EventReporter init failed
06-22 11:23:40.734 30727  2209 E xlog_client: _xlog_write_flat_msg:fail to  send msg {"name":"audio_track_message","audio_event":{"app_name":"audio_app_other", "scenario":"playback","data_format":"AUDIO_FORMAT_PCM_FLOAT", "frame_count":"3792", "sample_rate":"22050", "channel_Mask1":"1", "notif_frame_act":"1264", "transfer_type":"1", "afframe_count":"1024", "afsample_rate":"48000", "aflatency":"85", "fcnt_times":"0"},"dgt":"null","audio_ext":"null" }
06-22 11:23:40.734  1673  1698 D AudioSystem: +setParameters(): audio_volume_stream_music_device_speaker=1 
06-22 11:23:40.734 30727  2209 V xlog_client: xlog_close -1
06-22 11:23:40.735  1025  3693 D AudioFlingerImpl: setGameParameters keyvalue: audio_volume_stream_music_device_speaker=1
06-22 11:23:40.735  1025  3693 D AudioFlinger: +mAudioHwDevs(primary)->setParameters(): audio_volume_stream_music_device_speaker=1
06-22 11:23:40.735  1025  3693 D DeviceHalAidl: [default] setParameters: parameters: "audio_volume_stream_music_device_speaker=1"
06-22 11:23:40.735 30727  2209 I AudioTrackImpl: before scaleVolumeForVideo L:1.000000 R:1.000000 and the pakage is com.dibay.app
06-22 11:23:40.735 30727  2209 D AudioTrack: AudioTrack::setVolume L:1.000000 R:1.000000 sessionid=50441
06-22 11:23:40.735  1040  1040 D Audio_ParameterParser: parseVendorParameters: scope: MODULE, keys/values: audio_volume_stream_music_device_speaker=1
06-22 11:23:40.735  1025  1419 E StreamHalAidl: Function: getPresentationPosition Line: 1164 Failed 
06-22 11:23:40.735  1025  2641 V audio_utils::mutex: mutex_impl: audio_mutex initialized: ret:0  order:6
06-22 11:23:40.736   960  1019 D AudioALSAHardware: +setParameters(): audio_volume_stream_music_device_speaker=1
06-22 11:23:40.736   960  1019 D AudioALSAHardware: -setParameters(): audio_volume_stream_music_device_speaker=1
06-22 11:23:40.736   960  1019 E AHAL_Module: setVendorParameters: default: unrecognized parameter "audio_volume_stream_music_device_speaker=1"
06-22 11:23:40.736  1025  3693 E ConversionHelperAidl: Function: parseAndSetVendorParameters Line: 94 Failed 
06-22 11:23:40.736  1025  3693 D AudioFlinger: -mAudioHwDevs(primary)->setParameters(): audio_volume_stream_music_device_speaker=1
06-22 11:23:40.736  1025  3693 D AudioFlinger: +mAudioHwDevs(r_submix)->setParameters(): audio_volume_stream_music_device_speaker=1
06-22 11:23:40.736  1025  3693 D DeviceHalAidl: [r_submix] setParameters: parameters: "audio_volume_stream_music_device_speaker=1"
06-22 11:23:40.737  1040  1040 D Audio_ParameterParser: parseVendorParameters: scope: MODULE, keys/values: audio_volume_stream_music_device_speaker=1
06-22 11:23:40.737  1025  3693 D AudioFlinger: -mAudioHwDevs(r_submix)->setParameters(): audio_volume_stream_music_device_speaker=1
06-22 11:23:40.737  1025  3693 D AudioFlinger: +mAudioHwDevs(bluetooth)->setParameters(): audio_volume_stream_music_device_speaker=1
06-22 11:23:40.737  1025  3693 D DeviceHalAidl: [bluetooth] setParameters: parameters: "audio_volume_stream_music_device_speaker=1"
06-22 11:23:40.737  1040  1040 D Audio_ParameterParser: parseVendorParameters: scope: MODULE, keys/values: audio_volume_stream_music_device_speaker=1
06-22 11:23:40.737  1025  2641 V audio_utils::mutex: mutex_impl: audio_mutex initialized: ret:0  order:6
06-22 11:23:40.738   960  1019 D AHAL_ModuleBluetooth: setVendorParameters: parameter count 1, async: 0
06-22 11:23:40.738   960  1019 D AHAL_ModuleBluetooth: setVendorParameters: audio_volume_stream_music_device_speaker=1
06-22 11:23:40.738  1025  3693 D AudioFlinger: -mAudioHwDevs(bluetooth)->setParameters(): audio_volume_stream_music_device_speaker=1
06-22 11:23:40.738  1025 21637 V audio_utils::mutex: mutex_impl: audio_mutex initialized: ret:0  order:21
06-22 11:23:40.738  1025 21637 V audio_utils::mutex: mutex_impl: audio_mutex initialized: ret:0  order:21
06-22 11:23:40.738  1025 21637 V audio_utils::mutex: mutex_impl: audio_mutex initialized: ret:0  order:21
06-22 11:23:40.738  1025 21637 V audio_utils::mutex: mutex_impl: audio_mutex initialized: ret:0  order:21
06-22 11:23:40.738  1673  1698 D MiSound.MQSUtils: setStreamMusicOrVoiceCallIndex : stream=3 index=5 device=40000000
06-22 11:23:40.738  1673  1698 D AudioSystem: +setParameters(): audio_volume_stream_music_device_0x40000000=0 
06-22 11:23:40.739 30727  2209 D AAudioStream: setState(s#7) from 0 to 2
06-22 11:23:40.739  1025  2641 D AudioFlingerImpl: setGameParameters keyvalue: audio_volume_stream_music_device_0x40000000=0
06-22 11:23:40.739  1025  2641 D AudioFlinger: +mAudioHwDevs(primary)->setParameters(): audio_volume_stream_music_device_0x40000000=0
06-22 11:23:40.739  1025  2641 D DeviceHalAidl: [default] setParameters: parameters: "audio_volume_stream_music_device_0x40000000=0"
06-22 11:23:40.739  1040  1040 D Audio_ParameterParser: parseVendorParameters: scope: MODULE, keys/values: audio_volume_stream_music_device_0x40000000=0
06-22 11:23:40.740   960  1019 D AudioALSAHardware: +setParameters(): audio_volume_stream_music_device_0x40000000=0
06-22 11:23:40.740   960  1019 D AudioALSAHardware: -setParameters(): audio_volume_stream_music_device_0x40000000=0
06-22 11:23:40.740   960  1019 E AHAL_Module: setVendorParameters: default: unrecognized parameter "audio_volume_stream_music_device_0x40000000=0"
06-22 11:23:40.740  1025 21637 V audio_utils::mutex: mutex_impl: audio_mutex initialized: ret:0  order:6
06-22 11:23:40.740  1025  2641 E ConversionHelperAidl: Function: parseAndSetVendorParameters Line: 94 Failed 
06-22 11:23:40.740  1025  2641 D AudioFlinger: -mAudioHwDevs(primary)->setParameters(): audio_volume_stream_music_device_0x40000000=0
06-22 11:23:40.740  1025  2641 D AudioFlinger: +mAudioHwDevs(r_submix)->setParameters(): audio_volume_stream_music_device_0x40000000=0
06-22 11:23:40.740  1025  2641 D DeviceHalAidl: [r_submix] setParameters: parameters: "audio_volume_stream_music_device_0x40000000=0"
06-22 11:23:40.741  1040  1040 D Audio_ParameterParser: parseVendorParameters: scope: MODULE, keys/values: audio_volume_stream_music_device_0x40000000=0
06-22 11:23:40.741 30727  2209 I AAudio  : AAudioStreamBuilder_openStream() returns 0 = AAUDIO_OK for s#7 ----------------
06-22 11:23:40.741  1025  2641 D AudioFlinger: -mAudioHwDevs(r_submix)->setParameters(): audio_volume_stream_music_device_0x40000000=0
06-22 11:23:40.741  1025  2641 D AudioFlinger: +mAudioHwDevs(bluetooth)->setParameters(): audio_volume_stream_music_device_0x40000000=0
06-22 11:23:40.741  1025  2641 D DeviceHalAidl: [bluetooth] setParameters: parameters: "audio_volume_stream_music_device_0x40000000=0"
06-22 11:23:40.741  1040  1040 D Audio_ParameterParser: parseVendorParameters: scope: MODULE, keys/values: audio_volume_stream_music_device_0x40000000=0
06-22 11:23:40.742   960  1018 D AHAL_ModuleBluetooth: setVendorParameters: parameter count 1, async: 0
06-22 11:23:40.742   960  1018 D AHAL_ModuleBluetooth: setVendorParameters: audio_volume_stream_music_device_0x40000000=0
06-22 11:23:40.742  1025  2641 D AudioFlinger: -mAudioHwDevs(bluetooth)->setParameters(): audio_volume_stream_music_device_0x40000000=0
06-22 11:23:40.743  1025 21637 V audio_utils::mutex: mutex_impl: audio_mutex initialized: ret:0  order:6
06-22 11:23:40.743 30727  2209 D AAudio  : AAudioStream_requestStart(s#7) called --------------
06-22 11:23:40.743 30727  2209 D AAudioStream: setState(s#7) from 2 to 3
06-22 11:23:40.743 30727  2209 I AudioTrack: start(5504): prior state:STATE_STOPPED packageName: com.dibay.app
06-22 11:23:40.744  1673  2818 W ActivityManagerServiceImpl: Sending non-protected broadcast android.intent.action.SAR_CURDSI_UPDATE from system 2388:com.android.phone/1001 pkg com.android.phone. Callers=
06-22 11:23:40.744  1025  2641 V AudioPolicyInterfaceImpl: startOutput()
06-22 11:23:40.744  1025 21637 V audio_utils::mutex: mutex_impl: audio_mutex initialized: ret:0  order:6
06-22 11:23:40.744  2388  5124 I WtSarControl: AdjustTXCommand mPhone: Handler (com.mediatek.internal.telephony.MtkGsmCdmaPhone) {22e9db3}
06-22 11:23:40.744  2388  5124 I WtSarControl: AT_ERFIDX_set: AT+ERFIDX=1,1
06-22 11:23:40.744  1025  2641 I AudioEffect: set 0xb4000078d8596c20 uuid: 0x0 timeLow 00000000
06-22 11:23:40.744  1025  2641 I AudioFlinger: createEffect pid 1025, effectClient 0xb4000078b85a88f0, priority 0, sessionId 50441, io 13, factory 0xb4000079b858b430
06-22 11:23:40.745  1025  2641 I AudioFlinger_Threads: createEffect_l() thread 0xb400007a83f03520 effect Music Volume Listener on session 50441
06-22 11:23:40.745  1025  2641 V audio_utils::mutex: mutex_impl: audio_mutex initialized: ret:0  order:15
06-22 11:23:40.745  1025  2641 I EffectChain: EffectChain(): new EffectChain = 0xb40000783859df10
06-22 11:23:40.745  1025  2641 I AudioFlinger_Threads: createEffect_l() got effect 0x0 on chain 0xb40000783859df10
06-22 11:23:40.745  1025  2641 V audio_utils::mutex: mutex_impl: audio_mutex initialized: ret:0  order:16
06-22 11:23:40.745  1025  2641 V audio_utils::mutex: mutex_impl: audio_mutex initialized: ret:0  order:3
06-22 11:23:40.745  1025  2641 V EffectModule: Constructor 0xb40000784858c850 pinned 1
06-22 11:23:40.745   960  1018 D AHAL_EffectFactory: createEffect: UUID 40f66c8b-5aa5-4345-8919-53ec431aaa98
06-22 11:23:40.745   960  1018 D AHAL_DlbVolumeListenerEffectImpl: VolumeListenerEffectImpl, AudioUuid{timeLow: 1089891467, timeMid: 23205, timeHiAndVersion: 17221, clockSeq: 35097, node: [83, 236, 67, 26, 170, 152]}
06-22 11:23:40.745   960  1018 D AHAL_DlbVolumeListenerEffectImpl: createEffect, instance 0xb4000079a7d44b10 is created
06-22 11:23:40.746   960  1018 D AHAL_DlbVolumeListenerEffectImpl: getDescriptor, Descriptor{common: Common{id: Identity{type: AudioUuid{timeLow: -92152866, timeMid: 22667, timeHiAndVersion: 4589, clockSeq: 39786, node: [2, 66, 172, 18, 0, 2]}, uuid: AudioUuid{timeLow: 1089891467, timeMid: 23205, timeHiAndVersion: 17221, clockSeq: 35097, node: [83, 236, 67, 26, 170, 152]}, proxy: (null)}, flags: Flags{type: INSERT, insert: LAST, volume: IND, hwAcceleratorMode: NONE, offloadIndication: true, deviceIndication: true, audioModeIndication: false, audioSourceIndication: false, bypass: true, sinkMetadataIndication: false, sourceMetadataIndication: false}, cpuLoad: 0, memoryUsage: 0, name: Music Volume Listener, implementor: Dolby Laboratories}, capability: Capability{vendorExtension: VendorExtension{extension: AParcelableHolder}, range: Range{vendorExtension: []}}}
06-22 11:23:40.746  1025  2641 I EffectHalAidl: createAidlConversion create UUID AudioUuid{timeLow: -92152866, timeMid: 22667, timeHiAndVersion: 4589, clockSeq: 39786, node: [2, 66, 172, 18, 0, 2]}
06-22 11:23:40.746  1025  2641 V EffectModule: setOffloaded_l offloaded 0 io 13 status 0
06-22 11:23:40.746  1025  2641 I EffectModule: EffectModule Constructor success name Music Volume Listener, Interface 0xb4000077d85b0480
06-22 11:23:40.746  1025  2641 I EffectChain: addEffect_l() effect 0xb40000784858c850, added in chain 0xb40000783859df10 at rank 0
06-22 11:23:40.747  1025  2641 V EffectModule: configure_l 0xb40000784858c850 chain 0xb40000783859df10 buffer 0x0 framecount 1024
06-22 11:23:40.747  1025  2641 D EffectConversionHelperAidl: handleSetConfig at state INIT, opening effect with input AudioConfig{base: AudioConfigBase{sampleRate: 48000, channelMask: AudioChannelLayout{layoutMask: 3}, format: AudioFormatDescription{type: PCM, pcm: FLOAT_32_BIT, encoding: }}, offloadInfo: AudioOffloadInfo{base: AudioConfigBase{sampleRate: 0, channelMask: AudioChannelLayout{none: 0}, format: AudioFormatDescription{type: DEFAULT, pcm: DEFAULT, encoding: }}, streamType: INVALID, bitRatePerSecond: 0, durationUs: 0, hasVideo: false, isStreaming: false, bitWidth: 16, offloadBufferSize: 0, usage: INVALID, encapsulationMode: INVALID, contentId: 0, syncId: 0}, frameCount: 1024} output AudioConfig{base: AudioConfigBase{sampleRate: 48000, channelMask: AudioChannelLayout{layoutMask: 3}, format: AudioFormatDescription{type: PCM, pcm: FLOAT_32_BIT, encoding: }}, offloadInfo: AudioOffloadInfo{base: AudioConfigBase{sampleRate: 0, channelMask: AudioChannelLayout{none: 0}, format: AudioFormatDescription{type: DEFAULT, pcm: DEFAULT, encoding: }}, streamType: INVALID, bi
06-22 11:23:40.748  1673  2818 D AS.AudioService: Deprecating STREAM_BLUETOOTH_SCO, using STREAM_VOICE_CALL instead for caller: getStreamMaxVolume
06-22 11:23:40.748  2388  5124 I WtSarControl: handContrlSar: setCellDSI = 1
06-22 11:23:40.748  1673  1698 D MiSound.MQSUtils: setStreamMusicOrVoiceCallIndex : stream=3 index=11 device=1
06-22 11:23:40.748  1673  1698 D AudioSystem: +setParameters(): audio_volume_stream_music_device_earpiece=1 
06-22 11:23:40.748  1025 21637 V audio_utils::mutex: mutex_impl: audio_mutex initialized: ret:0  order:6
06-22 11:23:40.748  2402  3179 I VolumeSliderController: syncVolumeRange 15 0 15000 0 1000 15 14
06-22 11:23:40.749   960  1018 D AHAL_DlbVolumeListenerEffectContext: VolumeListenerEffectContext
06-22 11:23:40.750   960  1018 I AHAL_EffectImpl: Music Volume ListenerV2open
06-22 11:23:40.750  2388  2388 I WtSarControl: onReceive action = android.media.STREAM_DEVICES_CHANGED_ACTION
06-22 11:23:40.750  2388  2388 D WtSarControl: yuanwu1.wt,rfCheckPoint,Start!
06-22 11:23:40.750  1025  1172 D AudioPolicyManagerCustomImpl: fm_applyGainFromCheckAndSetVolume size 0/4
06-22 11:23:40.750  1025  1172 D AudioPolicyManagerCustomImpl: fm_applyGainFromCheckAndSetVolume size 1/4
06-22 11:23:40.750  1025  1172 D AudioPolicyManagerCustomImpl: fm_applyGainFromCheckAndSetVolume size 2/4
06-22 11:23:40.750  1025  1172 D AudioPolicyManagerCustomImpl: fm_applyGainFromCheckAndSetVolume size 3/4
06-22 11:23:40.751  2388  2388 D WtSarControl: yuanwu1.wt,rfCheckPoint,isRfCheckPointInsertWork = 0,mRuleDataCur.is_rfcheckpoint_insert = 0
06-22 11:23:40.751  1025  1172 V audio_utils::mutex: mutex_impl: audio_mutex initialized: ret:0  order:6
06-22 11:23:40.751  2388  2388 I WtSarControl: handleHeadsetAction streamType = 8
06-22 11:23:40.751  2388  2388 I WtSarControl: handleHeadsetAction device = 1
06-22 11:23:40.751  2388  2388 I WtSarControl: STREAM_DEVICES_CHANGED_ACTION : false
06-22 11:23:40.751  1025  2641 V EffectChain: addEffect_l effect 0xb40000784858c850, added in chain 0xb40000783859df10 at rank 0
06-22 11:23:40.751  1025  2641 V EffectModule: configure_l 0xb40000784858c850 chain 0xb40000783859df10 buffer 0xb4000079985acd00 framecount 1024
06-22 11:23:40.751  1025  2641 D EffectHalAidl: setDevices AUDIO_DEVICE_OUT_SPEAKER, @:
06-22 11:23:40.752  1025  2641 V audio_utils::mutex: mutex_impl: audio_mutex initialized: ret:0  order:2
06-22 11:23:40.752  1025  2641 V EffectHandle: constructor 0xb4000079b858e6f0 client 0xb4000078685c14a0
06-22 11:23:40.752  1025  2641 V EffectHandle: setControl 0xb4000079b858e6f0 control 1
06-22 11:23:40.752  1025  2641 V EffectBase: addHandle() 0xb40000784858c860 added handle 0xb4000079b858e6f0 in position 0
06-22 11:23:40.752  1025  2641 V audio_utils::mutex: mutex_impl: audio_mutex initialized: ret:0  order:21
06-22 11:23:40.752  1025  1172 V audio_utils::mutex: mutex_impl: audio_mutex initialized: ret:0  order:6
06-22 11:23:40.752  1025  2641 V EffectBase: updatePolicyState name Music Volume Listener id 31099 session 50441 doRegister 1 registered 1 doEnable 0 enabled 0
06-22 11:23:40.752  1025  3693 D AudioFlingerImpl: setGameParameters keyvalue: audio_volume_stream_music_device_earpiece=1
06-22 11:23:40.752  1025  3693 D AudioFlinger: +mAudioHwDevs(primary)->setParameters(): audio_volume_stream_music_device_earpiece=1
06-22 11:23:40.752  1025  3693 D DeviceHalAidl: [default] setParameters: parameters: "audio_volume_stream_music_device_earpiece=1"
06-22 11:23:40.753  1040  1040 D Audio_ParameterParser: parseVendorParameters: scope: MODULE, keys/values: audio_volume_stream_music_device_earpiece=1
06-22 11:23:40.753   960  1018 D AudioALSAHardware: +setParameters(): audio_volume_stream_music_device_earpiece=1
06-22 11:23:40.753  1025  2641 I AudioEffect: set() 0xb4000078d8596c20 OK effect: Music Volume Listener id: 31099 status 0 enabled 0 pid 1025
06-22 11:23:40.753   960  1018 D AudioALSAHardware: -setParameters(): audio_volume_stream_music_device_earpiece=1
06-22 11:23:40.753   960  1018 E AHAL_Module: setVendorParameters: default: unrecognized parameter "audio_volume_stream_music_device_earpiece=1"
06-22 11:23:40.754  1025  3693 E ConversionHelperAidl: Function: parseAndSetVendorParameters Line: 94 Failed 
06-22 11:23:40.754  1025  3693 D AudioFlinger: -mAudioHwDevs(primary)->setParameters(): audio_volume_stream_music_device_earpiece=1
06-22 11:23:40.754  1025  3693 D AudioFlinger: +mAudioHwDevs(r_submix)->setParameters(): audio_volume_stream_music_device_earpiece=1
06-22 11:23:40.754  1025  3693 D DeviceHalAidl: [r_submix] setParameters: parameters: "audio_volume_stream_music_device_earpiece=1"
06-22 11:23:40.754  1025  1172 V audio_utils::mutex: mutex_impl: audio_mutex initialized: ret:0  order:6
06-22 11:23:40.754  1040  1040 D Audio_ParameterParser: parseVendorParameters: scope: MODULE, keys/values: audio_volume_stream_music_device_earpiece=1
06-22 11:23:40.755  1025  3693 D AudioFlinger: -mAudioHwDevs(r_submix)->setParameters(): audio_volume_stream_music_device_earpiece=1
06-22 11:23:40.755  1025  3693 D AudioFlinger: +mAudioHwDevs(bluetooth)->setParameters(): audio_volume_stream_music_device_earpiece=1
06-22 11:23:40.755  2402  3179 D VolumeSliderController: onReceive: action: android.media.STREAM_DEVICES_CHANGED_ACTION, streamType: 3, mutedMode: false
06-22 11:23:40.755  1025  3693 D DeviceHalAidl: [bluetooth] setParameters: parameters: "audio_volume_stream_music_device_earpiece=1"
06-22 11:23:40.755  1040  1040 D Audio_ParameterParser: parseVendorParameters: scope: MODULE, keys/values: audio_volume_stream_music_device_earpiece=1
06-22 11:23:40.756   960  1018 D AHAL_ModuleBluetooth: setVendorParameters: parameter count 1, async: 0
06-22 11:23:40.756   960  1018 D AHAL_ModuleBluetooth: setVendorParameters: audio_volume_stream_music_device_earpiece=1
06-22 11:23:40.756  1025 21637 V audio_utils::mutex: mutex_impl: audio_mutex initialized: ret:0  order:6
06-22 11:23:40.756  1025  3693 D AudioFlinger: -mAudioHwDevs(bluetooth)->setParameters(): audio_volume_stream_music_device_earpiece=1
06-22 11:23:40.756  1025  2641 I AudioEffect: enable 0xb4000078d8596c20
06-22 11:23:40.756  1025  2641 V EffectHandle: enable 0xb4000079b858e6f0
06-22 11:23:40.756  1025  2641 V EffectBase: updatePolicyState name Music Volume Listener id 31099 session 50441 doRegister 0 registered 1 doEnable 1 enabled 1
06-22 11:23:40.756  1025  2641 V EffectBase: setEnabled 0xb40000784858c860 enabled 1
06-22 11:23:40.757  1673  1698 D MiSound.MQSUtils: setStreamMusicOrVoiceCallIndex : stream=3 index=14 device=2
06-22 11:23:40.757  1673  1698 D AudioSystem: +setParameters(): audio_volume_stream_music_device_speaker=1 
06-22 11:23:40.757  1025  1172 D AudioFlingerImpl: setGameParameters keyvalue: audio_volume_stream_music_device_speaker=1
06-22 11:23:40.757  1025  1172 D AudioFlinger: +mAudioHwDevs(primary)->setParameters(): audio_volume_stream_music_device_speaker=1
06-22 11:23:40.757  1025  3693 V audio_utils::mutex: mutex_impl: audio_mutex initialized: ret:0  order:6
06-22 11:23:40.757  1025  1172 D DeviceHalAidl: [default] setParameters: parameters: "audio_volume_stream_music_device_speaker=1"
06-22 11:23:40.758  1040  1040 D Audio_ParameterParser: parseVendorParameters: scope: MODULE, keys/values: audio_volume_stream_music_device_speaker=1
06-22 11:23:40.759   960  1018 D AudioALSAHardware: +setParameters(): audio_volume_stream_music_device_speaker=1
06-22 11:23:40.759  2402  2402 D MiPlayDetailViewModel: mSystemVolumeReceiver.onReceive(): time cost = 31
06-22 11:23:40.759   960  1018 D AudioALSAHardware: -setParameters(): audio_volume_stream_music_device_speaker=1
06-22 11:23:40.759   960  1018 E AHAL_Module: setVendorParameters: default: unrecognized parameter "audio_volume_stream_music_device_speaker=1"
06-22 11:23:40.759  2402  2402 I DeviceUtils: getComputilityLevel(): 2
06-22 11:23:40.759  1025  1172 E ConversionHelperAidl: Function: parseAndSetVendorParameters Line: 94 Failed 
06-22 11:23:40.759  1025  1172 D AudioFlinger: -mAudioHwDevs(primary)->setParameters(): audio_volume_stream_music_device_speaker=1
06-22 11:23:40.759  1025  1172 D AudioFlinger: +mAudioHwDevs(r_submix)->setParameters(): audio_volume_stream_music_device_speaker=1
06-22 11:23:40.759   960  1418 D audio_ringbuf: dynamic_change_ring_buf_size(), 0xb400007987d788e0: 16400 -> 32784, data_count 10240, write_size 8192, free_space 6144
06-22 11:23:40.760  1025  1172 D DeviceHalAidl: [r_submix] setParameters: parameters: "audio_volume_stream_music_device_speaker=1"
06-22 11:23:40.760   960  1019 D AHAL_DlbVolumeListenerEffectContext: enable
06-22 11:23:40.760   960  1019 D AHAL_DlbVolumeListenerEffectContext: VolumeListenerContext::enable, session = 50441, ioHandle = 13.
06-22 11:23:40.760  2402  2402 I DeviceUtils: getComputilityLevel(): 2
06-22 11:23:40.760  1040  1040 D Audio_ParameterParser: parseVendorParameters: scope: MODULE, keys/values: audio_volume_stream_music_device_speaker=1
06-22 11:23:40.760  1025  3693 V AudioPolicyInterfaceImpl: setForceUse()
06-22 11:23:40.760  1025  3693 D APM_AudioPolicyManager: [MTK_APM_Route]setForceUse() usage 7, config 0, mPhoneState 3
06-22 11:23:40.760  1025  3693 D AudioPolicyInterfaceImpl: ->Debug: setForceUse: 413: setForceUse usage = 7, config = 0, changed = 0
06-22 11:23:40.760  1025  2641 V audio_utils::mutex: mutex_impl: audio_mutex initialized: ret:0  order:6
06-22 11:23:40.760  1025  1172 D AudioFlinger: -mAudioHwDevs(r_submix)->setParameters(): audio_volume_stream_music_device_speaker=1
06-22 11:23:40.760  1025  1353 D AudioSystem: +setParameters(): appname=+com.dibay.app 
06-22 11:23:40.760  1025  1172 D AudioFlinger: +mAudioHwDevs(bluetooth)->setParameters(): audio_volume_stream_music_device_speaker=1
06-22 11:23:40.760  2402  2402 I DeviceUtils: getComputilityLevel(): 2
06-22 11:23:40.760  1025  1172 D DeviceHalAidl: [bluetooth] setParameters: parameters: "audio_volume_stream_music_device_speaker=1"
06-22 11:23:40.760  1025  1353 D AudioFlingerImpl: meetingpowerpolicy showMap from other ++++++
06-22 11:23:40.761  1025  1353 D AudioFlingerImpl: meetingpowerpolicy mVoipTxAppCount 0 mTargetRecordMode 1 mSupportMeetingPower 0 mIsSpeakerMic 1
06-22 11:23:40.761  1025  1353 D AudioFlingerImpl: meetingpowerpolicy showMap from other ------
06-22 11:23:40.761  1040  1040 D Audio_ParameterParser: parseVendorParameters: scope: MODULE, keys/values: audio_volume_stream_music_device_speaker=1
06-22 11:23:40.761   960  1018 D AHAL_ModuleBluetooth: setVendorParameters: parameter count 1, async: 0
06-22 11:23:40.761   960  1018 D AHAL_ModuleBluetooth: setVendorParameters: audio_volume_stream_music_device_speaker=1
06-22 11:23:40.761  1025  1172 D AudioFlinger: -mAudioHwDevs(bluetooth)->setParameters(): audio_volume_stream_music_device_speaker=1
06-22 11:23:40.761  1025  1353 D AudioFlingerImpl: setGameParameters keyvalue: appname=+com.dibay.app
06-22 11:23:40.762  1025  1353 D AudioFlinger: +mAudioHwDevs(primary)->setParameters(): appname=+com.dibay.app
06-22 11:23:40.762  1025  1353 D DeviceHalAidl: [default] setParameters: parameters: "appname=+com.dibay.app"
06-22 11:23:40.762  2402  2402 D VolumePanelViewController_true: onStateChanged 
06-22 11:23:40.762  2402  2402 I VolumeShowHideAnimator: isRunning: false, mExpanded: false
06-22 11:23:40.762  2402  2402 I VolumeExpandCollapsedAnimator: isRunning: false, mExpanded: false
06-22 11:23:40.762  2402  2402 I VolumePanelViewController_true: onStateChangedH: activeStream: -1, mActiveStream: -1, animating: false, mNeedShowDialog: true, mVolumeView.isShown: false
06-22 11:23:40.762  1040  1040 D Audio_ParameterParser: parseVendorParameters: scope: MODULE, keys/values: appname=+com.dibay.app
06-22 11:23:40.762  2402  2402 I VolumePanelViewController_true: updateRingerH isSilent: false, --- isZenMuted : false  ringerModeInternal : 2
06-22 11:23:40.762  2402  2402 D VolumePanelViewController_false: onStateChanged 
06-22 11:23:40.762  2402  2402 I VolumeShowHideAnimator: isRunning: false, mExpanded: false
06-22 11:23:40.762  2402  2402 I VolumeExpandCollapsedAnimator: isRunning: false, mExpanded: false
06-22 11:23:40.762  1673  1698 D MiSound.MQSUtils: setStreamMusicOrVoiceCallIndex : stream=3 index=5 device=40000000
06-22 11:23:40.762  2402  2402 I VolumePanelViewController_false: updateRingerH isSilent: false, --- isZenMuted : false  ringerModeInternal : 2
06-22 11:23:40.762  2402  2402 D MiPlayDetailViewModel: mSystemVolumeReceiver.onReceive(): time cost = 0
06-22 11:23:40.762  2402  2402 D VolumePanelViewController_true: onStateChanged 
06-22 11:23:40.762  2402  2402 I VolumeShowHideAnimator: isRunning: false, mExpanded: false
06-22 11:23:40.762  2402  2402 I VolumeExpandCollapsedAnimator: isRunning: false, mExpanded: false
06-22 11:23:40.762  2402  2402 I VolumePanelViewController_true: onStateChangedH: activeStream: -1, mActiveStream: -1, animating: false, mNeedShowDialog: true, mVolumeView.isShown: false
06-22 11:23:40.763  2402  2402 I VolumePanelViewController_true: updateRingerH isSilent: false, --- isZenMuted : false  ringerModeInternal : 2
06-22 11:23:40.763  2402  2402 D VolumePanelViewController_false: onStateChanged 
06-22 11:23:40.763   960  1018 D AudioALSAHardware: +setParameters(): appname=+com.dibay.app
06-22 11:23:40.763  2402  2402 I VolumeShowHideAnimator: isRunning: false, mExpanded: false
06-22 11:23:40.763  2402  2402 I VolumeExpandCollapsedAnimator: isRunning: false, mExpanded: false
06-22 11:23:40.763  2388  2388 I WtSarControl: onReceive action = android.media.STREAM_DEVICES_CHANGED_ACTION
06-22 11:23:40.763  2388  2388 D WtSarControl: yuanwu1.wt,rfCheckPoint,Start!
06-22 11:23:40.763   960  1018 D AudioALSAHardware: setParameters: [DEBUG] setParameters misound AppName: +com.dibay.app
06-22 11:23:40.763  2402  2402 I VolumePanelViewController_false: updateRingerH isSilent: false, --- isZenMuted : false  ringerModeInternal : 2
06-22 11:23:40.763   960  1018 D AudioALSAHardware: -setParameters(): appname=+com.dibay.app
06-22 11:23:40.763  2402  2402 D MiPlayDetailViewModel: mSystemVolumeReceiver.onReceive(): time cost = 0
06-22 11:23:40.763  1025  1353 D AudioFlinger: -mAudioHwDevs(primary)->setParameters(): appname=+com.dibay.app
06-22 11:23:40.763  1025  1353 D AudioFlinger: +mAudioHwDevs(r_submix)->setParameters(): appname=+com.dibay.app
06-22 11:23:40.763  1025  1353 D DeviceHalAidl: [r_submix] setParameters: parameters: "appname=+com.dibay.app"
06-22 11:23:40.763  2388  2388 D WtSarControl: yuanwu1.wt,rfCheckPoint,isRfCheckPointInsertWork = 0,mRuleDataCur.is_rfcheckpoint_insert = 0
06-22 11:23:40.763  2388  2388 I WtSarControl: handleHeadsetAction streamType = 10
06-22 11:23:40.763  2388  2388 I WtSarControl: handleHeadsetAction device = 1
06-22 11:23:40.763  2388  2388 I WtSarControl: STREAM_DEVICES_CHANGED_ACTION : false
06-22 11:23:40.763  1040  1040 D Audio_ParameterParser: parseVendorParameters: scope: MODULE, keys/values: appname=+com.dibay.app
06-22 11:23:40.764  1673  1698 D AudioSystem: +setParameters(): audio_volume_stream_music_device_0x40000000=0 
06-22 11:23:40.764  1025  1353 D AudioFlinger: -mAudioHwDevs(r_submix)->setParameters(): appname=+com.dibay.app
06-22 11:23:40.764  1025  1353 D AudioFlinger: +mAudioHwDevs(bluetooth)->setParameters(): appname=+com.dibay.app
06-22 11:23:40.764  1025  1353 D DeviceHalAidl: [bluetooth] setParameters: parameters: "appname=+com.dibay.app"
06-22 11:23:40.764  1040  1040 D Audio_ParameterParser: parseVendorParameters: scope: MODULE, keys/values: appname=+com.dibay.app
06-22 11:23:40.765   960  1018 D AHAL_ModuleBluetooth: setVendorParameters: parameter count 1, async: 0
06-22 11:23:40.765   960  1018 D AHAL_ModuleBluetooth: setVendorParameters: appname=+com.dibay.app
06-22 11:23:40.765  1025  1353 D AudioFlinger: -mAudioHwDevs(bluetooth)->setParameters(): appname=+com.dibay.app
06-22 11:23:40.765  1025 21637 D AudioFlingerImpl: setGameParameters keyvalue: audio_volume_stream_music_device_0x40000000=0
06-22 11:23:40.765  1025  2641 V audio_utils::mutex: mutex_impl: audio_mutex initialized: ret:0  order:6
06-22 11:23:40.765  1025 21637 D AudioFlinger: +mAudioHwDevs(primary)->setParameters(): audio_volume_stream_music_device_0x40000000=0
06-22 11:23:40.765  1025 21637 D DeviceHalAidl: [default] setParameters: parameters: "audio_volume_stream_music_device_0x40000000=0"
06-22 11:23:40.765  1025  1353 D AudioSystem: +setParameters(): appname=+com.dibay.app 
06-22 11:23:40.765  1040  1040 D Audio_ParameterParser: parseVendorParameters: scope: MODULE, keys/values: audio_volume_stream_music_device_0x40000000=0
06-22 11:23:40.765  1025  1353 D AudioFlingerImpl: meetingpowerpolicy showMap from other ++++++
06-22 11:23:40.765  1025  1353 D AudioFlingerImpl: meetingpowerpolicy mVoipTxAppCount 0 mTargetRecordMode 1 mSupportMeetingPower 0 mIsSpeakerMic 1
06-22 11:23:40.765  1025  1353 D AudioFlingerImpl: meetingpowerpolicy showMap from other ------
06-22 11:23:40.766   960  1018 D AudioALSAHardware: +setParameters(): audio_volume_stream_music_device_0x40000000=0
06-22 11:23:40.766   960  1018 D AudioALSAHardware: -setParameters(): audio_volume_stream_music_device_0x40000000=0
06-22 11:23:40.766   960  1018 E AHAL_Module: setVendorParameters: default: unrecognized parameter "audio_volume_stream_music_device_0x40000000=0"
06-22 11:23:40.766  1025 21637 E ConversionHelperAidl: Function: parseAndSetVendorParameters Line: 94 Failed 
06-22 11:23:40.766  1025 21637 D AudioFlinger: -mAudioHwDevs(primary)->setParameters(): audio_volume_stream_music_device_0x40000000=0
06-22 11:23:40.766  1025 21637 D AudioFlinger: +mAudioHwDevs(r_submix)->setParameters(): audio_volume_stream_music_device_0x40000000=0
06-22 11:23:40.766  1025 21637 D DeviceHalAidl: [r_submix] setParameters: parameters: "audio_volume_stream_music_device_0x40000000=0"
06-22 11:23:40.766  2388  2388 I WtSarControl: mHandler msg.obj : android.os.AsyncResult@17a8e72
06-22 11:23:40.766  2388  2388 I WtSarControl: mHandler ar.result : [Ljava.lang.String;@6c192c3
06-22 11:23:40.766  1040  1040 D Audio_ParameterParser: parseVendorParameters: scope: MODULE, keys/values: audio_volume_stream_music_device_0x40000000=0
06-22 11:23:40.766  2388  2388 I WtSarControl: update realSar = 1
06-22 11:23:40.766  2388  2388 I WtSarControl: AT_ERFIDX_get
06-22 11:23:40.767  1025 21637 D AudioFlinger: -mAudioHwDevs(r_submix)->setParameters(): audio_volume_stream_music_device_0x40000000=0
06-22 11:23:40.767  1025 21637 D AudioFlinger: +mAudioHwDevs(bluetooth)->setParameters(): audio_volume_stream_music_device_0x40000000=0
06-22 11:23:40.767  1025 21637 D DeviceHalAidl: [bluetooth] setParameters: parameters: "audio_volume_stream_music_device_0x40000000=0"
06-22 11:23:40.767  1040  1040 D Audio_ParameterParser: parseVendorParameters: scope: MODULE, keys/values: audio_volume_stream_music_device_0x40000000=0
06-22 11:23:40.767   960  1018 D AHAL_ModuleBluetooth: setVendorParameters: parameter count 1, async: 0
06-22 11:23:40.767   960  1018 D AHAL_ModuleBluetooth: setVendorParameters: audio_volume_stream_music_device_0x40000000=0
06-22 11:23:40.767  1025 21637 D AudioFlinger: -mAudioHwDevs(bluetooth)->setParameters(): audio_volume_stream_music_device_0x40000000=0
06-22 11:23:40.767  1025  1353 D AudioFlinger: +thread->setParameters(): io = 13, appname=+com.dibay.app
06-22 11:23:40.768  1025  1353 V audio_utils::mutex: mutex_impl: audio_mutex initialized: ret:0  order:21
06-22 11:23:40.768  1025  1419 D StreamHalAidl: [out|ioHandle:13] setParameters: parameters: "appname=+com.dibay.app"
06-22 11:23:40.768  1025  1419 D StreamHalAidl: [out|ioHandle:13] setParameters: parameters: appname=+com.dibay.app
06-22 11:23:40.768  1040  1040 D Audio_ParameterParser: parseVendorParameters: scope: STREAM, keys/values: appname=+com.dibay.app
06-22 11:23:40.768   960  1018 D AudioALSAStreamOut: +setParameters(): flag 10
06-22 11:23:40.768   960  1018 W AudioALSAStreamOut: setParameters(), still have param.size() = 1
06-22 11:23:40.768   960  1018 E AHAL_Stream: setVendorParameters: unrecognized parameter "appname=+com.dibay.app"
06-22 11:23:40.768  1025  1419 E ConversionHelperAidl: Function: parseAndSetVendorParameters Line: 104 Failed 
06-22 11:23:40.769  1025  1353 D AudioFlinger: -thread->setParameters(): io = 13, appname=+com.dibay.app
06-22 11:23:40.769  1025  2641 D APM_AudioPolicyManager: startOutput() output 13, portId 5504, stream 3, session 50441, sample_rate 22050, format 0x5, channel_mask 0x1, appname com.dibay.app)
06-22 11:23:40.769  1025  2641 V AudioPolicyInterfaceImpl: startOutput(): client portId 5504, active 1, ActiveClientRefCount 1
06-22 11:23:40.769  1025  2641 V audio_utils::mutex: mutex_impl: audio_mutex initialized: ret:0  order:21
06-22 11:23:40.770  1025  2641 D AudioFlinger_Threads: addTrack_l() mActiveSRCTrackIdVector.size() = 1, before mActiveSRCTrackIdVector.push_back(4613)
06-22 11:23:40.770  1025  2641 D AudioFlinger_Threads: addTrack_l() starting track on chain 0xb40000783859df10 for session 50441, cout:1.
06-22 11:23:40.770  1025  2641 D AudioFlinger_Threads: addTrack_l() mActiveEffectChainIdVector.size() = 2, before mActiveEffectChainIdVector.push_back(50441)
06-22 11:23:40.770  1025  2641 D AF::Track: noteStartAudioInNeed
06-22 11:23:40.770  1025  2641 D BatteryNotifier: batteryHandler::send audio start msg! 10307, 30727, 50441, 2
06-22 11:23:40.770  1025  1304 D BatteryNotifier: BatteryNotifier::update audio start to power insight! 10307, 30727, 50441, 2, isneedReport 1
06-22 11:23:40.770  1673  4102 E AppOps  : attributionTag  not declared in manifest of com.dibay.app
06-22 11:23:40.770  1673  1740 E BatteryStatsService: note StartAudioToPower BatteryStatsservices10307 30727 50441 5504 2
06-22 11:23:40.770  1025  3693 V audio_utils::mutex: mutex_impl: audio_mutex initialized: ret:0  order:6
06-22 11:23:40.770  1673  1740 D BatteryStatsManagerStub: noteStartAudioInNeed uid is 10307, pid is 30727, session is 50441, port is 5504, type is 2
06-22 11:23:40.770  1673  1740 E PowerInsightClientProxy: framework 10307 pid 30727 session 50441
06-22 11:23:40.770  1673  1740 E PowerInsightPolicy: sPowerInsightService null!
06-22 11:23:40.771  5692 10904 I PowerKeeper.Event: noteStartAudioInNeed uid is 10307, sessionid is 50441, port is 5504, type is 2
06-22 11:23:40.772  1673  4059 E AppOps  : attributionTag  not declared in manifest of com.dibay.app
06-22 11:23:40.772  1025  3693 V audio_utils::mutex: mutex_impl: audio_mutex initialized: ret:0  order:6
06-22 11:23:40.773  2402  2402 I DeviceUtils: getComputilityLevel(): 2
06-22 11:23:40.773  2402  2402 I DeviceUtils: getComputilityLevel(): 2
06-22 11:23:40.773  2402  2402 I DeviceUtils: getComputilityLevel(): 2
06-22 11:23:40.773 30727  2209 D AudioRepeatStartCheck: [AudioRepeatStartStopCheck], enter: uid = 10307, session = 50441, uidnowTime = 1782098620
06-22 11:23:40.773 30727  2209 D AudioRepeatStartCheck: [AudioRepeatStartStopCheck] uid = 10307, uidbeforeTimeGap = 0, uidnowTimeGap = 0, consecutiveStartCnt = 3
06-22 11:23:40.774   960  1431 I android.hardware.audio.service-aidl.mediatek: misoundfx process numSamples: 48
06-22 11:23:40.774 30727  2209 D AudioRepeatStartCheck: [AudioRepeatStartStopCheck] isAnomaly = 0
06-22 11:23:40.774  1025  2641 V audio_utils::mutex: mutex_impl: audio_mutex initialized: ret:0  order:6
06-22 11:23:40.774 30727  2209 D AAudio  : AAudioStream_requestStart(s#7) returned 0 ---------
06-22 11:23:40.775  2402  2402 D VolumePanelViewController_true: currentDevice=2, deviceForMusic=0, phoneCall=false, miplayHardwareType=0
06-22 11:23:40.775  2402  2402 D VolumePanelViewController_false: currentDevice=2, deviceForMusic=0, phoneCall=false, miplayHardwareType=0
06-22 11:23:40.776  2402  2402 D VolumePanelViewController_false: currentDevice=2, deviceForMusic=0, phoneCall=false, miplayHardwareType=0
06-22 11:23:40.776  1025  3693 V audio_utils::mutex: mutex_impl: audio_mutex initialized: ret:0  order:6
06-22 11:23:40.777  1025  2641 V audio_utils::mutex: mutex_impl: audio_mutex initialized: ret:0  order:6
06-22 11:23:40.778  2402  2402 D VolumePanelViewController_true: currentDevice=2, deviceForMusic=0, phoneCall=false, miplayHardwareType=0
06-22 11:23:40.779  1025  2641 V audio_utils::mutex: mutex_impl: audio_mutex initialized: ret:0  order:6
06-22 11:23:40.779  2402  2402 D VolumePanelViewController_true: onStateChanged 
06-22 11:23:40.779  2402  2402 I VolumeShowHideAnimator: isRunning: false, mExpanded: false
06-22 11:23:40.779  2402  2402 I VolumeExpandCollapsedAnimator: isRunning: false, mExpanded: false
06-22 11:23:40.779  2402  2402 I VolumePanelViewController_true: onStateChangedH: activeStream: -1, mActiveStream: -1, animating: false, mNeedShowDialog: true, mVolumeView.isShown: false
06-22 11:23:40.780  2402  2402 D VolumePanelViewController_true: updateVolumeColumnH: stream: 10, level: 14, levelMax: 15, mAutomute: true, streamMuted: false, tracking: false
06-22 11:23:40.780  2402  2402 D VolumePanelViewController_true: updateVolumeColumnSliderH: stream: 10, mActiveStream: -1, streamMute: false, vlevel: 14, level: 11, progress: 11000, newProgress: 14000, columnVisible: false, inGracePeriod: false, sliderChangeIsNeedAnim: true
06-22 11:23:40.780  2402  2402 D MIUI_VolumeColumn: Send slider ratio! stream: 10 sliderRatio: 0.93333334
06-22 11:23:40.780  2402  2402 I VolumePanelViewController_true: updateRingerH isSilent: false, --- isZenMuted : false  ringerModeInternal : 2
06-22 11:23:40.780  2402  2402 D VolumePanelViewController_false: onStateChanged 
06-22 11:23:40.780  2402  2402 I VolumeShowHideAnimator: isRunning: false, mExpanded: false
06-22 11:23:40.780  2402  2402 I VolumeExpandCollapsedAnimator: isRunning: false, mExpanded: false
06-22 11:23:40.780  1025  2641 V audio_utils::mutex: mutex_impl: audio_mutex initialized: ret:0  order:6
06-22 11:23:40.780  2402  2402 D VolumePanelViewController_false: updateVolumeColumnSliderH: stream: 10, mActiveStream: -1, streamMute: false, vlevel: 14, level: 11, progress: 11000, newProgress: 14000, columnVisible: false, inGracePeriod: false, sliderChangeIsNeedAnim: true
06-22 11:23:40.780  2402  2402 D MIUI_VolumeColumn: Send slider ratio! stream: 10 sliderRatio: 0.93333334
06-22 11:23:40.781  2402  2402 I VolumePanelViewController_false: updateRingerH isSilent: false, --- isZenMuted : false  ringerModeInternal : 2
06-22 11:23:40.781  1025  2641 V audio_utils::mutex: mutex_impl: audio_mutex initialized: ret:0  order:6
06-22 11:23:40.782  2402  2402 D VolumePanelViewController_true: currentDevice=2, deviceForMusic=0, phoneCall=false, miplayHardwareType=0
06-22 11:23:40.783  2402  2402 D VolumePanelViewController_false: currentDevice=2, deviceForMusic=0, phoneCall=false, miplayHardwareType=0
06-22 11:23:40.785  2388  2388 I WtSarControl: mHandler2 msg.obj : android.os.AsyncResult@f51740
06-22 11:23:40.785  2388  2388 I WtSarControl: mHandler2 arGet.result : [Ljava.lang.String;@f09679
06-22 11:23:40.785  2388  2388 I WtSarControl: data.length : 1
06-22 11:23:40.785  2388  2388 I WtSarControl: data[i] : +ERFIDX: 32767,1
06-22 11:23:40.787  1025  1419 D AudioTrackShared: this(0xb4000079d8592010), mCblk(0x7a83cea000), front(0), mIsOut 1, setStreamEndDone() FUTEX_WAKE
06-22 11:23:40.787  1025  1419 D BatteryNotifier: batteryHandler::send audio final volume update msg! 10307, 30727, 50441
06-22 11:23:40.787  1025  1304 D BatteryNotifier: BatteryNotifier::update finalvolume to power insight! 10307, 30727, 50441, finalvolume 0.707946
06-22 11:23:40.788  1025  2641 D NativePermissionController: checkPermission: missing 13 for 10307
06-22 11:23:40.788   960  1019 D AHAL_DlbVolumeListenerEffectContext: setVolumeStereo, left = 0.707946, right = 0.707946, mCommon.ioHandle = 13
06-22 11:23:40.788 30727  2335 D AudioStreamTrack: onAudioDeviceUpdate() devices 3 => 3
06-22 11:23:40.788 30727  2335 D AudioTrack: onAudioDeviceUpdate AudioPortDebug[ID:00000003] deviceType:AUDIO_DEVICE_OUT_SPEAKER(00000002)
06-22 11:23:40.788  1673  1740 E BatteryStatsService: note final volume change AudioToPower BatteryStatsservices 10307 30727 50441 0.7079463
06-22 11:23:40.788 30727  2335 D BatteryNotifier: batteryHandler::send audio device update msg! 10307, 30727, 50441, 2
06-22 11:23:40.788  1673  1740 E PowerInsightPolicy: sPowerInsightService null!
06-22 11:23:40.788  1025  1419 D AudioMixer: setParameter(RESAMPLE, SAMPLE_RATE, 22050, channelMask 0x1)
06-22 11:23:40.788  2402  2402 I DeviceUtils: getComputilityLevel(): 2
06-22 11:23:40.788  1025  1419 D AudioFlinger_Threads: noteStopAudioInNeed
06-22 11:23:40.788  2402  2402 I DeviceUtils: getComputilityLevel(): 2
06-22 11:23:40.788 30727  2457 D BatteryNotifier: BatteryNotifier::update device to power insight! 10307, 30727, 50441, 2
06-22 11:23:40.788  2402  2402 I DeviceUtils: getComputilityLevel(): 2
06-22 11:23:40.788  1025  1419 D BatteryNotifier: batteryHandler::send audio stop msg! 10307, 30727, 50425, 2
06-22 11:23:40.788  1025  1419 D AudioFlinger_Threads: removeTracks_l(4611): removing track on session 50425
06-22 11:23:40.788  1025  1419 V AudioPolicyInterfaceImpl: stopOutput()
06-22 11:23:40.788  1025  1419 V audio_utils::mutex: mutex_impl: audio_mutex initialized: ret:0  order:6
06-22 11:23:40.789  1673  1740 E BatteryStatsService: note device change AudioToPower BatteryStatsservices 10307 30727 50441 2
06-22 11:23:40.789  1673  1740 E PowerInsightPolicy: sPowerInsightService null!
06-22 11:23:40.789   960  6471 D AHAL_DlbEffectContext: handlePregainChange
06-22 11:23:40.789  1025  1419 V AudioPolicyInterfaceImpl: releaseOutput()
06-22 11:23:40.789  1025  1354 V AudioPolicyInterfaceImpl: doStopOutput
06-22 11:23:40.789  1025  1304 D BatteryNotifier: BatteryNotifier::update audio stop to power insight! 10307, 30727, 50425, 2, isneedReport 1
06-22 11:23:40.789  1025  1419 V audio_utils::mutex: mutex_impl: audio_mutex initialized: ret:0  order:6
06-22 11:23:40.789  1025  1354 I AudioEffect: disable 0xb4000078d8596090
06-22 11:23:40.789  1025  1354 V EffectHandle: disable 0xb4000079b858ea70
06-22 11:23:40.789  1025  1354 V EffectBase: updatePolicyState name Music Volume Listener id 31091 session 50425 doRegister 0 registered 1 doEnable 1 enabled 0
06-22 11:23:40.789  1025  1354 V EffectBase: setEnabled 0xb40000784858c540 enabled 0
06-22 11:23:40.790  1673  1740 E BatteryStatsService: note StopAudioToPower BatteryStatsservices10307 30727 50425 5502 2
06-22 11:23:40.790  1673  1740 D BatteryStatsManagerStub: noteStopAudioInNeed uid is 10307, pid is 30727, session is 50425, port is 5502, type is 2
06-22 11:23:40.790  1673  1740 E PowerInsightPolicy: sPowerInsightService null!
06-22 11:23:40.791  1025  1419 D AudioFlinger_Threads: removeTracks_l(4611): stopping track on chain 0xb4000078385a3710 for session Id: 50425, count : 0.
06-22 11:23:40.791  1025  1419 D AudioFlinger_Threads: removeTracks_l() mActiveEffectChainIdVector.size() = 3, before mActiveEffectChainIdVector.erase(50425).
06-22 11:23:40.791  1025  1419 D AudioFlinger_Threads: removeTracks_l() mActiveSRCTrackIdVector.size() = 2, before mActiveSRCTrackIdVector.erase(4611).
06-22 11:23:40.791  1025  1419 D AudioFlinger_Threads: updateWakeLockUids_l AudioOut_D uids:10307 
06-22 11:23:40.791  5692 10904 I PowerKeeper.Event: noteStopAudioInNeed uid is 10307, sessionid is 50425, port is 5502, type is 2
06-22 11:23:40.791   960  1018 D MTKAdapterStreamLayer: updateMetadataCommon(), 
06-22 11:23:40.791   960  1018 I AudioALSAStreamOut: updateSourceMetadata(), do nothing source_metadata = 0x77c7c2ff78
06-22 11:23:40.792  1025  1419 D AudioFlinger_Threads: 0xb400007a83f03520: threadLoop_write write data to hw, mixerStatus 2, muted count 98
06-22 11:23:40.793   960  1019 D AHAL_DlbVolumeListenerEffectContext: disable
06-22 11:23:40.793   960  1019 D AHAL_DlbVolumeListenerEffectContext: VolumeListenerContext::disable, session = 50425, ioHandle = 13
06-22 11:23:40.793  1025  1354 I AudioEffect: Destructor 0xb4000078d8596090
06-22 11:23:40.793   960  6471 D AHAL_DlbEffectContext: handlePregainChange
06-22 11:23:40.793   960  3565 D AHAL_EffectImpl: Music Volume ListenerV2 skip process in state: IDLE
06-22 11:23:40.794  2388  2388 I WtSarControl: getSarValue : 1  i.length : 16
06-22 11:23:40.795  1673  3913 W ActivityManagerServiceImpl: Sending non-protected broadcast android.intent.action.SAR_REALDSI_UPDATE from system 2388:com.android.phone/1001 pkg com.android.phone. Callers=
06-22 11:23:40.796  1025  1354 I AudioFlinger_Threads: removeEffect_l(): 0xb400007a83f03520, effect = 0xb40000784858c530, name = Music Volume Listener
06-22 11:23:40.796  1025  1172 V audio_utils::mutex: mutex_impl: audio_mutex initialized: ret:0  order:6
06-22 11:23:40.796   960  1018 I AHAL_EffectImpl: command: line250 return with expr mState == State::IDLE
06-22 11:23:40.796   960  1018 D AHAL_DlbVolumeListenerEffectContext: disable
06-22 11:23:40.796   960  1018 D AHAL_DlbVolumeListenerEffectContext: ~VolumeListenerEffectContext
06-22 11:23:40.797  1025  1172 V audio_utils::mutex: mutex_impl: audio_mutex initialized: ret:0  order:6
06-22 11:23:40.797   960  1018 I AHAL_EffectImpl: Music Volume ListenerV2close
06-22 11:23:40.798  1025  1354 I EffectChain: removeEffect_l() effect 0xb40000784858c530, removed from chain 0xb4000078385a3710 at rank 0
06-22 11:23:40.798   960  1018 D AHAL_DlbVolumeListenerEffectImpl: ~VolumeListenerEffectImpl
06-22 11:23:40.798  1025  1172 V audio_utils::mutex: mutex_impl: audio_mutex initialized: ret:0  order:6
06-22 11:23:40.798  1025  1354 I AudioFlinger_Threads: removeEffectChain_l() 0xb4000078385a3710 from thread 0xb400007a83f03520 for session 50425
06-22 11:23:40.798   960  1018 E AHAL_EffectImpl: command: line237 return with expr mState == State::INIT
06-22 11:23:40.798   960  1018 I AHAL_EffectImpl: close: line91 return with expr mState == State::INIT
06-22 11:23:40.798  1025  1354 V EffectBase: updatePolicyState name Music Volume Listener id 31091 session 50425 doRegister 1 registered 0 doEnable 0 enabled 0
06-22 11:23:40.798  1025  1354 I EffectModule: Destructor 0xb40000784858c530
06-22 11:23:40.798  1025  1354 V EffectHandle: disconnect 0xb4000079b858ea70
06-22 11:23:40.798  1025  1354 V EffectHandle: disconnect(true) 0xb4000079b858ea70
06-22 11:23:40.798  1025  1354 V EffectHandle: Destructor 0xb4000079b858ea70
06-22 11:23:40.798  1025  1354 V EffectHandle: disconnect(false) 0xb4000079b858ea70
06-22 11:23:40.798  1025  1354 W audioserver: Binder 0xb4000079b858ea80 destroyed after setInheritRt before being parceled.
06-22 11:23:40.798  1025  1354 W audioserver: Binder 0xb4000079b858ea80 destroyed after setMinSchedulerPolicy before being parceled.
06-22 11:23:40.798  1025  1354 D APM_AudioPolicyManager: stopOutput portId 5502
06-22 11:23:40.798  1025  1354 D APM_AudioPolicyManager: stoptOutput() output 13, portId 5502, stream 3, session 50425, sample_rate 22050, format 0x5, channel_mask 0x1, appname com.dibay.app)
06-22 11:23:40.799  1025  1354 V audio_utils::mutex: mutex_impl: audio_mutex initialized: ret:0  order:6
06-22 11:23:40.799  1025  1353 D AudioSystem: +setParameters(): appname=-com.dibay.app 
06-22 11:23:40.799  1025  1353 D AudioFlingerImpl: meetingpowerpolicy showMap from other ++++++
06-22 11:23:40.799  1025  1353 D AudioFlingerImpl: meetingpowerpolicy mVoipTxAppCount 0 mTargetRecordMode 1 mSupportMeetingPower 0 mIsSpeakerMic 1
06-22 11:23:40.799  1025  1353 D AudioFlingerImpl: meetingpowerpolicy showMap from other ------
06-22 11:23:40.799  1025  1353 D AudioFlingerImpl: setGameParameters keyvalue: appname=-com.dibay.app
06-22 11:23:40.799  1025  1353 D AudioFlinger: +mAudioHwDevs(primary)->setParameters(): appname=-com.dibay.app
06-22 11:23:40.799  1025  1353 D DeviceHalAidl: [default] setParameters: parameters: "appname=-com.dibay.app"
06-22 11:23:40.800  1040  1040 D Audio_ParameterParser: parseVendorParameters: scope: MODULE, keys/values: appname=-com.dibay.app
06-22 11:23:40.800   960  1018 D AudioALSAHardware: +setParameters(): appname=-com.dibay.app
06-22 11:23:40.800   960  1018 D AudioALSAHardware: setParameters: [DEBUG] setParameters misound AppName: -com.dibay.app
06-22 11:23:40.800   960  1018 D AudioALSAHardware: -setParameters(): appname=-com.dibay.app
06-22 11:23:40.800  1025  1353 D AudioFlinger: -mAudioHwDevs(primary)->setParameters(): appname=-com.dibay.app
06-22 11:23:40.801  1025  1353 D AudioFlinger: +mAudioHwDevs(r_submix)->setParameters(): appname=-com.dibay.app
06-22 11:23:40.801  1025  1353 D DeviceHalAidl: [r_submix] setParameters: parameters: "appname=-com.dibay.app"
06-22 11:23:40.801  1040  1040 D Audio_ParameterParser: parseVendorParameters: scope: MODULE, keys/values: appname=-com.dibay.app
06-22 11:23:40.801  1025  1353 D AudioFlinger: -mAudioHwDevs(r_submix)->setParameters(): appname=-com.dibay.app
06-22 11:23:40.801  1025  1353 D AudioFlinger: +mAudioHwDevs(bluetooth)->setParameters(): appname=-com.dibay.app
06-22 11:23:40.801  1025  1353 D DeviceHalAidl: [bluetooth] setParameters: parameters: "appname=-com.dibay.app"
06-22 11:23:40.802  1040  1040 D Audio_ParameterParser: parseVendorParameters: scope: MODULE, keys/values: appname=-com.dibay.app
06-22 11:23:40.802   960  1018 D AHAL_ModuleBluetooth: setVendorParameters: parameter count 1, async: 0
06-22 11:23:40.802   960  1018 D AHAL_ModuleBluetooth: setVendorParameters: appname=-com.dibay.app
06-22 11:23:40.802  1025  1353 D AudioFlinger: -mAudioHwDevs(bluetooth)->setParameters(): appname=-com.dibay.app
06-22 11:23:40.802  1025  1354 V audio_utils::mutex: mutex_impl: audio_mutex initialized: ret:0  order:6
06-22 11:23:40.802  1025  1353 D AudioSystem: +setParameters(): appname=-com.dibay.app 
06-22 11:23:40.802  1025  1353 D AudioFlingerImpl: meetingpowerpolicy showMap from other ++++++
06-22 11:23:40.802  1025  1353 D AudioFlingerImpl: meetingpowerpolicy mVoipTxAppCount 0 mTargetRecordMode 1 mSupportMeetingPower 0 mIsSpeakerMic 1
06-22 11:23:40.802  1025  1353 D AudioFlingerImpl: meetingpowerpolicy showMap from other ------
06-22 11:23:40.802  1025  1353 D AudioFlinger: +thread->setParameters(): io = 13, appname=-com.dibay.app
06-22 11:23:40.802  1025  1353 V audio_utils::mutex: mutex_impl: audio_mutex initialized: ret:0  order:21
06-22 11:23:40.805  2402  2402 I DeviceUtils: getComputilityLevel(): 2
06-22 11:23:40.805  2402  2402 I DeviceUtils: getComputilityLevel(): 2
06-22 11:23:40.806  2402  2402 I DeviceUtils: getComputilityLevel(): 2
06-22 11:23:40.810  1025  1419 I EffectChain: ~EffectChain(): delete EffectChain = 0xb4000078385a3710
06-22 11:23:40.810  1025  1419 D StreamHalAidl: [out|ioHandle:13] setParameters: parameters: "appname=-com.dibay.app"
06-22 11:23:40.810  1025  1419 D StreamHalAidl: [out|ioHandle:13] setParameters: parameters: appname=-com.dibay.app
06-22 11:23:40.811  1040  1040 D Audio_ParameterParser: parseVendorParameters: scope: STREAM, keys/values: appname=-com.dibay.app
06-22 11:23:40.811 30727  3566 D AAudioStream: setState(s#7) from 3 to 4
06-22 11:23:40.811   960  1018 D AudioALSAStreamOut: +setParameters(): flag 10
06-22 11:23:40.811   960  1018 W AudioALSAStreamOut: setParameters(), still have param.size() = 1
06-22 11:23:40.811   960  1018 E AHAL_Stream: setVendorParameters: unrecognized parameter "appname=-com.dibay.app"
06-22 11:23:40.811  1025  1419 E ConversionHelperAidl: Function: parseAndSetVendorParameters Line: 104 Failed 
06-22 11:23:40.812  1025  1353 D AudioFlinger: -thread->setParameters(): io = 13, appname=-com.dibay.app
06-22 11:23:40.812  1025  1354 V AudioPolicyInterfaceImpl: doStopOutput(): client portId 5502, active 0, ActiveClientRefCount 0
06-22 11:23:40.812  1025  1354 V AudioPolicyInterfaceImpl: doReleaseOutput from tid 1354
06-22 11:23:40.812  1025  1354 D APM_AudioPolicyManager: releaseOutput portId 5502
06-22 11:23:40.812  1025  1354 D APM_AudioPolicyManager: [MTK_APM_Output]releaseOutput() 13 portId 5502
06-22 11:23:40.812  1025  1354 D APM_AudioPolicyManager: releaseOutput() output 13, stream 3, session 50425 [uid=10307]
06-22 11:23:40.812  1025  1354 D ClientInfoStub: ~ClientInfoStub()
06-22 11:23:40.813  1025  2641 V audio_utils::mutex: mutex_impl: audio_mutex initialized: ret:0  order:6
06-22 11:23:40.814   960  6472 D DlbDapCrossfadeProcess: process transitioning from FADE_TO_ACTIVE state to PROCESS_ACTIVE
06-22 11:23:40.815  1025  2641 V audio_utils::mutex: mutex_impl: audio_mutex initialized: ret:0  order:6
06-22 11:23:40.816  1025  2641 V audio_utils::mutex: mutex_impl: audio_mutex initialized: ret:0  order:6
06-22 11:23:40.819  1673  1939 D AudioSystem: +setParameters(): mRingerMode=2 
06-22 11:23:40.819  1025  2641 D AudioFlingerImpl: setGameParameters keyvalue: mRingerMode=2
06-22 11:23:40.819  1025  2641 D AudioFlinger: +mAudioHwDevs(primary)->setParameters(): mRingerMode=2
06-22 11:23:40.819  1025  2641 D DeviceHalAidl: [default] setParameters: parameters: "mRingerMode=2"
06-22 11:23:40.820  1040  1040 D Audio_ParameterParser: parseVendorParameters: scope: MODULE, keys/values: mRingerMode=2
06-22 11:23:40.820   960  1018 D AudioALSAHardware: +setParameters(): mRingerMode=2
06-22 11:23:40.820   960  1018 D AudioALSAHardware: -setParameters(): mRingerMode=2
06-22 11:23:40.820   960  1018 E AHAL_Module: setVendorParameters: default: unrecognized parameter "mRingerMode=2"
06-22 11:23:40.820  1025  2641 E ConversionHelperAidl: Function: parseAndSetVendorParameters Line: 94 Failed 
06-22 11:23:40.820  1025  2641 D AudioFlinger: -mAudioHwDevs(primary)->setParameters(): mRingerMode=2
06-22 11:23:40.820  1025  2641 D AudioFlinger: +mAudioHwDevs(r_submix)->setParameters(): mRingerMode=2
06-22 11:23:40.820  1025  2641 D DeviceHalAidl: [r_submix] setParameters: parameters: "mRingerMode=2"
06-22 11:23:40.821  1040  1040 D Audio_ParameterParser: parseVendorParameters: scope: MODULE, keys/values: mRingerMode=2
06-22 11:23:40.821  1025  2641 D AudioFlinger: -mAudioHwDevs(r_submix)->setParameters(): mRingerMode=2
06-22 11:23:40.821  1025  2641 D AudioFlinger: +mAudioHwDevs(bluetooth)->setParameters(): mRingerMode=2
06-22 11:23:40.821  1025  2641 D DeviceHalAidl: [bluetooth] setParameters: parameters: "mRingerMode=2"
06-22 11:23:40.821  1040  1040 D Audio_ParameterParser: parseVendorParameters: scope: MODULE, keys/values: mRingerMode=2
06-22 11:23:40.821  2388  2388 I WtSarControl: onReceive action = android.media.STREAM_DEVICES_CHANGED_ACTION
06-22 11:23:40.821  2402  2402 D MiPlayDetailViewModel: mSystemVolumeReceiver.onReceive(): time cost = 1
06-22 11:23:40.821  2388  2388 D WtSarControl: yuanwu1.wt,rfCheckPoint,Start!
06-22 11:23:40.821   960  1018 D AHAL_ModuleBluetooth: setVendorParameters: parameter count 1, async: 0
06-22 11:23:40.822   960  1018 D AHAL_ModuleBluetooth: setVendorParameters: mRingerMode=2
06-22 11:23:40.822  2402  2402 I DeviceUtils: getComputilityLevel(): 2
06-22 11:23:40.822  1025  2641 D AudioFlinger: -mAudioHwDevs(bluetooth)->setParameters(): mRingerMode=2
06-22 11:23:40.822  2402  2402 I DeviceUtils: getComputilityLevel(): 2
06-22 11:23:40.822  2402  2402 I DeviceUtils: getComputilityLevel(): 2
06-22 11:23:40.822  2388  2388 D WtSarControl: yuanwu1.wt,rfCheckPoint,isRfCheckPointInsertWork = 0,mRuleDataCur.is_rfcheckpoint_insert = 0
06-22 11:23:40.822  2388  2388 I WtSarControl: handleHeadsetAction streamType = 3
06-22 11:23:40.822  2388  2388 I WtSarControl: handleHeadsetAction device = 2
06-22 11:23:40.822  2388  2388 I WtSarControl: handleHeadsetAction mRuleDataCur.is_receiver_phoneon = 0
06-22 11:23:40.822  2388  2388 I WtSarControl: STREAM_DEVICES_CHANGED_ACTION : true
06-22 11:23:40.822  2388  2388 I WtSarControl: refresh DSI
06-22 11:23:40.822  2388  2388 I WtSarControl: checkAllSensor,need incall state can register sensor listener,because monitor sensor deplete power
06-22 11:23:40.822  2388  2388 I WtSarControl: registerSarSensorTop: start
06-22 11:23:40.822  2388  2388 E WtSarControl: registerSarSensorTop success
06-22 11:23:40.823  2388  5124 I WtSarControl: handContrlSar: mRuleDataCur: is_voice = 0
06-22 11:23:40.823  2388  5124 I WtSarControl: is_data_connected = -1
06-22 11:23:40.823  2388  5124 I WtSarControl: is_headset_insert = -1
06-22 11:23:40.823  2388  5124 I WtSarControl: is_wifi_connected = -1
06-22 11:23:40.823  2388  5124 I WtSarControl: is_wifi_ap_opened = 0
06-22 11:23:40.823  2388  5124 I WtSarControl: is_near_light = -1
06-22 11:23:40.823  2388  5124 I WtSarControl: is_receiver_phoneon = 0
06-22 11:23:40.823  2388  5124 I WtSarControl: is_sarsensor_top = 1
06-22 11:23:40.823  2388  5124 I WtSarControl: is_sarsensor_bottom = -1
06-22 11:23:40.823  2388  5124 I WtSarControl: is_sarsensor_bottom_distance = -1
06-22 11:23:40.823  2388  5124 I WtSarControl: is_sim_mcc = 515
06-22 11:23:40.823  2388  5124 I WtSarControl: is_sar_cell_reduce = 1
06-22 11:23:40.823  2388  5124 I WtSarControl: is_sar_wifi_reduce = -1
06-22 11:23:40.823  2388  5124 I WtSarControl: is_sar_wifi_24Ghz_reduce = -1
06-22 11:23:40.823  2388  5124 I WtSarControl: is_sar_wifi_5Ghz_reduce = -1
06-22 11:23:40.823  2388  5124 I WtSarControl: is_rfcheckpoint_insert = 0
06-22 11:23:40.823  2388  5124 I WtSarControl: getSarDSIFromRules issameRule: 3
06-22 11:23:40.823  2388  5124 I WtSarControl: handContrlSar find =true
06-22 11:23:40.823  2388  5124 I WtSarControl: handContrlSar true mLastSarCellReduce = 1
06-22 11:23:40.823  2388  5124 I WtSarControl: handContrlSar true mLastSarCellReduce = 1
06-22 11:23:40.823  2388  5124 I WtSarControl: handContrlSar true cellSarCellReduce = 3
06-22 11:23:40.823  2388  5124 I WtSarControl: isCurLegal = true
06-22 11:23:40.823  2388  5124 I WtSarControl: isLastnotRestore = true
06-22 11:23:40.823  2388  5124 I WtSarControl: update sar= 3 mLastSarCellReduce= 1
06-22 11:23:40.824  1673  1939 D AudioSystem: +setParameters(): mRingerMode=2 
06-22 11:23:40.824  1025  2641 D AudioFlingerImpl: setGameParameters keyvalue: mRingerMode=2
06-22 11:23:40.824  1025  2641 D AudioFlinger: +mAudioHwDevs(primary)->setParameters(): mRingerMode=2
06-22 11:23:40.824  1025  2641 D DeviceHalAidl: [default] setParameters: parameters: "mRingerMode=2"
06-22 11:23:40.825  1040  1040 D Audio_ParameterParser: parseVendorParameters: scope: MODULE, keys/values: mRingerMode=2
06-22 11:23:40.825   960  1018 D AudioALSAHardware: +setParameters(): mRingerMode=2
06-22 11:23:40.825   960  1018 D AudioALSAHardware: -setParameters(): mRingerMode=2
06-22 11:23:40.825   960  1018 E AHAL_Module: setVendorParameters: default: unrecognized parameter "mRingerMode=2"
06-22 11:23:40.825  1025  2641 E ConversionHelperAidl: Function: parseAndSetVendorParameters Line: 94 Failed 
06-22 11:23:40.825  1025  2641 D AudioFlinger: -mAudioHwDevs(primary)->setParameters(): mRingerMode=2
06-22 11:23:40.825  1025  2641 D AudioFlinger: +mAudioHwDevs(r_submix)->setParameters(): mRingerMode=2
06-22 11:23:40.825  1025  2641 D DeviceHalAidl: [r_submix] setParameters: parameters: "mRingerMode=2"
06-22 11:23:40.825  1040  1040 D Audio_ParameterParser: parseVendorParameters: scope: MODULE, keys/values: mRingerMode=2
06-22 11:23:40.825  1673  2818 D AS.AudioService: Deprecating STREAM_BLUETOOTH_SCO, using STREAM_VOICE_CALL instead for caller: getStreamMaxVolume
06-22 11:23:40.826  1025  2641 D AudioFlinger: -mAudioHwDevs(r_submix)->setParameters(): mRingerMode=2
06-22 11:23:40.826  1025  2641 D AudioFlinger: +mAudioHwDevs(bluetooth)->setParameters(): mRingerMode=2
06-22 11:23:40.826  1025  2641 D DeviceHalAidl: [bluetooth] setParameters: parameters: "mRingerMode=2"
06-22 11:23:40.826  1040  1040 D Audio_ParameterParser: parseVendorParameters: scope: MODULE, keys/values: mRingerMode=2
06-22 11:23:40.826   960  1018 D AHAL_ModuleBluetooth: setVendorParameters: parameter count 1, async: 0
06-22 11:23:40.826   960  1018 D AHAL_ModuleBluetooth: setVendorParameters: mRingerMode=2
06-22 11:23:40.826  1045  1537 W libc    : Access denied finding property "ro.vendor.display.max_hdr_luminance"
06-22 11:23:40.826  1025  2641 D AudioFlinger: -mAudioHwDevs(bluetooth)->setParameters(): mRingerMode=2
06-22 11:23:40.828  2402  2402 D VolumePanelViewController_true: onStateChanged 
06-22 11:23:40.828  2402  2402 I VolumeShowHideAnimator: isRunning: false, mExpanded: false
06-22 11:23:40.828  2402  2402 I VolumeExpandCollapsedAnimator: isRunning: false, mExpanded: false
06-22 11:23:40.828  2402  2402 I VolumePanelViewController_true: onStateChangedH: activeStream: -1, mActiveStream: -1, animating: false, mNeedShowDialog: true, mVolumeView.isShown: false
06-22 11:23:40.828  2402  2402 I VolumePanelViewController_true: updateRingerH isSilent: false, --- isZenMuted : false  ringerModeInternal : 2
06-22 11:23:40.828  2402  2402 D VolumePanelViewController_false: onStateChanged 
06-22 11:23:40.828  2402  2402 I VolumeShowHideAnimator: isRunning: false, mExpanded: false
06-22 11:23:40.828  2402  2402 I VolumeExpandCollapsedAnimator: isRunning: false, mExpanded: false
06-22 11:23:40.828  2402  3179 I VolumeSliderController: syncVolumeRange 15 0 15000 0 1000 15 14
06-22 11:23:40.829  2402  2402 I VolumePanelViewController_false: updateRingerH isSilent: false, --- isZenMuted : false  ringerModeInternal : 2
06-22 11:23:40.829  2402  3179 D VolumeSliderController: onReceive: action: android.media.STREAM_DEVICES_CHANGED_ACTION, streamType: 3, mutedMode: false
06-22 11:23:40.829  2402  2402 D MiPlayDetailViewModel: mSystemVolumeReceiver.onReceive(): time cost = 0
06-22 11:23:40.830  2388  2388 I WtSarControl: onReceive action = android.media.STREAM_DEVICES_CHANGED_ACTION
06-22 11:23:40.830  2388  2388 D WtSarControl: yuanwu1.wt,rfCheckPoint,Start!
06-22 11:23:40.830  2388  2388 D WtSarControl: yuanwu1.wt,rfCheckPoint,isRfCheckPointInsertWork = 0,mRuleDataCur.is_rfcheckpoint_insert = 0
06-22 11:23:40.830  2388  2388 I WtSarControl: handleHeadsetAction streamType = 0
06-22 11:23:40.830  2388  2388 I WtSarControl: handleHeadsetAction device = 2
06-22 11:23:40.830  2388  2388 I WtSarControl: STREAM_DEVICES_CHANGED_ACTION : false
06-22 11:23:40.830  2402  2402 D VolumePanelViewController_false: currentDevice=2, deviceForMusic=0, phoneCall=false, miplayHardwareType=0
06-22 11:23:40.831  2402  2402 D VolumePanelViewController_true: currentDevice=2, deviceForMusic=0, phoneCall=false, miplayHardwareType=0
06-22 11:23:40.831  2402  3051 I vol.Events: writeEvent level_changed STREAM_VOICE_CALL 8
06-22 11:23:40.832  2402  2402 D MiPlayDetailViewModel: mSystemVolumeReceiver.onReceive(): time cost = 0
06-22 11:23:40.832  2402  2402 D VolumePanelViewController_true: onStateChanged 
06-22 11:23:40.832  2402  2402 I VolumeShowHideAnimator: isRunning: false, mExpanded: false
06-22 11:23:40.832  2402  2402 I VolumeExpandCollapsedAnimator: isRunning: false, mExpanded: false
06-22 11:23:40.832  2402  2402 I VolumePanelViewController_true: onStateChangedH: activeStream: -1, mActiveStream: -1, animating: false, mNeedShowDialog: true, mVolumeView.isShown: false
06-22 11:23:40.833  2402  2402 D VolumePanelViewController_true: updateVolumeColumnH: stream: 0, level: 8, levelMax: 11, mAutomute: true, streamMuted: false, tracking: false
06-22 11:23:40.833  2402  2402 D VolumePanelViewController_true: updateVolumeColumnSliderH: stream: 0, mActiveStream: -1, streamMute: false, vlevel: 8, level: 11, progress: 11000, newProgress: 8000, columnVisible: false, inGracePeriod: false, sliderChangeIsNeedAnim: true
06-22 11:23:40.833  2402  2402 D MIUI_VolumeColumn: Send slider ratio! stream: 0 sliderRatio: 0.72727275
06-22 11:23:40.833  2402  2402 I VolumePanelViewController_true: updateRingerH isSilent: false, --- isZenMuted : false  ringerModeInternal : 2
06-22 11:23:40.833  2402  2402 D VolumePanelViewController_false: onStateChanged 
06-22 11:23:40.833  2402  2402 I VolumeShowHideAnimator: isRunning: false, mExpanded: false
06-22 11:23:40.833  2402  2402 I VolumeExpandCollapsedAnimator: isRunning: false, mExpanded: false
06-22 11:23:40.834  2402  2402 D VolumePanelViewController_false: updateVolumeColumnSliderH: stream: 0, mActiveStream: -1, streamMute: false, vlevel: 8, level: 11, progress: 11000, newProgress: 8000, columnVisible: false, inGracePeriod: false, sliderChangeIsNeedAnim: true
06-22 11:23:40.834  2402  2402 D MIUI_VolumeColumn: Send slider ratio! stream: 0 sliderRatio: 0.72727275
06-22 11:23:40.834  2402  2402 I VolumePanelViewController_false: updateRingerH isSilent: false, --- isZenMuted : false  ringerModeInternal : 2
06-22 11:23:40.834  2388  2388 I WtSarControl: onReceive action = android.media.STREAM_DEVICES_CHANGED_ACTION
06-22 11:23:40.834  2388  2388 D WtSarControl: yuanwu1.wt,rfCheckPoint,Start!
06-22 11:23:40.835  2388  2388 D WtSarControl: yuanwu1.wt,rfCheckPoint,isRfCheckPointInsertWork = 0,mRuleDataCur.is_rfcheckpoint_insert = 0
06-22 11:23:40.835  2388  2388 I WtSarControl: handleHeadsetAction streamType = 8
06-22 11:23:40.835  2388  2388 I WtSarControl: handleHeadsetAction device = 2
06-22 11:23:40.835  2388  2388 I WtSarControl: STREAM_DEVICES_CHANGED_ACTION : false
06-22 11:23:40.835  2402  2402 D VolumePanelViewController_true: currentDevice=2, deviceForMusic=0, phoneCall=false, miplayHardwareType=0
06-22 11:23:40.836  1025  2641 V AudioPolicyInterfaceImpl: setForceUse()
06-22 11:23:40.836  1025  2641 D APM_AudioPolicyManager: [MTK_APM_Route]setForceUse() usage 7, config 0, mPhoneState 3
06-22 11:23:40.836  1025  2641 D AudioPolicyInterfaceImpl: ->Debug: setForceUse: 413: setForceUse usage = 7, config = 0, changed = 0
06-22 11:23:40.836  2402  2402 D MiPlayDetailViewModel: mSystemVolumeReceiver.onReceive(): time cost = 0
06-22 11:23:40.836  2388  2388 I WtSarControl: onReceive action = android.media.STREAM_DEVICES_CHANGED_ACTION
06-22 11:23:40.836  1673  2818 W ActivityManagerServiceImpl: Sending non-protected broadcast android.intent.action.SAR_CURDSI_UPDATE from system 2388:com.android.phone/1001 pkg com.android.phone. Callers=
06-22 11:23:40.836  2388  2388 D WtSarControl: yuanwu1.wt,rfCheckPoint,Start!
06-22 11:23:40.837  2388  2388 D WtSarControl: yuanwu1.wt,rfCheckPoint,isRfCheckPointInsertWork = 0,mRuleDataCur.is_rfcheckpoint_insert = 0
06-22 11:23:40.837  2388  5124 I WtSarControl: AdjustTXCommand mPhone: Handler (com.mediatek.internal.telephony.MtkGsmCdmaPhone) {22e9db3}
06-22 11:23:40.837  2388  2388 I WtSarControl: handleHeadsetAction streamType = 10
06-22 11:23:40.837  2388  5124 I WtSarControl: AT_ERFIDX_set: AT+ERFIDX=1,3
06-22 11:23:40.837  2388  2388 I WtSarControl: handleHeadsetAction device = 2
06-22 11:23:40.837  2388  2388 I WtSarControl: STREAM_DEVICES_CHANGED_ACTION : false
06-22 11:23:40.838  1025  1172 V AudioPolicyInterfaceImpl: setForceUse()
06-22 11:23:40.838  1025  1172 D APM_AudioPolicyManager: [MTK_APM_Route]setForceUse() usage 7, config 0, mPhoneState 3
06-22 11:23:40.838  1025  1172 D AudioPolicyInterfaceImpl: ->Debug: setForceUse: 413: setForceUse usage = 7, config = 0, changed = 0
06-22 11:23:40.839  2402  2402 I DeviceUtils: getComputilityLevel(): 2
06-22 11:23:40.839  2402  2402 I DeviceUtils: getComputilityLevel(): 2
06-22 11:23:40.839  2402  2402 I DeviceUtils: getComputilityLevel(): 2
06-22 11:23:40.839  2402  2402 D VolumePanelViewController_false: currentDevice=2, deviceForMusic=0, phoneCall=false, miplayHardwareType=0
06-22 11:23:40.840  2388  5124 I WtSarControl: handContrlSar: setCellDSI = 3
06-22 11:23:40.852  2388  2388 I WtSarControl: mHandler msg.obj : android.os.AsyncResult@d8d6896
06-22 11:23:40.852  2388  2388 I WtSarControl: mHandler ar.result : [Ljava.lang.String;@5176c17
06-22 11:23:40.852  2388  2388 I WtSarControl: update realSar = 3
06-22 11:23:40.852  2388  2388 I WtSarControl: AT_ERFIDX_get
06-22 11:23:40.868  2388  2388 I WtSarControl: mHandler2 msg.obj : android.os.AsyncResult@eb23804
06-22 11:23:40.868  2388  2388 I WtSarControl: mHandler2 arGet.result : [Ljava.lang.String;@60b41ed
06-22 11:23:40.868  2388  2388 I WtSarControl: data.length : 1
06-22 11:23:40.868  2388  2388 I WtSarControl: data[i] : +ERFIDX: 32767,3
06-22 11:23:40.880  2388  2388 I WtSarControl: getSarValue : 3  i.length : 16
06-22 11:23:40.881  1673  2817 W ActivityManagerServiceImpl: Sending non-protected broadcast android.intent.action.SAR_REALDSI_UPDATE from system 2388:com.android.phone/1001 pkg com.android.phone. Callers=
06-22 11:23:40.903  6972  7017 D JavaheapMonitor: Java heap used=24M max=256M, proc: com.google.android.gms.persistent
06-22 11:23:40.903  6972  7017 V JavaheapMonitor: Check java heap usage finished! Next check delay: 300000
06-22 11:23:40.986 30727 30727 I DIBAY_WebView: webview_console_message level=LOG line=348 source= msg=%cnative %cDibayCallAudioRoute.getCurrentRoute (#9363480) font-weight: lighter; color: gray font-weight: bold; color: #000
06-22 11:23:40.987 30727 30727 I DIBAY_WebView: webview_console_message level=LOG line=349 source= msg=[object Object]
06-22 11:23:40.987 30727 30727 I Capacitor/Console: File:  - Line 349 - Msg: [object Object]
06-22 11:23:40.988 30727 30727 I DIBAY_WebView: webview_console_message level=LOG line=350 source= msg=console.groupEnd
06-22 11:23:40.991 30727 30727 V Capacitor/Plugin: To native (Capacitor plugin): callbackId: 9363480, pluginId: DibayCallAudioRoute, methodName: getCurrentRoute
06-22 11:23:40.992 30727 30727 V Capacitor: callback: 9363480, pluginId: DibayCallAudioRoute, methodName: getCurrentRoute, methodData: {}
06-22 11:23:40.993  1673  2817 D AS.BtHelper: isBluetoothScoOn() mBluetoothHeadset is null: truemBluetoothHeadsetDevice is null: true
06-22 11:23:40.994  1673  2817 V AS.AudioDeviceBroker: requestedCommunicationDevice: AudioDeviceAttributes: role:output type:speaker addr: name:24076RP19G profiles:[{ENCODING_PCM_16BIT, sampling rates=[44100, 48000], channel masks=0x0C, encapsulation type=0}, {ENCODING_PCM_32BIT, sampling rates=[44100, 48000], channel masks=0x0C, encapsulation type=0}, {ENCODING_PCM_FLOAT, sampling rates=[44100, 48000], channel masks=0x0C, encapsulation type=0}] descriptors:[] mode owner pid: 30727 crc: [CommunicationRouteClient: mAttributionSource: android.content.AttributionSource@444df5cc mDevice: AudioDeviceAttributes: role:output type:speaker addr: name:24076RP19G profiles:[{ENCODING_PCM_16BIT, sampling rates=[44100, 48000], channel masks=0x0C, encapsulation type=0}, {ENCODING_PCM_32BIT, sampling rates=[44100, 48000], channel masks=0x0C, encapsulation type=0}, {ENCODING_PCM_FLOAT, sampling rates=[44100, 48000], channel masks=0x0C, encapsulation type=0}] descriptors:[] mIsPrivileged: false mPlaybackActive: true mRecordingActive: false mDisabled: false]
06-22 11:23:40.994  1673  2817 V AS.AudioDeviceBroker: requestedCommunicationDevice crc.pid: 30727 crc.uid: 10307 crc.Cb: android.os.BinderProxy@afcb4a7
06-22 11:23:40.999 30727 30727 I DIBAY_WebView: webview_console_message level=LOG line=328 source= msg=%cresult %cDibayCallAudioRoute.getCurrentRoute (#9363480) font-style: italic; font-weight: lighter; color: gray font-style: italic; font-weight: bold; color: #444
06-22 11:23:41.000 30727 30727 I DIBAY_WebView: webview_console_message level=LOG line=333 source= msg={"requestedSpeaker":false,"applied":false,"actualRoute":"speaker","externalDeviceConnected":false,"api":"noop","reason":"get_current_route"}
06-22 11:23:41.000 30727 30727 I Capacitor/Console: File:  - Line 333 - Msg: {"requestedSpeaker":false,"applied":false,"actualRoute":"speaker","externalDeviceConnected":false,"api":"noop","reason":"get_current_route"}
06-22 11:23:41.001 30727 30727 I DIBAY_WebView: webview_console_message level=LOG line=335 source= msg=console.groupEnd
06-22 11:23:41.001 30727 30727 I DIBAY_WebView: webview_console_message level=LOG line=1 source=https://samarket.vercel.app/_next/static/chunks/2b4e86e454ae7a77.js msg=[call-audio-route] verify_after_join [object Object]
06-22 11:23:41.002 30727 30727 I Capacitor/Console: File: https://samarket.vercel.app/_next/static/chunks/2b4e86e454ae7a77.js - Line 1 - Msg: [call-audio-route] verify_after_join [object Object]
06-22 11:23:41.005   960  6472 D DlbDap2Process: process() called [795000] times with input format 0x22 and channel mask 0x3 (ProcessingMode=10), htEnable=0(0, 0, 0)
06-22 11:23:41.027  1045  1537 W libc    : Access denied finding property "ro.vendor.display.max_hdr_luminance"
06-22 11:23:41.105  1045  1045 I BufferQueueProducer: [com.dibay.app/com.dibay.app.MainActivity#31171](this:0xb400007acb0e2610,id:-1,api:0,p:-1,c:1045) queueBuffer: fps=39.43 dur=1014.50 max=320.29 min=15.87
06-22 11:23:41.146  1673  1939 I AS.AudioService: onUpdateContextualVolumes: absolute volume driving streams 0 avrcp supported: false
06-22 11:23:41.245  1045  1537 W libc    : Access denied finding property "ro.vendor.display.max_hdr_luminance"
06-22 11:23:41.247  1226  1640 D ULogGuard: Monitoring: 7 threads, 0 requests, 0 time-bombs; 15 guards. ResetFlags = 0x7
06-22 11:23:41.280  1004  1077 I libPerfCtl: xgfGetFPS pid:1045 fps:-1
06-22 11:23:41.281  1004  1077 I libPerfCtl: xgfGetFPS pid:2402 fps:-1
06-22 11:23:41.281  1004  1077 I libPerfCtl: xgfGetFPS pid:30727 fps:-1
06-22 11:23:41.412 25107 25188 D JavaheapMonitor: Java heap used=13M max=512M, proc: com.google.android.googlequicksearchbox:googleapp
06-22 11:23:41.412 25107 25188 V JavaheapMonitor: Check java heap usage finished! Next check delay: 300000
06-22 11:23:41.428  1673  1998 E CamOpt_Service: No CPU temp nodes available
06-22 11:23:41.480  1045  1537 W libc    : Access denied finding property "ro.vendor.display.max_hdr_luminance"
06-22 11:23:41.487  1673  1907 D MiuiWifiCommonBase: band: 1, compensate: 0
06-22 11:23:41.489  1673  1907 E AmlWifiScoreReportInjector: AmlWifiScoreReportInjector was cleared
06-22 11:23:41.489  1673  1907 D WifiOptimizationImpl: AmlWifiScoreReportInjector.get() = null, stop reportTxBadOrRetryEvent
06-22 11:23:41.508   970   982 I hwcomposer: [HWCDisplay] (0 updateFps():3644), (type:1, mode:2) fps:52.157520,dur:1016.15,max:34.73,min:15.28  
06-22 11:23:41.679  1241  1241 I thermal_src: recvmsg_expect 5, but get 2 
06-22 11:23:41.679  1241  1241 V thermal_src: TA_DAEMON_CMD_GET_TPCB:ERROR ret=-1
06-22 11:23:41.679  1241  1241 E thermal_src: get_tpcb_from_kernel:error -1. retry...
06-22 11:23:41.679  1241  1241 I thermal_src: recvmsg_expect 5, but get 2 
06-22 11:23:41.679  1241  1241 V thermal_src: TA_DAEMON_CMD_GET_TPCB:ERROR ret=-1
06-22 11:23:41.679  1241  1241 E thermal_src: get_tpcb_from_kernel:error -1. retry...
06-22 11:23:41.679  1241  1241 I thermal_src: recvmsg_expect 4, but get 5 
06-22 11:23:41.679  1241  1241 V thermal_src: TA_DAEMON_CMD_SET_TTJ:ERROR ret=-1
06-22 11:23:41.679  1241  1241 E thermal_src: set_ttj_to_kernel 1:error -1
06-22 11:23:41.679  1241  1241 I thermal_src: recvmsg_expect 2, but get 5 
06-22 11:23:41.679  1241  1241 V thermal_src: waiting NOTIFY from kernel miss, -1
06-22 11:23:41.679  1241  1241 I thermal_src: recvmsg_expect 2, but get 4 
06-22 11:23:41.679  1241  1241 V thermal_src: waiting NOTIFY from kernel miss, -1
06-22 11:23:41.680   960  1431 I android.hardware.audio.service-aidl.mediatek: misoundfx process numSamples: 48
06-22 11:23:41.694  1045  1537 W libc    : Access denied finding property "ro.vendor.display.max_hdr_luminance"
06-22 11:23:41.771 30727  3562 D AudioTrackImpl: [audioTrackData][zero] 1s(f:92 m:3 s:0 k:0 z:1003) : pid 30727 uid 10307 sessionId 50433 sr 48000 ch 2 fmt 5
06-22 11:23:41.776 30727  3566 D AudioTrackImpl: [audioTrackData][zero] 1s(f:0 m:0 s:0 k:0 z:1001) : pid 30727 uid 10307 sessionId 50441 sr 22050 ch 1 fmt 5
06-22 11:23:41.802  4061  4628 W BluetoothMetricsLogger: MetricsLogger isn't initialized
06-22 11:23:41.802  4061  4628 W BluetoothMetricsLogger: MetricsLogger isn't initialized
06-22 11:23:41.802  4061  4628 V BtGatt.ScanController: onScanResult() - eventType=0x0, addressType=1, address=XX:XX:XX:XX:EF:DB, primaryPhy=1, secondaryPhy=1, advertisingSid=0x1, txPower=127, rssi=-40, periodicAdvInt=0x0, originalAddress=00:00:00:00:00:00
06-22 11:23:41.802  4061  4628 V BtGatt.ScanController: Skipping client: permission=true matches=false
06-22 11:23:41.919  2402  2719 D JavaheapMonitor: Java heap used=71M max=256M, proc: com.android.systemui
06-22 11:23:41.919  2402  2719 V JavaheapMonitor: Check java heap usage finished! Next check delay: 180000
06-22 11:23:41.927  1045  1537 W libc    : Access denied finding property "ro.vendor.display.max_hdr_luminance"
06-22 11:23:41.987  1180  1236 I misight : OnEvent EventPrivacyCompliance event=911001001
06-22 11:23:41.987  1180  1236 D misight : ProcessEvent devVersion==OS3.0.302.0.WHYMIXM,faultLevel=2,prv=3 region=eea
06-22 11:23:41.987  1180  1236 I misight : OnEvent EventStorageManager event=911001001,2
06-22 11:23:41.987  1180  1236 D misight : ProcessNewDayEvent event happen time 1782098621,start time=1782057600,restart=1
06-22 11:23:41.988  1180  1236 D misight : ProcessNewDayEvent event happen time 1782098621, last=1782098620,start time=1782057600,next day =1782144000, interval=86400
06-22 11:23:41.988  1180  1236 D misight : Execute start execute sql /data/miuilog/misight/event.db:select id,event_id,daily_cnt,over_cnt,hour_cnt,next_expire_time,last_happen_time,last_log_time from event_daily where event_id = '911001001' limit 1
06-22 11:23:41.989  1180  1236 D misight : DetectDropByTime event 911001001 parser maxCnt=200 lastTime=1782097229 same=0, overCnt=44227,dailyCnt=186,hourCnt=1
06-22 11:23:41.989  1180  1236 I misight : DetectDropEvent event 911001001 over hour cnt drop it, hourCnt=2 halfCnt=1, maxCnt=200 punishSecond=3241,space=1392
06-22 11:23:41.990  1180  1236 D misight : Execute start execute sql /data/miuilog/misight/event.db:update event_daily set  daily_cnt=186, hour_cnt=1, next_expire_time=1782100829, over_cnt=44228, last_happen_time=1782097229, last_log_time=0  where id = '1'
06-22 11:23:41.994  1180  1236 I misight : OnEvent EventInfoPack event 911001001
06-22 11:23:41.995  1180  1236 I misight : OnEvent EventPrivacyCompliance event=811001001
06-22 11:23:41.995  1180  1236 D misight : ProcessEvent devVersion==OS3.0.302.0.WHYMIXM,faultLevel=2,prv=3 region=eea
06-22 11:23:41.996  1180  1236 I misight : OnEvent EventStorageManager event=811001001,3
06-22 11:23:41.996  1180  1236 D misight : ProcessNewDayEvent event happen time 1782098621,start time=1782057600,restart=1
06-22 11:23:41.996  1180  1236 D misight : ProcessNewDayEvent event happen time 1782098621, last=1782098621,start time=1782057600,next day =1782144000, interval=86400
06-22 11:23:41.996  1180  1236 D misight : Execute start execute sql /data/miuilog/misight/event.db:select id,event_id,daily_cnt,over_cnt,hour_cnt,next_expire_time,last_happen_time,last_log_time from event_daily where event_id = '811001001' limit 1
06-22 11:23:41.997  1180  1236 D misight : DetectDropByTime event 811001001 parser maxCnt=200 lastTime=1782097229 same=0, overCnt=44227,dailyCnt=186,hourCnt=1
06-22 11:23:41.997  1180  1236 I misight : DetectDropEvent event 811001001 over hour cnt drop it, hourCnt=2 halfCnt=1, maxCnt=200 punishSecond=3241,space=1392
06-22 11:23:41.997  1180  1236 D misight : Execute start execute sql /data/miuilog/misight/event.db:update event_daily set  daily_cnt=186, hour_cnt=1, next_expire_time=1782100829, over_cnt=44228, last_happen_time=1782097229, last_log_time=0  where id = '2'
06-22 11:23:41.999  1180  1236 I misight : OnEvent EventInfoPack event 811001001
06-22 11:23:42.021 30727 30727 I DIBAY_WebView: webview_console_message level=LOG line=348 source= msg=%cnative %cDibayCallAudioRoute.getCurrentRoute (#9363481) font-weight: lighter; color: gray font-weight: bold; color: #000
06-22 11:23:42.021 30727 30727 I DIBAY_WebView: webview_console_message level=LOG line=349 source= msg=[object Object]
06-22 11:23:42.022 30727 30727 I Capacitor/Console: File:  - Line 349 - Msg: [object Object]
06-22 11:23:42.023 30727 30727 I DIBAY_WebView: webview_console_message level=LOG line=350 source= msg=console.groupEnd
06-22 11:23:42.042 30727 30727 V Capacitor/Plugin: To native (Capacitor plugin): callbackId: 9363481, pluginId: DibayCallAudioRoute, methodName: getCurrentRoute
06-22 11:23:42.042 30727 30727 V Capacitor: callback: 9363481, pluginId: DibayCallAudioRoute, methodName: getCurrentRoute, methodData: {}
06-22 11:23:42.043  1673  2817 D AS.BtHelper: isBluetoothScoOn() mBluetoothHeadset is null: truemBluetoothHeadsetDevice is null: true
06-22 11:23:42.044  1673  2817 V AS.AudioDeviceBroker: requestedCommunicationDevice: AudioDeviceAttributes: role:output type:speaker addr: name:24076RP19G profiles:[{ENCODING_PCM_16BIT, sampling rates=[44100, 48000], channel masks=0x0C, encapsulation type=0}, {ENCODING_PCM_32BIT, sampling rates=[44100, 48000], channel masks=0x0C, encapsulation type=0}, {ENCODING_PCM_FLOAT, sampling rates=[44100, 48000], channel masks=0x0C, encapsulation type=0}] descriptors:[] mode owner pid: 30727 crc: [CommunicationRouteClient: mAttributionSource: android.content.AttributionSource@444df5cc mDevice: AudioDeviceAttributes: role:output type:speaker addr: name:24076RP19G profiles:[{ENCODING_PCM_16BIT, sampling rates=[44100, 48000], channel masks=0x0C, encapsulation type=0}, {ENCODING_PCM_32BIT, sampling rates=[44100, 48000], channel masks=0x0C, encapsulation type=0}, {ENCODING_PCM_FLOAT, sampling rates=[44100, 48000], channel masks=0x0C, encapsulation type=0}] descriptors:[] mIsPrivileged: false mPlaybackActive: true mRecordingActive: false mDisabled: false]
06-22 11:23:42.044  1673  2817 V AS.AudioDeviceBroker: requestedCommunicationDevice crc.pid: 30727 crc.uid: 10307 crc.Cb: android.os.BinderProxy@afcb4a7
06-22 11:23:42.083 30727 30727 I DIBAY_WebView: webview_console_message level=LOG line=328 source= msg=%cresult %cDibayCallAudioRoute.getCurrentRoute (#9363481) font-style: italic; font-weight: lighter; color: gray font-style: italic; font-weight: bold; color: #444
06-22 11:23:42.084 30727 30727 I DIBAY_WebView: webview_console_message level=LOG line=333 source= msg={"requestedSpeaker":false,"applied":false,"actualRoute":"speaker","externalDeviceConnected":false,"api":"noop","reason":"get_current_route"}
06-22 11:23:42.085 30727 30727 I Capacitor/Console: File:  - Line 333 - Msg: {"requestedSpeaker":false,"applied":false,"actualRoute":"speaker","externalDeviceConnected":false,"api":"noop","reason":"get_current_route"}
06-22 11:23:42.085 30727 30727 I DIBAY_WebView: webview_console_message level=LOG line=335 source= msg=console.groupEnd
06-22 11:23:42.085 30727 30727 I DIBAY_WebView: webview_console_message level=LOG line=1 source=https://samarket.vercel.app/_next/static/chunks/2b4e86e454ae7a77.js msg=[call-audio-route] verify_after_join [object Object]
06-22 11:23:42.086 30727 30727 I Capacitor/Console: File: https://samarket.vercel.app/_next/static/chunks/2b4e86e454ae7a77.js - Line 1 - Msg: [call-audio-route] verify_after_join [object Object]
06-22 11:23:42.087 30727 30727 I DIBAY_WebView: webview_console_message level=LOG line=1 source=https://samarket.vercel.app/_next/static/chunks/2b4e86e454ae7a77.js msg=[call-audio-route] apply_done [object Object]
06-22 11:23:42.088 30727 30727 I Capacitor/Console: File: https://samarket.vercel.app/_next/static/chunks/2b4e86e454ae7a77.js - Line 1 - Msg: [call-audio-route] apply_done [object Object]
06-22 11:23:42.106  1045  1045 I BufferQueueProducer: [com.dibay.app/com.dibay.app.MainActivity#31171](this:0xb400007acb0e2610,id:-1,api:0,p:-1,c:1045) queueBuffer: fps=45.95 dur=1001.07 max=33.81 min=15.21
06-22 11:23:42.164  1045  1537 W libc    : Access denied finding property "ro.vendor.display.max_hdr_luminance"
06-22 11:23:42.281  1004  1077 I libPerfCtl: xgfGetFPS pid:2402 fps:-1
06-22 11:23:42.281  1004  1077 I libPerfCtl: xgfGetFPS pid:30727 fps:-1
06-22 11:23:42.397  1045  1537 W libc    : Access denied finding property "ro.vendor.display.max_hdr_luminance"
06-22 11:23:42.476  1139  1251 D connsyslogger: SD_LOG_ROOT is /data/debuglogger/connsyslog/fw.
06-22 11:23:42.479  1139  1251 D connsyslogger: systemReady:1
06-22 11:23:42.499  5332  6188 D JavaheapMonitor: Java heap used=4M max=256M, proc: com.xiaomi.xmsf
06-22 11:23:42.501  5332  6188 V JavaheapMonitor: Check java heap usage finished! Next check delay: 300000
06-22 11:23:42.524  6058  6781 D JavaheapMonitor: Java heap used=2M max=256M, proc: com.lbe.security.miui
06-22 11:23:42.524  6058  6781 V JavaheapMonitor: Check java heap usage finished! Next check delay: 300000
06-22 11:23:42.528   970   982 I hwcomposer: [HWCDisplay] (0 updateFps():3644), (type:1, mode:2) fps:46.063011,dur:1020.34,max:35.94,min:14.87  
06-22 11:23:42.593   960  1431 I android.hardware.audio.service-aidl.mediatek: misoundfx process numSamples: 48
06-22 11:23:42.611  1045  1537 W libc    : Access denied finding property "ro.vendor.display.max_hdr_luminance"
06-22 11:23:42.769 30727  3562 D AudioTrackImpl: [audioTrackData][zero] 2s(f:92 m:3 s:0 k:0 z:2000) : pid 30727 uid 10307 sessionId 50433 sr 48000 ch 2 fmt 5
06-22 11:23:42.775 30727  3566 D AudioTrackImpl: [audioTrackData][zero] 2s(f:0 m:0 s:0 k:0 z:2000) : pid 30727 uid 10307 sessionId 50441 sr 22050 ch 1 fmt 5
06-22 11:23:42.778  1673  1673 D MBrainLocalService: isVendorFreezeConditionPass is false
06-22 11:23:42.778  1673  1673 D MBrainLocalService: notifyAudioModeChange failed
06-22 11:23:42.828  1045  1537 W libc    : Access denied finding property "ro.vendor.display.max_hdr_luminance"
06-22 11:23:42.829  1673  2817 D PerfShielderService: com.dibay.app|com.dibay.app/com.dibay.app.MainActivity|2738|651038285830573|313|5|118
06-22 11:23:42.830  3805 16069 W MiuiPerfServiceClient: interceptAndQueuing:30727|com.dibay.app|2738|313|651038285830573|Slow issue draw commands|118
06-22 11:23:43.045  1045  1537 W libc    : Access denied finding property "ro.vendor.display.max_hdr_luminance"
06-22 11:23:43.107  1045  1045 I BufferQueueProducer: [com.dibay.app/com.dibay.app.MainActivity#31171](this:0xb400007acb0e2610,id:-1,api:0,p:-1,c:1045) queueBuffer: fps=43.97 dur=1000.74 max=34.29 min=15.89
06-22 11:23:43.227 23156 23912 D JavaheapMonitor: Java heap used=3M max=512M, proc: com.android.camera
06-22 11:23:43.227 23156 23912 V JavaheapMonitor: Check java heap usage finished! Next check delay: 300000
06-22 11:23:43.262  1045  1537 W libc    : Access denied finding property "ro.vendor.display.max_hdr_luminance"
06-22 11:23:43.281  1004  1077 I libPerfCtl: xgfGetFPS pid:2402 fps:-1
06-22 11:23:43.281  1004  1077 I libPerfCtl: xgfGetFPS pid:30727 fps:-1
06-22 11:23:43.363  6488  6566 D JavaheapMonitor: Java heap used=27M max=256M, proc: com.google.android.gms
06-22 11:23:43.363  6488  6566 V JavaheapMonitor: Check java heap usage finished! Next check delay: 300000
06-22 11:23:43.432  1673  1713 E BLASTSyncEngine: WM sent Transaction (#2618, Transition-OPEN, tx=7185480440048) to organizer, but never received commit callback. Application ANR likely to follow.
06-22 11:23:43.495  1045  1537 W libc    : Access denied finding property "ro.vendor.display.max_hdr_luminance"
06-22 11:23:43.505   960  1418 I android.hardware.audio.service-aidl.mediatek: misoundfx process numSamples: 480
06-22 11:23:43.547  1673  1922 D InetDiagMessage: Destroyed 0 sockets, proto=IPPROTO_TCP, family=AF_INET, states=14
06-22 11:23:43.549  1673  1922 D InetDiagMessage: Destroyed 0 sockets, proto=IPPROTO_TCP, family=AF_INET6, states=14
06-22 11:23:43.549  1673  1922 D InetDiagMessage: Destroyed live tcp sockets for uids={10166} in 4ms
06-22 11:23:43.552  1673  1922 D InetDiagMessage: Destroyed 0 sockets, proto=IPPROTO_TCP, family=AF_INET, states=14
06-22 11:23:43.554  1673  1922 D InetDiagMessage: Destroyed 0 sockets, proto=IPPROTO_TCP, family=AF_INET6, states=14
06-22 11:23:43.554  1673  1922 D InetDiagMessage: Destroyed live tcp sockets for uids={20166} in 4ms
06-22 11:23:43.561   970   982 I hwcomposer: [HWCDisplay] (0 updateFps():3644), (type:1, mode:2) fps:45.526791,dur:1032.36,max:34.79,min:14.03  
06-22 11:23:43.615 18757 23545 D JavaheapMonitor: Java heap used=10M max=256M, proc: com.android.vending
06-22 11:23:43.615 18757 23545 V JavaheapMonitor: Check java heap usage finished! Next check delay: 300000
06-22 11:23:43.671   960  6472 D DlbDap2Process: process() called [795500] times with input format 0x22 and channel mask 0x3 (ProcessingMode=10), htEnable=0(0, 0, 0)
06-22 11:23:43.679  1241  1241 I thermal_src: recvmsg_expect 4, but get 2 
06-22 11:23:43.679  1241  1241 V thermal_src: TA_DAEMON_CMD_SET_TTJ:ERROR ret=-1
06-22 11:23:43.679  1241  1241 E thermal_src: set_ttj_to_kernel 1:error -1
06-22 11:23:43.679  1241  1241 I thermal_src: recvmsg_expect 2, but get 4 
06-22 11:23:43.679  1241  1241 V thermal_src: waiting NOTIFY from kernel miss, -1
06-22 11:23:43.679  1241  1241 I thermal_src: recvmsg_expect 5, but get 2 
06-22 11:23:43.679  1241  1241 V thermal_src: TA_DAEMON_CMD_GET_TPCB:ERROR ret=-1
06-22 11:23:43.679  1241  1241 E thermal_src: get_tpcb_from_kernel:error -1. retry...
06-22 11:23:43.679  1241  1241 I thermal_src: recvmsg_expect 4, but get 5 
06-22 11:23:43.679  1241  1241 V thermal_src: TA_DAEMON_CMD_SET_TTJ:ERROR ret=-1
06-22 11:23:43.679  1241  1241 E thermal_src: set_ttj_to_kernel 1:error -1
06-22 11:23:43.679  1241  1241 I thermal_src: recvmsg_expect 2, but get 4 
06-22 11:23:43.679  1241  1241 V thermal_src: waiting NOTIFY from kernel miss, -1
06-22 11:23:43.696  1045  1537 W libc    : Access denied finding property "ro.vendor.display.max_hdr_luminance"
06-22 11:23:43.784 30727  3566 D AudioTrackImpl: [audioTrackData][zero] 3s(f:0 m:0 s:0 k:0 z:3008) : pid 30727 uid 10307 sessionId 50441 sr 22050 ch 1 fmt 5
06-22 11:23:43.916  1045  1537 W libc    : Access denied finding property "ro.vendor.display.max_hdr_luminance"
06-22 11:23:44.038  1180  1236 I misight : OnEvent EventPrivacyCompliance event=911001001
06-22 11:23:44.038  1180  1236 D misight : ProcessEvent devVersion==OS3.0.302.0.WHYMIXM,faultLevel=2,prv=3 region=eea
06-22 11:23:44.039  1180  1236 I misight : OnEvent EventStorageManager event=911001001,2
06-22 11:23:44.039  1180  1236 D misight : ProcessNewDayEvent event happen time 1782098624,start time=1782057600,restart=1
06-22 11:23:44.039  1180  1236 D misight : ProcessNewDayEvent event happen time 1782098624, last=1782098621,start time=1782057600,next day =1782144000, interval=86400
06-22 11:23:44.039  1180  1236 D misight : Execute start execute sql /data/miuilog/misight/event.db:select id,event_id,daily_cnt,over_cnt,hour_cnt,next_expire_time,last_happen_time,last_log_time from event_daily where event_id = '911001001' limit 1
06-22 11:23:44.039  1180  1236 D misight : DetectDropByTime event 911001001 parser maxCnt=200 lastTime=1782097229 same=0, overCnt=44228,dailyCnt=186,hourCnt=1
06-22 11:23:44.039  1180  1236 I misight : DetectDropEvent event 911001001 over hour cnt drop it, hourCnt=2 halfCnt=1, maxCnt=200 punishSecond=3241,space=1395
06-22 11:23:44.039  1180  1236 D misight : Execute start execute sql /data/miuilog/misight/event.db:update event_daily set  daily_cnt=186, hour_cnt=1, next_expire_time=1782100829, over_cnt=44229, last_happen_time=1782097229, last_log_time=0  where id = '1'
06-22 11:23:44.041  1180  1236 I misight : OnEvent EventInfoPack event 911001001
06-22 11:23:44.046  1180  1236 I misight : OnEvent EventPrivacyCompliance event=811001001
06-22 11:23:44.046  1180  1236 D misight : ProcessEvent devVersion==OS3.0.302.0.WHYMIXM,faultLevel=2,prv=3 region=eea
06-22 11:23:44.047  1180  1236 I misight : OnEvent EventStorageManager event=811001001,3
06-22 11:23:44.047  1180  1236 D misight : ProcessNewDayEvent event happen time 1782098624,start time=1782057600,restart=1
06-22 11:23:44.047  1180  1236 D misight : ProcessNewDayEvent event happen time 1782098624, last=1782098624,start time=1782057600,next day =1782144000, interval=86400
06-22 11:23:44.047  1180  1236 D misight : Execute start execute sql /data/miuilog/misight/event.db:select id,event_id,daily_cnt,over_cnt,hour_cnt,next_expire_time,last_happen_time,last_log_time from event_daily where event_id = '811001001' limit 1
06-22 11:23:44.047  1180  1236 D misight : DetectDropByTime event 811001001 parser maxCnt=200 lastTime=1782097229 same=0, overCnt=44228,dailyCnt=186,hourCnt=1
06-22 11:23:44.047  1180  1236 I misight : DetectDropEvent event 811001001 over hour cnt drop it, hourCnt=2 halfCnt=1, maxCnt=200 punishSecond=3241,space=1395
06-22 11:23:44.047  1180  1236 D misight : Execute start execute sql /data/miuilog/misight/event.db:update event_daily set  daily_cnt=186, hour_cnt=1, next_expire_time=1782100829, over_cnt=44229, last_happen_time=1782097229, last_log_time=0  where id = '2'
06-22 11:23:44.048  1180  1236 I misight : OnEvent EventInfoPack event 811001001
06-22 11:23:44.108  1045  1045 I BufferQueueProducer: [com.dibay.app/com.dibay.app.MainActivity#31171](this:0xb400007acb0e2610,id:-1,api:0,p:-1,c:1045) queueBuffer: fps=45.97 dur=1000.61 max=33.63 min=16.00
06-22 11:23:44.130  1045  1537 W libc    : Access denied finding property "ro.vendor.display.max_hdr_luminance"
06-22 11:23:44.209 30727  3562 D AudioTrackImpl: [audioTrackData][zero] 1s(f:460 m:3 s:0 k:0 z:1002) : pid 30727 uid 10307 sessionId 50433 sr 48000 ch 2 fmt 5
06-22 11:23:44.248  1226  1640 D ULogGuard: Monitoring: 7 threads, 0 requests, 0 time-bombs; 15 guards. ResetFlags = 0x7
06-22 11:23:44.281  1004  1077 I libPerfCtl: xgfGetFPS pid:2402 fps:-1
06-22 11:23:44.281  1004  1077 I libPerfCtl: xgfGetFPS pid:30727 fps:-1
06-22 11:23:44.363  1045  1537 W libc    : Access denied finding property "ro.vendor.display.max_hdr_luminance"
06-22 11:23:44.411   960  1431 I android.hardware.audio.service-aidl.mediatek: misoundfx process numSamples: 48
06-22 11:23:44.479  1139  1251 D connsyslogger: SD_LOG_ROOT is /data/debuglogger/connsyslog/fw.
06-22 11:23:44.479  1139  1251 D connsyslogger: systemReady:1
06-22 11:23:44.501  1673  1907 D MiuiWifiCommonBase: band: 1, compensate: 0
06-22 11:23:44.503  1673  1907 E AmlWifiScoreReportInjector: AmlWifiScoreReportInjector was cleared
06-22 11:23:44.503  1673  1907 D WifiOptimizationImpl: AmlWifiScoreReportInjector.get() = null, stop reportTxBadOrRetryEvent
06-22 11:23:44.578   970   982 I hwcomposer: [HWCDisplay] (0 updateFps():3644), (type:1, mode:2) fps:48.189339,dur:1016.82,max:34.81,min:13.98  
06-22 11:23:44.596  1045  1537 W libc    : Access denied finding property "ro.vendor.display.max_hdr_luminance"
06-22 11:23:44.779 30727  3566 D AudioTrackImpl: [audioTrackData][zero] 4s(f:0 m:0 s:0 k:0 z:4004) : pid 30727 uid 10307 sessionId 50441 sr 22050 ch 1 fmt 5
06-22 11:23:44.796  1045  1537 W libc    : Access denied finding property "ro.vendor.display.max_hdr_luminance"
06-22 11:23:44.979 30220 31034 D JavaheapMonitor: Java heap used=3M max=256M, proc: com.miui.msa.global
06-22 11:23:44.980 30220 31034 V JavaheapMonitor: Check java heap usage finished! Next check delay: 300000
06-22 11:23:45.015  1045  1537 W libc    : Access denied finding property "ro.vendor.display.max_hdr_luminance"
06-22 11:23:45.027  2123  3400 D JavaheapMonitor: Java heap used=2M max=256M, proc: com.miui.miwallpaper
06-22 11:23:45.027  2123  3400 V JavaheapMonitor: Check java heap usage finished! Next check delay: 300000
06-22 11:23:45.108  1045  1045 I BufferQueueProducer: [com.dibay.app/com.dibay.app.MainActivity#31171](this:0xb400007acb0e2610,id:-1,api:0,p:-1,c:1045) queueBuffer: fps=53.97 dur=1000.46 max=33.85 min=16.03
06-22 11:23:45.206 30727  3562 D AudioTrackImpl: [audioTrackData][zero] 2s(f:460 m:3 s:0 k:0 z:2000) : pid 30727 uid 10307 sessionId 50433 sr 48000 ch 2 fmt 5
06-22 11:23:45.248  1045  1537 W libc    : Access denied finding property "ro.vendor.display.max_hdr_luminance"
06-22 11:23:45.278  1673  2817 D PerfShielderService: com.dibay.app|com.dibay.app/com.dibay.app.MainActivity|2472|651040734495804|57|5|120
06-22 11:23:45.279  3805 16069 W MiuiPerfServiceClient: interceptAndQueuing:30727|com.dibay.app|2472|57|651040734495804|Slow issue draw commands|120
06-22 11:23:45.281  1004  1077 I libPerfCtl: xgfGetFPS pid:2402 fps:-1
06-22 11:23:45.281  1004  1077 I libPerfCtl: xgfGetFPS pid:30727 fps:-1
06-22 11:23:45.319  5692  5830 D JavaheapMonitor: Java heap used=5M max=256M, proc: com.miui.powerkeeper
06-22 11:23:45.319  5692  5830 V JavaheapMonitor: Check java heap usage finished! Next check delay: 300000
06-22 11:23:45.323   960  1431 I android.hardware.audio.service-aidl.mediatek: misoundfx process numSamples: 48
06-22 11:23:45.407  2388  2573 D JavaheapMonitor: Java heap used=11M max=256M, proc: com.android.phone
06-22 11:23:45.407  2388  2573 V JavaheapMonitor: Check java heap usage finished! Next check delay: 300000
06-22 11:23:45.482  1045  1537 W libc    : Access denied finding property "ro.vendor.display.max_hdr_luminance"
06-22 11:23:45.543   960  1114 D sixth_if_gift: sixth_vdd_proc : vdd = 4407875 
06-22 11:23:45.545   960  1114 D sixth_if_gift: sixth_wrap_vdd_msg: update vdd = 4407875
06-22 11:23:45.547   960  1114 D sixth_if_gift: sixth_wrap_vdd_msg: update vdd = 4407875
06-22 11:23:45.547   960  1431 W AudioALSAPlaybackHandlerBase: compensatePresentationPosition(), timestamp 651040.998214881 older then mPreviousTime 651040.998481957!!
06-22 11:23:45.550  1673  2817 I ActivityManager: unbindService com.android.server.am.ActiveServices@8d075d7 conn=android.os.BinderProxy@638d556 callingPid=6972
06-22 11:23:45.553  6488  6488 D BoundBrokerSvc: onUnbind: Intent { act=com.google.android.gms.onboardingconsent.api.ConsentManagerApiService.START dat=chimera-action:/... xflg=0x4 cmp=com.google.android.gms/.chimera.GmsApiService }
06-22 11:23:45.555  1673  2817 I ActivityManager: unbindService com.android.server.am.ActiveServices@8d075d7 conn=android.os.BinderProxy@302365c callingPid=6972
06-22 11:23:45.595   970   982 I hwcomposer: [HWCDisplay] (0 updateFps():3644), (type:1, mode:2) fps:50.151600,dur:1016.92,max:35.55,min:14.82  
06-22 11:23:45.680  1241  1241 I thermal_src: recvmsg_expect 5, but get 2 
06-22 11:23:45.680  1241  1241 V thermal_src: TA_DAEMON_CMD_GET_TPCB:ERROR ret=-1
06-22 11:23:45.680  1241  1241 E thermal_src: get_tpcb_from_kernel:error -1. retry...
06-22 11:23:45.681  1241  1241 I thermal_src: recvmsg_expect 4, but get 2 
06-22 11:23:45.681  1241  1241 V thermal_src: TA_DAEMON_CMD_SET_TTJ:ERROR ret=-1
06-22 11:23:45.681  1241  1241 E thermal_src: set_ttj_to_kernel 1:error -1
06-22 11:23:45.681  1241  1241 I thermal_src: recvmsg_expect 2, but get 5 
06-22 11:23:45.681  1241  1241 V thermal_src: waiting NOTIFY from kernel miss, -1
06-22 11:23:45.681  1241  1241 I thermal_src: recvmsg_expect 2, but get 4 
06-22 11:23:45.681  1241  1241 V thermal_src: waiting NOTIFY from kernel miss, -1
06-22 11:23:45.718  1045  1537 W libc    : Access denied finding property "ro.vendor.display.max_hdr_luminance"
06-22 11:23:45.753  2388  2891 D SatelliteController: iisInCarrierRoamingNbIotNtn: satellite is disabled
06-22 11:23:45.757  2388  2388 W Settings: Setting airplane_mode_on has moved from android.provider.Settings.System to android.provider.Settings.Global, returning read-only value.
06-22 11:23:45.765  2388  2918 D MiuiTelephonyDFS: msg.what = 2
06-22 11:23:45.765  2388  2918 D MiuiTelephonyDFS: getVoiceRat = 13
06-22 11:23:45.765  2388  2918 D MiuiTelephonyDFS: getRsrp = -100
06-22 11:23:45.765  2388  2918 D MiuiTelephonyDFS: getVoiceRat = 13
06-22 11:23:45.765  2388  2918 D MiuiTelephonyDFS: getSnr = -3
06-22 11:23:45.765  2388  2918 D MiSight::  constructEvent id=915100005
06-22 11:23:45.766  2388  2918 D MiSight::  sendEvent id=915100005
06-22 11:23:45.766  2388  3107 D NetworkSpeedTracker: updateSignalInfo lteRsrp=-100lteSnr=-3,phoneId=0
06-22 11:23:45.767  2388  2918 D MiSightJni: MiSight: Java_com_miui_misight_MiSight_nativeSendEvent enter called. '{"SNRValue":-3}'
06-22 11:23:45.767  2388  2918 D MiEvent : MiEvent: this 0x763f073e20, paylod=0xb4000078c14a01c0
06-22 11:23:45.767  2388  3108 D HighSpeedTrainModeController: msg.what = 10
06-22 11:23:45.767  2388  2918 D MiEvent : flatten EventId 915100005 -t 1782098625 -paraList {"SNRValue":-3}
06-22 11:23:45.767  2388  2918 D MiEvent : report:EventId 915100005 -t 1782098625 -paraList {"SNRValue":-3} success
06-22 11:23:45.767  1180  1236 I misight : OnEvent EventPrivacyCompliance event=915100005
06-22 11:23:45.768  2388  2918 D MiEvent : ~MiEvent: this 0x763f073e20, paylod=0xb4000078c14a01c0
06-22 11:23:45.768  1180  1236 D misight : ProcessEvent devVersion==OS3.0.302.0.WHYMIXM,faultLevel=2,prv=3 region=eea
06-22 11:23:45.768  1180  1236 I misight : OnEvent EventStorageManager event=915100005,3
06-22 11:23:45.768  1180  1236 D misight : ProcessNewDayEvent event happen time 1782098625,start time=1782057600,restart=1
06-22 11:23:45.768  1180  1236 D misight : ProcessNewDayEvent event happen time 1782098625, last=1782098624,start time=1782057600,next day =1782144000, interval=86400
06-22 11:23:45.768  1180  1236 D misight : Execute start execute sql /data/miuilog/misight/event.db:select id,event_id,daily_cnt,over_cnt,hour_cnt,next_expire_time,last_happen_time,last_log_time from event_daily where event_id = '915100005' limit 1
06-22 11:23:45.768  1180  1236 D misight : DetectDropByTime event 915100005 parser maxCnt=200 lastTime=1782098553 same=0, overCnt=27742,dailyCnt=178,hourCnt=1
06-22 11:23:45.768  1180  1236 I misight : DetectDropEvent event 915100005 over hour cnt drop it, hourCnt=2 halfCnt=1, maxCnt=200 punishSecond=2062,space=72
06-22 11:23:45.768  1180  1236 D misight : Execute start execute sql /data/miuilog/misight/event.db:update event_daily set  daily_cnt=178, hour_cnt=1, next_expire_time=1782102153, over_cnt=27743, last_happen_time=1782098553, last_log_time=0  where id = '4'
06-22 11:23:45.771  1180  1236 I misight : OnEvent EventInfoPack event 915100005
06-22 11:23:45.789 30727  3566 D AudioTrackImpl: [audioTrackData][zero] 5s(f:0 m:0 s:0 k:0 z:5014) : pid 30727 uid 10307 sessionId 50441 sr 22050 ch 1 fmt 5
06-22 11:23:45.825  1228  1228 I thermal_repeater: [recvMdThermalInfo] ret=26, strLen=127,  3, 36, -50, 196, 32767, 0
06-22 11:23:45.837  1673  1742 D AurogonBandwidthController: skinTemperature:29.581
06-22 11:23:45.932  1045  1537 W libc    : Access denied finding property "ro.vendor.display.max_hdr_luminance"
06-22 11:23:46.089  1180  1236 I misight : OnEvent EventPrivacyCompliance event=911001001
06-22 11:23:46.090  1180  1236 D misight : ProcessEvent devVersion==OS3.0.302.0.WHYMIXM,faultLevel=2,prv=3 region=eea
06-22 11:23:46.090  1180  1236 I misight : OnEvent EventStorageManager event=911001001,2
06-22 11:23:46.090  1180  1236 D misight : ProcessNewDayEvent event happen time 1782098626,start time=1782057600,restart=1
06-22 11:23:46.090  1180  1236 D misight : ProcessNewDayEvent event happen time 1782098626, last=1782098625,start time=1782057600,next day =1782144000, interval=86400
06-22 11:23:46.090  1180  1236 D misight : Execute start execute sql /data/miuilog/misight/event.db:select id,event_id,daily_cnt,over_cnt,hour_cnt,next_expire_time,last_happen_time,last_log_time from event_daily where event_id = '911001001' limit 1
06-22 11:23:46.091  1180  1236 D misight : DetectDropByTime event 911001001 parser maxCnt=200 lastTime=1782097229 same=0, overCnt=44229,dailyCnt=186,hourCnt=1
06-22 11:23:46.091  1180  1236 I misight : DetectDropEvent event 911001001 over hour cnt drop it, hourCnt=2 halfCnt=1, maxCnt=200 punishSecond=3241,space=1397
06-22 11:23:46.091  1180  1236 D misight : Execute start execute sql /data/miuilog/misight/event.db:update event_daily set  daily_cnt=186, hour_cnt=1, next_expire_time=1782100829, over_cnt=44230, last_happen_time=1782097229, last_log_time=0  where id = '1'
06-22 11:23:46.094  1180  1236 I misight : OnEvent EventInfoPack event 911001001
06-22 11:23:46.098  1180  1236 I misight : OnEvent EventPrivacyCompliance event=811001001
06-22 11:23:46.098  1180  1236 D misight : ProcessEvent devVersion==OS3.0.302.0.WHYMIXM,faultLevel=2,prv=3 region=eea
06-22 11:23:46.099  1180  1236 I misight : OnEvent EventStorageManager event=811001001,3
06-22 11:23:46.099  1180  1236 D misight : ProcessNewDayEvent event happen time 1782098626,start time=1782057600,restart=1
06-22 11:23:46.099  1180  1236 D misight : ProcessNewDayEvent event happen time 1782098626, last=1782098626,start time=1782057600,next day =1782144000, interval=86400
06-22 11:23:46.099  1180  1236 D misight : Execute start execute sql /data/miuilog/misight/event.db:select id,event_id,daily_cnt,over_cnt,hour_cnt,next_expire_time,last_happen_time,last_log_time from event_daily where event_id = '811001001' limit 1
06-22 11:23:46.099  1180  1236 D misight : DetectDropByTime event 811001001 parser maxCnt=200 lastTime=1782097229 same=0, overCnt=44229,dailyCnt=186,hourCnt=1
06-22 11:23:46.100  1180  1236 I misight : DetectDropEvent event 811001001 over hour cnt drop it, hourCnt=2 halfCnt=1, maxCnt=200 punishSecond=3241,space=1397
06-22 11:23:46.100  1180  1236 D misight : Execute start execute sql /data/miuilog/misight/event.db:update event_daily set  daily_cnt=186, hour_cnt=1, next_expire_time=1782100829, over_cnt=44230, last_happen_time=1782097229, last_log_time=0  where id = '2'
06-22 11:23:46.103  1180  1236 I misight : OnEvent EventInfoPack event 811001001
06-22 11:23:46.109  1045  1045 I BufferQueueProducer: [com.dibay.app/com.dibay.app.MainActivity#31171](this:0xb400007acb0e2610,id:-1,api:0,p:-1,c:1045) queueBuffer: fps=44.98 dur=1000.47 max=33.85 min=16.06
06-22 11:23:46.165  1045  1537 W libc    : Access denied finding property "ro.vendor.display.max_hdr_luminance"
06-22 11:23:46.235   960  1418 I android.hardware.audio.service-aidl.mediatek: misoundfx process numSamples: 480
06-22 11:23:46.282  1004  1077 I libPerfCtl: xgfGetFPS pid:2402 fps:-1
06-22 11:23:46.282  1004  1077 I libPerfCtl: xgfGetFPS pid:30727 fps:-1
06-22 11:23:46.291  2388  2891 D SatelliteController: iisInCarrierRoamingNbIotNtn: satellite is disabled
06-22 11:23:46.294  2388  2388 W Settings: Setting airplane_mode_on has moved from android.provider.Settings.System to android.provider.Settings.Global, returning read-only value.
06-22 11:23:46.299  2388  3107 D NetworkSpeedTracker: updateNwSignalInfo not allowed ,ignore
06-22 11:23:46.300  2388  2918 D MiuiTelephonyDFS: msg.what = 2
06-22 11:23:46.300  2388  3108 D HighSpeedTrainModeController: msg.what = 10
06-22 11:23:46.300  2388  2918 D MiuiTelephonyDFS: getVoiceRat = 13
06-22 11:23:46.300  2388  2918 D MiuiTelephonyDFS: getRsrp = -97
06-22 11:23:46.300  2388  2918 D MiuiTelephonyDFS: getVoiceRat = 13
06-22 11:23:46.301  2388  2918 D MiuiTelephonyDFS: getSnr = -4
06-22 11:23:46.301  2388  2918 D MiSight::  constructEvent id=915100005
06-22 11:23:46.301  2388  2918 D MiSight::  sendEvent id=915100005
06-22 11:23:46.301  2388  2918 D MiSightJni: MiSight: Java_com_miui_misight_MiSight_nativeSendEvent enter called. '{"SNRValue":-4}'
06-22 11:23:46.301  2388  2918 D MiEvent : MiEvent: this 0x763f073e20, paylod=0xb4000078c14a01c0
06-22 11:23:46.302  2388  2918 D MiEvent : flatten EventId 915100005 -t 1782098626 -paraList {"SNRValue":-4}
06-22 11:23:46.302  2388  2918 D MiEvent : report:EventId 915100005 -t 1782098626 -paraList {"SNRValue":-4} success
06-22 11:23:46.302  2388  2918 D MiEvent : ~MiEvent: this 0x763f073e20, paylod=0xb4000078c14a01c0
06-22 11:23:46.303  1180  1236 I misight : OnEvent EventPrivacyCompliance event=915100005
06-22 11:23:46.303  1180  1236 D misight : ProcessEvent devVersion==OS3.0.302.0.WHYMIXM,faultLevel=2,prv=3 region=eea
06-22 11:23:46.303  1180  1236 I misight : OnEvent EventStorageManager event=915100005,3
06-22 11:23:46.303  1180  1236 D misight : ProcessNewDayEvent event happen time 1782098626,start time=1782057600,restart=1
06-22 11:23:46.303  1180  1236 D misight : ProcessNewDayEvent event happen time 1782098626, last=1782098626,start time=1782057600,next day =1782144000, interval=86400
06-22 11:23:46.303  1180  1236 D misight : Execute start execute sql /data/miuilog/misight/event.db:select id,event_id,daily_cnt,over_cnt,hour_cnt,next_expire_time,last_happen_time,last_log_time from event_daily where event_id = '915100005' limit 1
06-22 11:23:46.304  1180  1236 D misight : DetectDropByTime event 915100005 parser maxCnt=200 lastTime=1782098553 same=0, overCnt=27743,dailyCnt=178,hourCnt=1
06-22 11:23:46.304  1180  1236 I misight : DetectDropEvent event 915100005 over hour cnt drop it, hourCnt=2 halfCnt=1, maxCnt=200 punishSecond=2062,space=73
06-22 11:23:46.304  1180  1236 D misight : Execute start execute sql /data/miuilog/misight/event.db:update event_daily set  daily_cnt=178, hour_cnt=1, next_expire_time=1782102153, over_cnt=27744, last_happen_time=1782098553, last_log_time=0  where id = '4'
06-22 11:23:46.307  1180  1236 I misight : OnEvent EventInfoPack event 915100005
06-22 11:23:46.337   960  6472 D DlbDap2Process: process() called [796000] times with input format 0x22 and channel mask 0x3 (ProcessingMode=10), htEnable=0(0, 0, 0)
06-22 11:23:46.382  1045  1537 W libc    : Access denied finding property "ro.vendor.display.max_hdr_luminance"
06-22 11:23:46.480  1139  1251 D connsyslogger: SD_LOG_ROOT is /data/debuglogger/connsyslog/fw.
06-22 11:23:46.480  1139  1251 D connsyslogger: systemReady:1
06-22 11:23:46.595   970   982 I hwcomposer: [HWCDisplay] (0 updateFps():3644), (type:1, mode:2) fps:48.971390,dur:1000.58,max:33.86,min:15.36  
06-22 11:23:46.616  1045  1537 W libc    : Access denied finding property "ro.vendor.display.max_hdr_luminance"
06-22 11:23:46.785 30727  3566 D AudioTrackImpl: [audioTrackData][zero] 6s(f:0 m:0 s:0 k:0 z:6009) : pid 30727 uid 10307 sessionId 50441 sr 22050 ch 1 fmt 5
06-22 11:23:46.865  1045  1537 W libc    : Access denied finding property "ro.vendor.display.max_hdr_luminance"
06-22 11:23:47.009 30727  3562 D AudioTrackImpl: [audioTrackData][zero] 1s(f:828 m:3 s:0 k:0 z:1002) : pid 30727 uid 10307 sessionId 50433 sr 48000 ch 2 fmt 5
06-22 11:23:47.080  1045  1537 W libc    : Access denied finding property "ro.vendor.display.max_hdr_luminance"
06-22 11:23:47.127  1045  1045 I BufferQueueProducer: [com.dibay.app/com.dibay.app.MainActivity#31171](this:0xb400007acb0e2610,id:-1,api:0,p:-1,c:1045) queueBuffer: fps=49.09 dur=1018.50 max=34.06 min=15.95
06-22 11:23:47.142   960  1431 I android.hardware.audio.service-aidl.mediatek: misoundfx process numSamples: 48
06-22 11:23:47.180  2297  2421 D JavaheapMonitor: Java heap used=4M max=256M, proc: com.android.networkstack.process
06-22 11:23:47.180  2297  2421 V JavaheapMonitor: Check java heap usage finished! Next check delay: 300000
06-22 11:23:47.201  1139  1255 D connsyslogger: idx=0 Bootup Log: 2 log files! filecount=3 
06-22 11:23:47.203  1139  1253 I connsyslogger: thrLogWriter: LogBuf=227.206055KB,idx=0
06-22 11:23:47.249  1226  1640 D ULogGuard: Monitoring: 7 threads, 0 requests, 0 time-bombs; 15 guards. ResetFlags = 0x7
06-22 11:23:47.282  1004  1077 I libPerfCtl: xgfGetFPS pid:2402 fps:-1
06-22 11:23:47.282  1004  1077 I libPerfCtl: xgfGetFPS pid:30727 fps:-1
06-22 11:23:47.299  1045  1537 W libc    : Access denied finding property "ro.vendor.display.max_hdr_luminance"
06-22 11:23:47.345  2085  2717 D JavaheapMonitor: Java heap used=16M max=512M, proc: com.miui.home
06-22 11:23:47.346  2085  2717 V JavaheapMonitor: Check java heap usage finished! Next check delay: 300000
06-22 11:23:47.466  4061  4628 W BluetoothMetricsLogger: MetricsLogger isn't initialized
06-22 11:23:47.466  4061  4628 W BluetoothMetricsLogger: MetricsLogger isn't initialized
06-22 11:23:47.466  4061  4628 V BtGatt.ScanController: onScanResult() - eventType=0x0, addressType=1, address=XX:XX:XX:XX:EF:DB, primaryPhy=1, secondaryPhy=1, advertisingSid=0x1, txPower=127, rssi=-41, periodicAdvInt=0x0, originalAddress=00:00:00:00:00:00
06-22 11:23:47.466  4061  4628 V BtGatt.ScanController: Skipping client: permission=true matches=false
06-22 11:23:47.502  1045  1537 W libc    : Access denied finding property "ro.vendor.display.max_hdr_luminance"
06-22 11:23:47.514  1673  1907 D MiuiWifiCommonBase: band: 1, compensate: 0
06-22 11:23:47.516  1673  1907 E AmlWifiScoreReportInjector: AmlWifiScoreReportInjector was cleared
06-22 11:23:47.516  1673  1907 D WifiOptimizationImpl: AmlWifiScoreReportInjector.get() = null, stop reportTxBadOrRetryEvent
06-22 11:23:47.530  2402  2402 D ControlCenterHeaderExpandController: onExpansionChanged: progress =  0.0
06-22 11:23:47.532  2402  2402 D ControlCenterHeaderExpandController: onExpansionChanged: progress =  0.0
06-22 11:23:47.532  2402  2402 D ControlCenterHeaderExpandController: onExpansionChanged: progress =  0.0
06-22 11:23:47.543  1045  1045 I BufferQueueProducer: [StatusBar#123](this:0xb400007acb0c0350,id:-1,api:0,p:-1,c:1045) queueBuffer: fps=0.07 dur=15059.54 max=15059.54 min=15059.54
06-22 11:23:47.597   970   982 I hwcomposer: [HWCDisplay] (0 updateFps():3644), (type:1, mode:2) fps:45.930408,dur:1001.52,max:34.78,min:13.66  
06-22 11:23:47.681  1241  1241 I thermal_src: recvmsg_expect 5, but get 2 
06-22 11:23:47.681  1241  1241 V thermal_src: TA_DAEMON_CMD_GET_TPCB:ERROR ret=-1
06-22 11:23:47.681  1241  1241 E thermal_src: get_tpcb_from_kernel:error -1. retry...
06-22 11:23:47.681  1241  1241 I thermal_src: recvmsg_expect 5, but get 2 
06-22 11:23:47.681  1241  1241 V thermal_src: TA_DAEMON_CMD_GET_TPCB:ERROR ret=-1
06-22 11:23:47.681  1241  1241 E thermal_src: get_tpcb_from_kernel:error -1. retry...
06-22 11:23:47.681  1241  1241 I thermal_src: recvmsg_expect 5, but get 2 
06-22 11:23:47.681  1241  1241 V thermal_src: TA_DAEMON_CMD_GET_TPCB:ERROR ret=-1
06-22 11:23:47.681  1241  1241 E thermal_src: get_tpcb_from_kernel:error -1. retry...
06-22 11:23:47.681  1241  1241 I thermal_src: recvmsg_expect 4, but get 5 
06-22 11:23:47.681  1241  1241 V thermal_src: TA_DAEMON_CMD_SET_TTJ:ERROR ret=-1
06-22 11:23:47.681  1241  1241 E thermal_src: set_ttj_to_kernel 1:error -1
06-22 11:23:47.681  1241  1241 I thermal_src: recvmsg_expect 2, but get 5 
06-22 11:23:47.681  1241  1241 V thermal_src: waiting NOTIFY from kernel miss, -1
06-22 11:23:47.681  1241  1241 I thermal_src: recvmsg_expect 2, but get 5 
06-22 11:23:47.681  1241  1241 V thermal_src: waiting NOTIFY from kernel miss, -1
06-22 11:23:47.681  1241  1241 I thermal_src: recvmsg_expect 2, but get 4 
06-22 11:23:47.681  1241  1241 V thermal_src: waiting NOTIFY from kernel miss, -1
06-22 11:23:47.733  1045  1537 W libc    : Access denied finding property "ro.vendor.display.max_hdr_luminance"
06-22 11:23:47.794 30727  3566 D AudioTrackImpl: [audioTrackData][zero] 7s(f:0 m:0 s:0 k:0 z:7018) : pid 30727 uid 10307 sessionId 50441 sr 22050 ch 1 fmt 5
06-22 11:23:47.800  1673  4059 D PerfShielderService: com.dibay.app|com.dibay.app/com.dibay.app.MainActivity|2559|651043256639111|63|5|120
06-22 11:23:47.801  3805 16069 W MiuiPerfServiceClient: interceptAndQueuing:30727|com.dibay.app|2559|63|651043256639111|Slow issue draw commands|120
06-22 11:23:47.965  1045  1537 W libc    : Access denied finding property "ro.vendor.display.max_hdr_luminance"
06-22 11:23:48.006 30727  3562 D AudioTrackImpl: [audioTrackData][zero] 2s(f:828 m:3 s:0 k:0 z:2000) : pid 30727 uid 10307 sessionId 50433 sr 48000 ch 2 fmt 5
06-22 11:23:48.048   960  1431 I android.hardware.audio.service-aidl.mediatek: misoundfx process numSamples: 48
06-22 11:23:48.124  1180  1236 I misight : OnEvent EventPrivacyCompliance event=911001001
06-22 11:23:48.125  1180  1236 D misight : ProcessEvent devVersion==OS3.0.302.0.WHYMIXM,faultLevel=2,prv=3 region=eea
06-22 11:23:48.125  1180  1236 I misight : OnEvent EventStorageManager event=911001001,2
06-22 11:23:48.125  1180  1236 D misight : ProcessNewDayEvent event happen time 1782098628,start time=1782057600,restart=1
06-22 11:23:48.125  1180  1236 D misight : ProcessNewDayEvent event happen time 1782098628, last=1782098626,start time=1782057600,next day =1782144000, interval=86400
06-22 11:23:48.125  1180  1236 D misight : Execute start execute sql /data/miuilog/misight/event.db:select id,event_id,daily_cnt,over_cnt,hour_cnt,next_expire_time,last_happen_time,last_log_time from event_daily where event_id = '911001001' limit 1
06-22 11:23:48.126  1180  1236 D misight : DetectDropByTime event 911001001 parser maxCnt=200 lastTime=1782097229 same=0, overCnt=44230,dailyCnt=186,hourCnt=1
06-22 11:23:48.126  1180  1236 I misight : DetectDropEvent event 911001001 over hour cnt drop it, hourCnt=2 halfCnt=1, maxCnt=200 punishSecond=3240,space=1399
06-22 11:23:48.126  1180  1236 D misight : Execute start execute sql /data/miuilog/misight/event.db:update event_daily set  daily_cnt=186, hour_cnt=1, next_expire_time=1782100829, over_cnt=44231, last_happen_time=1782097229, last_log_time=0  where id = '1'
06-22 11:23:48.127  1045  1045 I BufferQueueProducer: [com.dibay.app/com.dibay.app.MainActivity#31171](this:0xb400007acb0e2610,id:-1,api:0,p:-1,c:1045) queueBuffer: fps=51.98 dur=1000.30 max=33.82 min=15.82
06-22 11:23:48.131  1180  1236 I misight : OnEvent EventInfoPack event 911001001
06-22 11:23:48.133  1180  1236 I misight : OnEvent EventPrivacyCompliance event=811001001
06-22 11:23:48.133  1180  1236 D misight : ProcessEvent devVersion==OS3.0.302.0.WHYMIXM,faultLevel=2,prv=3 region=eea
06-22 11:23:48.133  1180  1236 I misight : OnEvent EventStorageManager event=811001001,3
06-22 11:23:48.133  1180  1236 D misight : ProcessNewDayEvent event happen time 1782098628,start time=1782057600,restart=1
06-22 11:23:48.133  1180  1236 D misight : ProcessNewDayEvent event happen time 1782098628, last=1782098628,start time=1782057600,next day =1782144000, interval=86400
06-22 11:23:48.133  1180  1236 D misight : Execute start execute sql /data/miuilog/misight/event.db:select id,event_id,daily_cnt,over_cnt,hour_cnt,next_expire_time,last_happen_time,last_log_time from event_daily where event_id = '811001001' limit 1
06-22 11:23:48.134  1180  1236 D misight : DetectDropByTime event 811001001 parser maxCnt=200 lastTime=1782097229 same=0, overCnt=44230,dailyCnt=186,hourCnt=1
06-22 11:23:48.134  1180  1236 I misight : DetectDropEvent event 811001001 over hour cnt drop it, hourCnt=2 halfCnt=1, maxCnt=200 punishSecond=3240,space=1399
06-22 11:23:48.134  1180  1236 D misight : Execute start execute sql /data/miuilog/misight/event.db:update event_daily set  daily_cnt=186, hour_cnt=1, next_expire_time=1782100829, over_cnt=44231, last_happen_time=1782097229, last_log_time=0  where id = '2'
06-22 11:23:48.136  1180  1236 I misight : OnEvent EventInfoPack event 811001001
06-22 11:23:48.165  1045  1537 W libc    : Access denied finding property "ro.vendor.display.max_hdr_luminance"
06-22 11:23:48.258  1673  1960 D ActionExecute: setPkgData uid = 10307 time=8000
06-22 11:23:48.282  1004  1077 I libPerfCtl: xgfGetFPS pid:2402 fps:-1
06-22 11:23:48.282  1004  1077 I libPerfCtl: xgfGetFPS pid:30727 fps:-1
06-22 11:23:48.367  1045  1537 W libc    : Access denied finding property "ro.vendor.display.max_hdr_luminance"
06-22 11:23:48.480  1139  1251 D connsyslogger: SD_LOG_ROOT is /data/debuglogger/connsyslog/fw.
06-22 11:23:48.480  1139  1251 D connsyslogger: systemReady:1
06-22 11:23:48.581  1045  1537 W libc    : Access denied finding property "ro.vendor.display.max_hdr_luminance"
06-22 11:23:48.613   970   982 I hwcomposer: [HWCDisplay] (0 updateFps():3644), (type:1, mode:2) fps:54.089668,dur:1016.83,max:34.65,min:14.01  
06-22 11:23:48.783  1045  1537 W libc    : Access denied finding property "ro.vendor.display.max_hdr_luminance"
06-22 11:23:48.791 30727  3566 D AudioTrackImpl: [audioTrackData][zero] 8s(f:0 m:0 s:0 k:0 z:8016) : pid 30727 uid 10307 sessionId 50441 sr 22050 ch 1 fmt 5
06-22 11:23:48.814  4061  4628 W BluetoothMetricsLogger: MetricsLogger isn't initialized
06-22 11:23:48.814  4061  4628 W BluetoothMetricsLogger: MetricsLogger isn't initialized
06-22 11:23:48.814  4061  4628 V BtGatt.ScanController: onScanResult() - eventType=0x0, addressType=1, address=XX:XX:XX:XX:EF:DB, primaryPhy=1, secondaryPhy=1, advertisingSid=0x1, txPower=127, rssi=-39, periodicAdvInt=0x0, originalAddress=00:00:00:00:00:00
06-22 11:23:48.814  4061  4628 V BtGatt.ScanController: Skipping client: permission=true matches=false
06-22 11:23:48.955 14395 14911 D JavaheapMonitor: Java heap used=5M max=256M, proc: com.google.android.ext.services
06-22 11:23:48.955 14395 14911 V JavaheapMonitor: Check java heap usage finished! Next check delay: 300000
06-22 11:23:48.961   960  1431 I android.hardware.audio.service-aidl.mediatek: misoundfx process numSamples: 48
06-22 11:23:49.002  1045  1537 W libc    : Access denied finding property "ro.vendor.display.max_hdr_luminance"
06-22 11:23:49.005   960  6472 D DlbDap2Process: process() called [796500] times with input format 0x22 and channel mask 0x3 (ProcessingMode=10), htEnable=0(0, 0, 0)
06-22 11:23:49.127  1045  1045 I BufferQueueProducer: [com.dibay.app/com.dibay.app.MainActivity#31171](this:0xb400007acb0e2610,id:-1,api:0,p:-1,c:1045) queueBuffer: fps=48.00 dur=1000.04 max=34.30 min=15.86
06-22 11:23:49.218  1045  1537 W libc    : Access denied finding property "ro.vendor.display.max_hdr_luminance"
06-22 11:23:49.283  1004  1077 I libPerfCtl: xgfGetFPS pid:2402 fps:-1
06-22 11:23:49.284  1004  1077 I libPerfCtl: xgfGetFPS pid:30727 fps:-1
06-22 11:23:49.433  1045  1537 W libc    : Access denied finding property "ro.vendor.display.max_hdr_luminance"
06-22 11:23:49.614   970   982 I hwcomposer: [HWCDisplay] (0 updateFps():3644), (type:1, mode:2) fps:47.972469,dur:1000.57,max:34.79,min:14.62  
06-22 11:23:49.653  1045  1537 W libc    : Access denied finding property "ro.vendor.display.max_hdr_luminance"
06-22 11:23:49.681  1241  1241 I thermal_src: recvmsg_expect 5, but get 2 
06-22 11:23:49.682  1241  1241 V thermal_src: TA_DAEMON_CMD_GET_TPCB:ERROR ret=-1
06-22 11:23:49.682  1241  1241 E thermal_src: get_tpcb_from_kernel:error -1. retry...
06-22 11:23:49.682  1241  1241 I thermal_src: recvmsg_expect 4, but get 2 
06-22 11:23:49.682  1241  1241 V thermal_src: TA_DAEMON_CMD_SET_TTJ:ERROR ret=-1
06-22 11:23:49.682  1241  1241 E thermal_src: set_ttj_to_kernel 1:error -1
06-22 11:23:49.682  1241  1241 I thermal_src: recvmsg_expect 2, but get 5 
06-22 11:23:49.682  1241  1241 V thermal_src: waiting NOTIFY from kernel miss, -1
06-22 11:23:49.682  1241  1241 I thermal_src: recvmsg_expect 2, but get 4 
06-22 11:23:49.682  1241  1241 V thermal_src: waiting NOTIFY from kernel miss, -1
06-22 11:23:49.800 30727  3566 D AudioTrackImpl: [audioTrackData][zero] 9s(f:0 m:0 s:0 k:0 z:9024) : pid 30727 uid 10307 sessionId 50441 sr 22050 ch 1 fmt 5
06-22 11:23:49.809 30727  3562 D AudioTrackImpl: [audioTrackData][zero] 1s(f:1196 m:3 s:0 k:0 z:1002) : pid 30727 uid 10307 sessionId 50433 sr 48000 ch 2 fmt 5
06-22 11:23:49.867  1045  1537 W libc    : Access denied finding property "ro.vendor.display.max_hdr_luminance"
06-22 11:23:49.873   960  1431 I android.hardware.audio.service-aidl.mediatek: misoundfx process numSamples: 48
06-22 11:23:49.973 30727  2299 D CameraInjector: updateCloudCameraControllerInfoAsync: canceled.
06-22 11:23:49.974 30727  2299 W libc    : Access denied finding property "vendor.camera.aux.packagelist"
06-22 11:23:49.974 30727  2299 W libc    : Access denied finding property "vendor.camera.aux.packagelistext"
06-22 11:23:49.975 30727  2299 D CameraInjector: updateCloudCameraControllerInfoAsync: canceled.
06-22 11:23:49.976 30727  2299 W libc    : Access denied finding property "vendor.camera.aux.packagelist"
06-22 11:23:49.976 30727  2299 W libc    : Access denied finding property "vendor.camera.aux.packagelistext"
06-22 11:23:49.980 30727  2299 D CameraInjector: updateCloudCameraControllerInfoAsync: canceled.
06-22 11:23:49.981 30727  2299 W libc    : Access denied finding property "vendor.camera.aux.packagelist"
06-22 11:23:49.981 30727  2299 W libc    : Access denied finding property "vendor.camera.aux.packagelistext"
06-22 11:23:49.982 30727  2299 D CameraInjector: updateCloudCameraControllerInfoAsync: canceled.
06-22 11:23:49.982 30727  2299 W libc    : Access denied finding property "vendor.camera.aux.packagelist"
06-22 11:23:49.982 30727  2299 W libc    : Access denied finding property "vendor.camera.aux.packagelistext"
06-22 11:23:49.986 30727  2299 D CameraInjector: updateCloudCameraControllerInfoAsync: canceled.
06-22 11:23:49.986 30727  2299 W libc    : Access denied finding property "vendor.camera.aux.packagelist"
06-22 11:23:49.987 30727  2299 W libc    : Access denied finding property "vendor.camera.aux.packagelistext"
06-22 11:23:49.992 30727  2299 D CameraInjector: updateCloudCameraControllerInfoAsync: canceled.
06-22 11:23:49.992 30727  2299 W libc    : Access denied finding property "vendor.camera.aux.packagelist"
06-22 11:23:49.992 30727  2299 W libc    : Access denied finding property "vendor.camera.aux.packagelistext"
06-22 11:23:49.997 30727  2299 D CameraInjector: updateCloudCameraControllerInfoAsync: canceled.
06-22 11:23:49.997 30727  2299 W libc    : Access denied finding property "vendor.camera.aux.packagelist"
06-22 11:23:49.998 30727  2299 W libc    : Access denied finding property "vendor.camera.aux.packagelistext"
06-22 11:23:49.999 30727  2299 D CameraInjector: updateCloudCameraControllerInfoAsync: canceled.
06-22 11:23:49.999 30727  2299 W libc    : Access denied finding property "vendor.camera.aux.packagelist"
06-22 11:23:49.999 30727  2299 W libc    : Access denied finding property "vendor.camera.aux.packagelistext"
06-22 11:23:50.004 30727  2299 D CameraInjector: updateCloudCameraControllerInfoAsync: canceled.
06-22 11:23:50.004 30727  2299 W libc    : Access denied finding property "vendor.camera.aux.packagelist"
06-22 11:23:50.004 30727  2299 W libc    : Access denied finding property "vendor.camera.aux.packagelistext"
06-22 11:23:50.045 30727  2299 D CameraInjector: updateCloudCameraControllerInfoAsync: canceled.
06-22 11:23:50.045 30727  2299 W libc    : Access denied finding property "vendor.camera.aux.packagelist"
06-22 11:23:50.045 30727  2299 W libc    : Access denied finding property "vendor.camera.aux.packagelistext"
06-22 11:23:50.047 30727  2299 D CameraInjector: updateCloudCameraControllerInfoAsync: canceled.
06-22 11:23:50.047 30727  2299 W libc    : Access denied finding property "vendor.camera.aux.packagelist"
06-22 11:23:50.047 30727  2299 W libc    : Access denied finding property "vendor.camera.aux.packagelistext"
06-22 11:23:50.053 30727  2299 D CameraInjector: updateCloudCameraControllerInfoAsync: canceled.
06-22 11:23:50.053 30727  2299 W libc    : Access denied finding property "vendor.camera.aux.packagelist"
06-22 11:23:50.054 30727  2299 W libc    : Access denied finding property "vendor.camera.aux.packagelistext"
06-22 11:23:50.055 30727  2299 D CameraInjector: updateCloudCameraControllerInfoAsync: canceled.
06-22 11:23:50.055 30727  2299 W libc    : Access denied finding property "vendor.camera.aux.packagelist"
06-22 11:23:50.056 30727  2299 W libc    : Access denied finding property "vendor.camera.aux.packagelistext"
06-22 11:23:50.060 30727  2299 D CameraInjector: updateCloudCameraControllerInfoAsync: canceled.
06-22 11:23:50.060 30727  2299 W libc    : Access denied finding property "vendor.camera.aux.packagelist"
06-22 11:23:50.061 30727  2299 W libc    : Access denied finding property "vendor.camera.aux.packagelistext"
06-22 11:23:50.065 30727  2299 D CameraInjector: updateCloudCameraControllerInfoAsync: canceled.
06-22 11:23:50.066 30727  2299 W libc    : Access denied finding property "vendor.camera.aux.packagelist"
06-22 11:23:50.066 30727  2299 W libc    : Access denied finding property "vendor.camera.aux.packagelistext"
06-22 11:23:50.070 30727  2299 D CameraInjector: updateCloudCameraControllerInfoAsync: canceled.
06-22 11:23:50.070 30727  2299 W libc    : Access denied finding property "vendor.camera.aux.packagelist"
06-22 11:23:50.070 30727  2299 W libc    : Access denied finding property "vendor.camera.aux.packagelistext"
06-22 11:23:50.072 30727  2299 D CameraInjector: updateCloudCameraControllerInfoAsync: canceled.
06-22 11:23:50.072 30727  2299 W libc    : Access denied finding property "vendor.camera.aux.packagelist"
06-22 11:23:50.072 30727  2299 W libc    : Access denied finding property "vendor.camera.aux.packagelistext"
06-22 11:23:50.077 30727  2299 D CameraInjector: updateCloudCameraControllerInfoAsync: canceled.
06-22 11:23:50.077 30727  2299 W libc    : Access denied finding property "vendor.camera.aux.packagelist"
06-22 11:23:50.077 30727  2299 W libc    : Access denied finding property "vendor.camera.aux.packagelistext"
06-22 11:23:50.099  1045  1537 W libc    : Access denied finding property "ro.vendor.display.max_hdr_luminance"
06-22 11:23:50.128  1045  1045 I BufferQueueProducer: [com.dibay.app/com.dibay.app.MainActivity#31171](this:0xb400007acb0e2610,id:-1,api:0,p:-1,c:1045) queueBuffer: fps=47.97 dur=1000.72 max=34.01 min=16.20
06-22 11:23:50.143  1180  1236 I misight : OnEvent EventPrivacyCompliance event=911001001
06-22 11:23:50.143  1180  1236 D misight : ProcessEvent devVersion==OS3.0.302.0.WHYMIXM,faultLevel=2,prv=3 region=eea
06-22 11:23:50.143  1180  1236 I misight : OnEvent EventStorageManager event=911001001,2
06-22 11:23:50.143 30727  2209 D AAudio  : AAudioStream_requestStop(s#7) called
06-22 11:23:50.143 30727  2209 D AAudioStream: setState(s#7) from 4 to 9
06-22 11:23:50.143 30727  2209 D AudioTrack: stop(5504): 0xb4000079014c18b0, prior state:STATE_ACTIVE packageName: com.dibay.app
06-22 11:23:50.143 30727  2209 D AudioTrack: stop(5504): prior state:STATE_ACTIVE
06-22 11:23:50.143  1180  1236 D misight : ProcessNewDayEvent event happen time 1782098630,start time=1782057600,restart=1
06-22 11:23:50.143 30727  2209 D AudioTrack: stop(5504): called with 209033 frames delivered
06-22 11:23:50.143  1180  1236 D misight : ProcessNewDayEvent event happen time 1782098630, last=1782098628,start time=1782057600,next day =1782144000, interval=86400
06-22 11:23:50.143 30727  2209 D AudioTrackShared: this(0xb4000077d14dac90), mCblk(0x7a69e44000), front(206505), mIsOut 1, interrupt() FUTEX_WAKE
06-22 11:23:50.143  1180  1236 D misight : Execute start execute sql /data/miuilog/misight/event.db:select id,event_id,daily_cnt,over_cnt,hour_cnt,next_expire_time,last_happen_time,last_log_time from event_daily where event_id = '911001001' limit 1
06-22 11:23:50.144 30727  3566 D AudioTrackShared: obtainBuffer() interrupted by client
06-22 11:23:50.144  1180  1236 D misight : DetectDropByTime event 911001001 parser maxCnt=200 lastTime=1782097229 same=0, overCnt=44231,dailyCnt=186,hourCnt=1
06-22 11:23:50.144  1180  1236 I misight : DetectDropEvent event 911001001 over hour cnt drop it, hourCnt=2 halfCnt=1, maxCnt=200 punishSecond=3240,space=1401
06-22 11:23:50.144  1180  1236 D misight : Execute start execute sql /data/miuilog/misight/event.db:update event_daily set  daily_cnt=186, hour_cnt=1, next_expire_time=1782100829, over_cnt=44232, last_happen_time=1782097229, last_log_time=0  where id = '1'
06-22 11:23:50.144  1673  2817 E AppOps  : attributionTag  not declared in manifest of com.dibay.app
06-22 11:23:50.145  1673  2817 E AppOps  : attributionTag  not declared in manifest of com.dibay.app
06-22 11:23:50.145 30727  2209 D AudioTrack: stop(5504): 0xb4000079014c18b0 stop done
06-22 11:23:50.146 30727  2209 D AAudioStream: setState(s#7) from 9 to 10
06-22 11:23:50.146  1180  1236 I misight : OnEvent EventInfoPack event 911001001
06-22 11:23:50.151  1180  1236 I misight : OnEvent EventPrivacyCompliance event=811001001
06-22 11:23:50.151  1180  1236 D misight : ProcessEvent devVersion==OS3.0.302.0.WHYMIXM,faultLevel=2,prv=3 region=eea
06-22 11:23:50.151  1180  1236 I misight : OnEvent EventStorageManager event=811001001,3
06-22 11:23:50.151  1180  1236 D misight : ProcessNewDayEvent event happen time 1782098630,start time=1782057600,restart=1
06-22 11:23:50.151  1180  1236 D misight : ProcessNewDayEvent event happen time 1782098630, last=1782098630,start time=1782057600,next day =1782144000, interval=86400
06-22 11:23:50.151  1180  1236 D misight : Execute start execute sql /data/miuilog/misight/event.db:select id,event_id,daily_cnt,over_cnt,hour_cnt,next_expire_time,last_happen_time,last_log_time from event_daily where event_id = '811001001' limit 1
06-22 11:23:50.151  1180  1236 D misight : DetectDropByTime event 811001001 parser maxCnt=200 lastTime=1782097229 same=0, overCnt=44231,dailyCnt=186,hourCnt=1
06-22 11:23:50.151  1180  1236 I misight : DetectDropEvent event 811001001 over hour cnt drop it, hourCnt=2 halfCnt=1, maxCnt=200 punishSecond=3240,space=1401
06-22 11:23:50.151  1180  1236 D misight : Execute start execute sql /data/miuilog/misight/event.db:update event_daily set  daily_cnt=186, hour_cnt=1, next_expire_time=1782100829, over_cnt=44232, last_happen_time=1782097229, last_log_time=0  where id = '2'
06-22 11:23:50.153  1180  1236 I misight : OnEvent EventInfoPack event 811001001
06-22 11:23:50.167  4061  4628 W BluetoothMetricsLogger: MetricsLogger isn't initialized
06-22 11:23:50.167  4061  4628 W BluetoothMetricsLogger: MetricsLogger isn't initialized
06-22 11:23:50.167  4061  4628 V BtGatt.ScanController: onScanResult() - eventType=0x0, addressType=1, address=XX:XX:XX:XX:EF:DB, primaryPhy=1, secondaryPhy=1, advertisingSid=0x1, txPower=127, rssi=-40, periodicAdvInt=0x0, originalAddress=00:00:00:00:00:00
06-22 11:23:50.167  4061  4628 V BtGatt.ScanController: Skipping client: permission=true matches=false
06-22 11:23:50.201  1673  2817 D PerfShielderService: com.dibay.app|com.dibay.app/com.dibay.app.MainActivity|2025|651045657866573|52|5|97
06-22 11:23:50.202  3805 16069 W MiuiPerfServiceClient: interceptAndQueuing:30727|com.dibay.app|2025|52|651045657866573|Slow issue draw commands|97
06-22 11:23:50.250  1226  1640 D ULogGuard: Monitoring: 7 threads, 0 requests, 0 time-bombs; 15 guards. ResetFlags = 0x7
06-22 11:23:50.262  1025  1419 D AF::Track: getNextBuffer, track(0xb4000079c858d9f0) get null buffer, mState 2, mFillingStatus 3
06-22 11:23:50.262  1025  1419 D MtkAudioResamplerDyn: MtkAudioResamplerDyn InBuffer::reset!!
06-22 11:23:50.283  1004  1077 I libPerfCtl: xgfGetFPS pid:2402 fps:-1
06-22 11:23:50.284  1004  1077 I libPerfCtl: xgfGetFPS pid:30727 fps:-1
06-22 11:23:50.290  1025  1419 D AudioFlinger_Threads: 0xb400007a83f03520:threadLoop_write write muted data to hw, mixerStatus 0 start, mId 13, mBytesWritten 3686400
06-22 11:23:50.318  1045  1537 W libc    : Access denied finding property "ro.vendor.display.max_hdr_luminance"
06-22 11:23:50.368  1025  1419 D AudioTrackShared: this(0xb4000079d85935d0), mCblk(0x7a83c40000), front(209033), mIsOut 1, setStreamEndDone() FUTEX_WAKE
06-22 11:23:50.368  1025  1419 D AudioFlinger_Threads: noteStopAudioInNeed
06-22 11:23:50.369  1025  1419 D BatteryNotifier: batteryHandler::send audio stop msg! 10307, 30727, 50441, 2
06-22 11:23:50.369  1025  1419 D AudioFlinger_Threads: removeTracks_l(4613): removing track on session 50441
06-22 11:23:50.369  1025  1304 D BatteryNotifier: BatteryNotifier::update audio stop to power insight! 10307, 30727, 50441, 2, isneedReport 1
06-22 11:23:50.369  1025  1419 V AudioPolicyInterfaceImpl: stopOutput()
06-22 11:23:50.369  1025  1419 V audio_utils::mutex: mutex_impl: audio_mutex initialized: ret:0  order:6
06-22 11:23:50.369  1673  1740 E BatteryStatsService: note StopAudioToPower BatteryStatsservices10307 30727 50441 5504 2
06-22 11:23:50.369  1673  1740 D BatteryStatsManagerStub: noteStopAudioInNeed uid is 10307, pid is 30727, session is 50441, port is 5504, type is 2
06-22 11:23:50.370  1673  1740 E PowerInsightPolicy: sPowerInsightService null!
06-22 11:23:50.370  1025  1354 V AudioPolicyInterfaceImpl: doStopOutput
06-22 11:23:50.370  1025  1354 I AudioEffect: disable 0xb4000078d8596c20
06-22 11:23:50.370  1025  1419 D AudioFlinger_Threads: removeTracks_l(4613): stopping track on chain 0xb40000783859df10 for session Id: 50441, count : 0.
06-22 11:23:50.370  1025  1354 V EffectHandle: disable 0xb4000079b858e6f0
06-22 11:23:50.370  1025  1419 D AudioFlinger_Threads: removeTracks_l() mActiveEffectChainIdVector.size() = 2, before mActiveEffectChainIdVector.erase(50441).
06-22 11:23:50.370  1025  1419 D AudioFlinger_Threads: removeTracks_l() mActiveSRCTrackIdVector.size() = 1, before mActiveSRCTrackIdVector.erase(4613).
06-22 11:23:50.370  1025  1354 V EffectBase: updatePolicyState name Music Volume Listener id 31099 session 50441 doRegister 0 registered 1 doEnable 1 enabled 0
06-22 11:23:50.370  5692 10904 I PowerKeeper.Event: noteStopAudioInNeed uid is 10307, sessionid is 50441, port is 5504, type is 2
06-22 11:23:50.370  1025  1419 D AudioFlinger_Threads: removeTracks_l() mActiveEffectChainIdVector.size() = 1, before mActiveEffectChainIdVector.erase(0).
06-22 11:23:50.370  1025  1354 V EffectBase: setEnabled 0xb40000784858c860 enabled 0
06-22 11:23:50.370  1025  1419 D AudioFlinger_Threads: updateWakeLockUids_l AudioOut_D uids:
06-22 11:23:50.370   960  1018 D MTKAdapterStreamLayer: updateMetadataCommon(), 
06-22 11:23:50.370   960  1018 I AudioALSAStreamOut: updateSourceMetadata(), do nothing source_metadata = 0x77c7c2ff78
06-22 11:23:50.371  1025  1354 I AudioEffect: Destructor 0xb4000078d8596c20
06-22 11:23:50.371  1025  1419 D StreamHalAidl: [out|ioHandle:13] setParameters: parameters: "NoAudioTrack=1"
06-22 11:23:50.371  1025  1419 D StreamHalAidl: [out|ioHandle:13] setParameters: parameters: NoAudioTrack=1
06-22 11:23:50.372  1040  1040 D Audio_ParameterParser: parseVendorParameters: scope: STREAM, keys/values: NoAudioTrack=1
06-22 11:23:50.373  1025  1354 V EffectHandle: disconnect 0xb4000079b858e6f0
06-22 11:23:50.373  1025  1354 V EffectHandle: disconnect(true) 0xb4000079b858e6f0
06-22 11:23:50.373  1025  1354 V EffectBase: disconnect() 0xb40000784858c860 handle 0xb4000079b858e6f0
06-22 11:23:50.373   960  1018 D AHAL_DlbVolumeListenerEffectContext: disable
06-22 11:23:50.373   960  1018 D AHAL_DlbVolumeListenerEffectContext: VolumeListenerContext::disable, session = 50441, ioHandle = 13
06-22 11:23:50.373   960  3567 D AHAL_EffectImpl: Music Volume ListenerV2 skip process in state: IDLE
06-22 11:23:50.373  1025  1354 V EffectBase: removeHandle_l() 0xb40000784858c860 removed handle 0xb4000079b858e6f0 in position 0
06-22 11:23:50.374  1025  1354 I AudioFlinger_Threads: removeEffect_l(): 0xb400007a83f03520, effect = 0xb40000784858c850, name = Music Volume Listener
06-22 11:23:50.378   960  1019 I AHAL_EffectImpl: command: line250 return with expr mState == State::IDLE
06-22 11:23:50.379   960  1019 D AHAL_DlbVolumeListenerEffectContext: disable
06-22 11:23:50.379   960  1019 D AHAL_DlbVolumeListenerEffectContext: ~VolumeListenerEffectContext
06-22 11:23:50.380   960  1019 I AHAL_EffectImpl: Music Volume ListenerV2close
06-22 11:23:50.381  1025  1354 I EffectChain: removeEffect_l() effect 0xb40000784858c850, removed from chain 0xb40000783859df10 at rank 0
06-22 11:23:50.381   960  1019 D AHAL_DlbVolumeListenerEffectImpl: ~VolumeListenerEffectImpl
06-22 11:23:50.381  1025  1354 I AudioFlinger_Threads: removeEffectChain_l() 0xb40000783859df10 from thread 0xb400007a83f03520 for session 50441
06-22 11:23:50.381  1025  1354 V audio_utils::mutex: mutex_impl: audio_mutex initialized: ret:0  order:21
06-22 11:23:50.381   960  1019 E AHAL_EffectImpl: command: line237 return with expr mState == State::INIT
06-22 11:23:50.381   960  1019 I AHAL_EffectImpl: close: line91 return with expr mState == State::INIT
06-22 11:23:50.382  1025  1354 V EffectBase: updatePolicyState name Music Volume Listener id 31099 session 50441 doRegister 1 registered 0 doEnable 0 enabled 0
06-22 11:23:50.382  1025  1354 I EffectModule: Destructor 0xb40000784858c850
06-22 11:23:50.382  1025  1354 V EffectHandle: Destructor 0xb4000079b858e6f0
06-22 11:23:50.382  1025  1354 V EffectHandle: disconnect(false) 0xb4000079b858e6f0
06-22 11:23:50.382  1025  1354 W audioserver: Binder 0xb4000079b858e700 destroyed after setInheritRt before being parceled.
06-22 11:23:50.382  1025  1354 W audioserver: Binder 0xb4000079b858e700 destroyed after setMinSchedulerPolicy before being parceled.
06-22 11:23:50.383  1025  1354 D APM_AudioPolicyManager: stopOutput portId 5504
06-22 11:23:50.383  1025  1354 D APM_AudioPolicyManager: stoptOutput() output 13, portId 5504, stream 3, session 50441, sample_rate 22050, format 0x5, channel_mask 0x1, appname com.dibay.app)
06-22 11:23:50.383  1025  1354 D APM_AudioPolicyManager: setOutputDevices caller gainTable_routeAndApplyVolumeFromStopSource[[portId:1][io:13, primary output]] prevDevice {AUDIO_DEVICE_OUT_SPEAKER, @:}
06-22 11:23:50.389  1025  1354 W APM::AudioPolicyEngine::ProductStrategy: getVolumeGroupForStreamType: no volume group for AUDIO_STREAM_DEFAULT, using default
06-22 11:23:50.389  1025  1419 I EffectChain: ~EffectChain(): delete EffectChain = 0xb40000783859df10
06-22 11:23:50.390  1025  1354 E APM_AudioPolicyManager: checkAndSetVolume invalid volume index range in the curve:
06-22 11:23:50.390  1025  1354 E APM_AudioPolicyManager:   Can be muted  Index Min  Index Max  Index Cur [device : index]...
06-22 11:23:50.390  1025  1354 E APM_AudioPolicyManager:   true          -1         -1         40000000 : 00, 
06-22 11:23:50.391  1025  1354 D AudioPolicyManagerCustomImpl: fm_applyGainFromCheckAndSetVolume size 0/4
06-22 11:23:50.391  1025  1354 D AudioPolicyManagerCustomImpl: fm_applyGainFromCheckAndSetVolume size 1/4
06-22 11:23:50.391  1025  1354 D AudioPolicyManagerCustomImpl: fm_applyGainFromCheckAndSetVolume size 2/4
06-22 11:23:50.392  1025  1354 D AudioPolicyManagerCustomImpl: fm_applyGainFromCheckAndSetVolume size 3/4
06-22 11:23:50.393  1025  1354 W APM::AudioPolicyEngine::ProductStrategy: getVolumeGroupForStreamType: no volume group for AUDIO_STREAM_DEFAULT, using default
06-22 11:23:50.396  1025  1354 V audio_utils::mutex: mutex_impl: audio_mutex initialized: ret:0  order:6
06-22 11:23:50.397  1025  1353 D AudioSystem: +setParameters(): appname=-com.dibay.app 
06-22 11:23:50.397  1025  1353 D AudioFlingerImpl: meetingpowerpolicy showMap from other ++++++
06-22 11:23:50.397  1025  1353 D AudioFlingerImpl: meetingpowerpolicy mVoipTxAppCount 0 mTargetRecordMode 1 mSupportMeetingPower 0 mIsSpeakerMic 1
06-22 11:23:50.397  1025  1353 D AudioFlingerImpl: meetingpowerpolicy showMap from other ------
06-22 11:23:50.397  1025  1353 D AudioFlingerImpl: setGameParameters keyvalue: appname=-com.dibay.app
06-22 11:23:50.397  1025  1353 D AudioFlinger: +mAudioHwDevs(primary)->setParameters(): appname=-com.dibay.app
06-22 11:23:50.397  1025  1353 D DeviceHalAidl: [default] setParameters: parameters: "appname=-com.dibay.app"
06-22 11:23:50.397  1040  1040 D Audio_ParameterParser: parseVendorParameters: scope: MODULE, keys/values: appname=-com.dibay.app
06-22 11:23:50.398   960  1019 D AudioALSAHardware: +setParameters(): appname=-com.dibay.app
06-22 11:23:50.398   960  1019 D AudioALSAHardware: setParameters: [DEBUG] setParameters misound AppName: -com.dibay.app
06-22 11:23:50.398   960  1019 D AudioALSAHardware: -setParameters(): appname=-com.dibay.app
06-22 11:23:50.398  1025  1353 D AudioFlinger: -mAudioHwDevs(primary)->setParameters(): appname=-com.dibay.app
06-22 11:23:50.398  1025  1353 D AudioFlinger: +mAudioHwDevs(r_submix)->setParameters(): appname=-com.dibay.app
06-22 11:23:50.399  1025  1353 D DeviceHalAidl: [r_submix] setParameters: parameters: "appname=-com.dibay.app"
06-22 11:23:50.399  1040  1040 D Audio_ParameterParser: parseVendorParameters: scope: MODULE, keys/values: appname=-com.dibay.app
06-22 11:23:50.399  1025  1353 D AudioFlinger: -mAudioHwDevs(r_submix)->setParameters(): appname=-com.dibay.app
06-22 11:23:50.399  1025  1353 D AudioFlinger: +mAudioHwDevs(bluetooth)->setParameters(): appname=-com.dibay.app
06-22 11:23:50.399  1025  1353 D DeviceHalAidl: [bluetooth] setParameters: parameters: "appname=-com.dibay.app"
06-22 11:23:50.400  1040  1040 D Audio_ParameterParser: parseVendorParameters: scope: MODULE, keys/values: appname=-com.dibay.app
06-22 11:23:50.400   960  1019 D AHAL_ModuleBluetooth: setVendorParameters: parameter count 1, async: 0
06-22 11:23:50.400   960  1019 D AHAL_ModuleBluetooth: setVendorParameters: appname=-com.dibay.app
06-22 11:23:50.400  1025  1353 D AudioFlinger: -mAudioHwDevs(bluetooth)->setParameters(): appname=-com.dibay.app
06-22 11:23:50.400  1025  1354 V audio_utils::mutex: mutex_impl: audio_mutex initialized: ret:0  order:6
06-22 11:23:50.401  1025  1353 D AudioSystem: +setParameters(): appname=-com.dibay.app 
06-22 11:23:50.401  1025  1353 D AudioFlingerImpl: meetingpowerpolicy showMap from other ++++++
06-22 11:23:50.401  1025  1353 D AudioFlingerImpl: meetingpowerpolicy mVoipTxAppCount 0 mTargetRecordMode 1 mSupportMeetingPower 0 mIsSpeakerMic 1
06-22 11:23:50.401  1025  1353 D AudioFlingerImpl: meetingpowerpolicy showMap from other ------
06-22 11:23:50.402  1025  1353 D AudioFlinger: +thread->setParameters(): io = 13, appname=-com.dibay.app
06-22 11:23:50.402  1025  1353 V audio_utils::mutex: mutex_impl: audio_mutex initialized: ret:0  order:21
06-22 11:23:50.411  1025  1419 D StreamHalAidl: [out|ioHandle:13] setParameters: parameters: "appname=-com.dibay.app"
06-22 11:23:50.411  1025  1419 D StreamHalAidl: [out|ioHandle:13] setParameters: parameters: appname=-com.dibay.app
06-22 11:23:50.411  1040  1040 D Audio_ParameterParser: parseVendorParameters: scope: STREAM, keys/values: appname=-com.dibay.app
06-22 11:23:50.412   960  1019 D AudioALSAStreamOut: +setParameters(): flag 10
06-22 11:23:50.412   960  1019 W AudioALSAStreamOut: setParameters(), still have param.size() = 1
06-22 11:23:50.412   960  1019 E AHAL_Stream: setVendorParameters: unrecognized parameter "appname=-com.dibay.app"
06-22 11:23:50.412  1025  1419 E ConversionHelperAidl: Function: parseAndSetVendorParameters Line: 104 Failed 
06-22 11:23:50.412  1025  1353 D AudioFlinger: -thread->setParameters(): io = 13, appname=-com.dibay.app
06-22 11:23:50.412  1025  1354 V AudioPolicyInterfaceImpl: doStopOutput(): client portId 5504, active 0, ActiveClientRefCount 0
06-22 11:23:50.481  1139  1251 D connsyslogger: SD_LOG_ROOT is /data/debuglogger/connsyslog/fw.
06-22 11:23:50.481  1139  1251 D connsyslogger: systemReady:1
06-22 11:23:50.528  1673  1907 D MiuiWifiCommonBase: band: 1, compensate: 0
06-22 11:23:50.530  1673  1907 E AmlWifiScoreReportInjector: AmlWifiScoreReportInjector was cleared
06-22 11:23:50.530  1673  1907 D WifiOptimizationImpl: AmlWifiScoreReportInjector.get() = null, stop reportTxBadOrRetryEvent
06-22 11:23:50.540   960  1114 D sixth_if_gift: sixth_vdd_proc : vdd = 4407937 
06-22 11:23:50.541   960  1114 D sixth_if_gift: sixth_wrap_vdd_msg: update vdd = 4407937
06-22 11:23:50.543   960  1114 D sixth_if_gift: sixth_wrap_vdd_msg: update vdd = 4407937
06-22 11:23:50.548  2402  2402 D ControlCenterHeaderExpandController: onExpansionChanged: progress =  0.0
06-22 11:23:50.549  1045  1537 W libc    : Access denied finding property "ro.vendor.display.max_hdr_luminance"
06-22 11:23:50.549  2402  2402 D ControlCenterHeaderExpandController: onExpansionChanged: progress =  0.0
06-22 11:23:50.550  2402  2402 D ControlCenterHeaderExpandController: onExpansionChanged: progress =  0.0
06-22 11:23:50.563  1045  1045 I BufferQueueProducer: [StatusBar#123](this:0xb400007acb0c0350,id:-1,api:0,p:-1,c:1045) queueBuffer: fps=0.33 dur=3019.07 max=3019.07 min=3019.07
06-22 11:23:50.615   970   982 I hwcomposer: [HWCDisplay] (0 updateFps():3644), (type:1, mode:2) fps:51.925312,dur:1001.44,max:35.31,min:14.68  
06-22 11:23:50.768  1045  1537 W libc    : Access denied finding property "ro.vendor.display.max_hdr_luminance"
06-22 11:23:50.779   960  1431 I android.hardware.audio.service-aidl.mediatek: misoundfx process numSamples: 48
06-22 11:23:50.806 30727  3562 D AudioTrackImpl: [audioTrackData][zero] 2s(f:1196 m:3 s:0 k:0 z:2000) : pid 30727 uid 10307 sessionId 50433 sr 48000 ch 2 fmt 5
06-22 11:23:50.872  2388  2891 D SatelliteController: iisInCarrierRoamingNbIotNtn: satellite is disabled
06-22 11:23:50.875  2388  2388 W Settings: Setting airplane_mode_on has moved from android.provider.Settings.System to android.provider.Settings.Global, returning read-only value.
06-22 11:23:50.880  2388  2918 D MiuiTelephonyDFS: msg.what = 2
06-22 11:23:50.882  2388  2918 D MiuiTelephonyDFS: getVoiceRat = 13
06-22 11:23:50.883  2388  3107 D NetworkSpeedTracker: updateSignalInfo lteRsrp=-100lteSnr=-3,phoneId=0
06-22 11:23:50.883  2388  3108 D HighSpeedTrainModeController: msg.what = 10
06-22 11:23:50.883  2388  2918 D MiuiTelephonyDFS: getRsrp = -100
06-22 11:23:50.883  2388  2918 D MiuiTelephonyDFS: getVoiceRat = 13
06-22 11:23:50.883  2388  2918 D MiuiTelephonyDFS: getSnr = -3
06-22 11:23:50.883  2388  2918 D MiSight::  constructEvent id=915100005
06-22 11:23:50.884  2388  2918 D MiSight::  sendEvent id=915100005
06-22 11:23:50.884  2388  2918 D MiSightJni: MiSight: Java_com_miui_misight_MiSight_nativeSendEvent enter called. '{"SNRValue":-3}'
06-22 11:23:50.884  2388  2918 D MiEvent : MiEvent: this 0x763f073e20, paylod=0xb4000078c14a01c0
06-22 11:23:50.885  2388  2918 D MiEvent : flatten EventId 915100005 -t 1782098630 -paraList {"SNRValue":-3}
06-22 11:23:50.885  2388  2918 D MiEvent : report:EventId 915100005 -t 1782098630 -paraList {"SNRValue":-3} success
06-22 11:23:50.885  2388  2918 D MiEvent : ~MiEvent: this 0x763f073e20, paylod=0xb4000078c14a01c0
06-22 11:23:50.885  1180  1236 I misight : OnEvent EventPrivacyCompliance event=915100005
06-22 11:23:50.885  1180  1236 D misight : ProcessEvent devVersion==OS3.0.302.0.WHYMIXM,faultLevel=2,prv=3 region=eea
06-22 11:23:50.886  1180  1236 I misight : OnEvent EventStorageManager event=915100005,3
06-22 11:23:50.886  1180  1236 D misight : ProcessNewDayEvent event happen time 1782098630,start time=1782057600,restart=1
06-22 11:23:50.886  1180  1236 D misight : ProcessNewDayEvent event happen time 1782098630, last=1782098630,start time=1782057600,next day =1782144000, interval=86400
06-22 11:23:50.886  1180  1236 D misight : Execute start execute sql /data/miuilog/misight/event.db:select id,event_id,daily_cnt,over_cnt,hour_cnt,next_expire_time,last_happen_time,last_log_time from event_daily where event_id = '915100005' limit 1
06-22 11:23:50.886  1180  1236 D misight : DetectDropByTime event 915100005 parser maxCnt=200 lastTime=1782098553 same=0, overCnt=27744,dailyCnt=178,hourCnt=1
06-22 11:23:50.886  1180  1236 I misight : DetectDropEvent event 915100005 over hour cnt drop it, hourCnt=2 halfCnt=1, maxCnt=200 punishSecond=2062,space=77
06-22 11:23:50.886  1180  1236 D misight : Execute start execute sql /data/miuilog/misight/event.db:update event_daily set  daily_cnt=178, hour_cnt=1, next_expire_time=1782102153, over_cnt=27745, last_happen_time=1782098553, last_log_time=0  where id = '4'
06-22 11:23:50.889  1180  1236 I misight : OnEvent EventInfoPack event 915100005
06-22 11:23:51.005  1045  1537 W libc    : Access denied finding property "ro.vendor.display.max_hdr_luminance"
06-22 11:23:51.129  1045  1045 I BufferQueueProducer: [com.dibay.app/com.dibay.app.MainActivity#31171](this:0xb400007acb0e2610,id:-1,api:0,p:-1,c:1045) queueBuffer: fps=50.96 dur=1000.82 max=33.97 min=15.81
06-22 11:23:51.234  1045  1537 W libc    : Access denied finding property "ro.vendor.display.max_hdr_luminance"
06-22 11:23:51.283  1004  1077 I libPerfCtl: xgfGetFPS pid:2402 fps:-1
06-22 11:23:51.283  1004  1077 I libPerfCtl: xgfGetFPS pid:30727 fps:-1
06-22 11:23:51.412  2388  2891 D SatelliteController: iisInCarrierRoamingNbIotNtn: satellite is disabled
06-22 11:23:51.417  2388  2388 W Settings: Setting airplane_mode_on has moved from android.provider.Settings.System to android.provider.Settings.Global, returning read-only value.
06-22 11:23:51.423  2388  2918 D MiuiTelephonyDFS: msg.what = 2
06-22 11:23:51.423  2388  3107 D NetworkSpeedTracker: updateNwSignalInfo not allowed ,ignore
06-22 11:23:51.423  2388  2918 D MiuiTelephonyDFS: getVoiceRat = 13
06-22 11:23:51.423  2388  2918 D MiuiTelephonyDFS: getRsrp = -99
06-22 11:23:51.423  2388  2918 D MiuiTelephonyDFS: getVoiceRat = 13
06-22 11:23:51.424  2388  3108 D HighSpeedTrainModeController: msg.what = 10
06-22 11:23:51.424  2388  2918 D MiuiTelephonyDFS: getSnr = -4
06-22 11:23:51.424  2388  2918 D MiSight::  constructEvent id=915100005
06-22 11:23:51.424  2388  2918 D MiSight::  sendEvent id=915100005
06-22 11:23:51.425  2388  2918 D MiSightJni: MiSight: Java_com_miui_misight_MiSight_nativeSendEvent enter called. '{"SNRValue":-4}'
06-22 11:23:51.425  2388  2918 D MiEvent : MiEvent: this 0x763f073e20, paylod=0xb4000078c14a01c0
06-22 11:23:51.425  2388  2918 D MiEvent : flatten EventId 915100005 -t 1782098631 -paraList {"SNRValue":-4}
06-22 11:23:51.425  2388  2918 D MiEvent : report:EventId 915100005 -t 1782098631 -paraList {"SNRValue":-4} success
06-22 11:23:51.425  2388  2918 D MiEvent : ~MiEvent: this 0x763f073e20, paylod=0xb4000078c14a01c0
06-22 11:23:51.425  1180  1236 I misight : OnEvent EventPrivacyCompliance event=915100005
06-22 11:23:51.425  1180  1236 D misight : ProcessEvent devVersion==OS3.0.302.0.WHYMIXM,faultLevel=2,prv=3 region=eea
06-22 11:23:51.426  1180  1236 I misight : OnEvent EventStorageManager event=915100005,3
06-22 11:23:51.426  1180  1236 D misight : ProcessNewDayEvent event happen time 1782098631,start time=1782057600,restart=1
06-22 11:23:51.426  1180  1236 D misight : ProcessNewDayEvent event happen time 1782098631, last=1782098630,start time=1782057600,next day =1782144000, interval=86400
06-22 11:23:51.426  1180  1236 D misight : Execute start execute sql /data/miuilog/misight/event.db:select id,event_id,daily_cnt,over_cnt,hour_cnt,next_expire_time,last_happen_time,last_log_time from event_daily where event_id = '915100005' limit 1
06-22 11:23:51.426  1180  1236 D misight : DetectDropByTime event 915100005 parser maxCnt=200 lastTime=1782098553 same=0, overCnt=27745,dailyCnt=178,hourCnt=1
06-22 11:23:51.426  1180  1236 I misight : DetectDropEvent event 915100005 over hour cnt drop it, hourCnt=2 halfCnt=1, maxCnt=200 punishSecond=2062,space=78
06-22 11:23:51.426  1180  1236 D misight : Execute start execute sql /data/miuilog/misight/event.db:update event_daily set  daily_cnt=178, hour_cnt=1, next_expire_time=1782102153, over_cnt=27746, last_happen_time=1782098553, last_log_time=0  where id = '4'
06-22 11:23:51.429  1180  1236 I misight : OnEvent EventInfoPack event 915100005
06-22 11:23:51.467  1045  1537 W libc    : Access denied finding property "ro.vendor.display.max_hdr_luminance"
06-22 11:23:51.603  1051  1059 D ccci_mdinit: (1):monitor_time_update_thread round:34304 ########
06-22 11:23:51.632   970   982 I hwcomposer: [HWCDisplay] (0 updateFps():3644), (type:1, mode:2) fps:46.235928,dur:1016.53,max:36.93,min:14.76  
06-22 11:23:51.668  1045  1537 W libc    : Access denied finding property "ro.vendor.display.max_hdr_luminance"
06-22 11:23:51.671   960  6472 D DlbDap2Process: process() called [797000] times with input format 0x22 and channel mask 0x3 (ProcessingMode=10), htEnable=0(0, 0, 0)
06-22 11:23:51.682  1241  1241 I thermal_src: recvmsg_expect 5, but get 2 
06-22 11:23:51.682  1241  1241 V thermal_src: TA_DAEMON_CMD_GET_TPCB:ERROR ret=-1
06-22 11:23:51.682  1241  1241 E thermal_src: get_tpcb_from_kernel:error -1. retry...
06-22 11:23:51.682  1241  1241 I thermal_src: recvmsg_expect 5, but get 2 
06-22 11:23:51.682  1241  1241 V thermal_src: TA_DAEMON_CMD_GET_TPCB:ERROR ret=-1
06-22 11:23:51.682  1241  1241 E thermal_src: get_tpcb_from_kernel:error -1. retry...
06-22 11:23:51.682  1241  1241 I thermal_src: recvmsg_expect 4, but get 2 
06-22 11:23:51.683  1241  1241 V thermal_src: TA_DAEMON_CMD_SET_TTJ:ERROR ret=-1
06-22 11:23:51.683  1241  1241 E thermal_src: set_ttj_to_kernel 1:error -1
06-22 11:23:51.683  1241  1241 I thermal_src: recvmsg_expect 2, but get 5 
06-22 11:23:51.683  1241  1241 V thermal_src: waiting NOTIFY from kernel miss, -1
06-22 11:23:51.683  1241  1241 I thermal_src: recvmsg_expect 2, but get 5 
06-22 11:23:51.683  1241  1241 V thermal_src: waiting NOTIFY from kernel miss, -1
06-22 11:23:51.683  1241  1241 I thermal_src: recvmsg_expect 2, but get 4 
06-22 11:23:51.683  1241  1241 V thermal_src: waiting NOTIFY from kernel miss, -1
06-22 11:23:51.692   960  1431 I android.hardware.audio.service-aidl.mediatek: misoundfx process numSamples: 48
06-22 11:23:51.869  1045  1537 W libc    : Access denied finding property "ro.vendor.display.max_hdr_luminance"
06-22 11:23:52.086  1045  1537 W libc    : Access denied finding property "ro.vendor.display.max_hdr_luminance"
06-22 11:23:52.146  1045  1045 I BufferQueueProducer: [com.dibay.app/com.dibay.app.MainActivity#31171](this:0xb400007acb0e2610,id:-1,api:0,p:-1,c:1045) queueBuffer: fps=47.18 dur=1017.30 max=34.00 min=16.17
06-22 11:23:52.147  1673  1673 D MBrainLocalService: isVendorFreezeConditionPass is false
06-22 11:23:52.148  1673  1673 D MBrainLocalService: notifyAudioModeChange failed
06-22 11:23:52.162  1180  1236 I misight : OnEvent EventPrivacyCompliance event=911001001
06-22 11:23:52.162  1180  1236 D misight : ProcessEvent devVersion==OS3.0.302.0.WHYMIXM,faultLevel=2,prv=3 region=eea
06-22 11:23:52.162  1180  1236 I misight : OnEvent EventStorageManager event=911001001,2
06-22 11:23:52.162  1180  1236 D misight : ProcessNewDayEvent event happen time 1782098632,start time=1782057600,restart=1
06-22 11:23:52.162  1180  1236 D misight : ProcessNewDayEvent event happen time 1782098632, last=1782098631,start time=1782057600,next day =1782144000, interval=86400
06-22 11:23:52.162  1180  1236 D misight : Execute start execute sql /data/miuilog/misight/event.db:select id,event_id,daily_cnt,over_cnt,hour_cnt,next_expire_time,last_happen_time,last_log_time from event_daily where event_id = '911001001' limit 1
06-22 11:23:52.163  1180  1236 D misight : DetectDropByTime event 911001001 parser maxCnt=200 lastTime=1782097229 same=0, overCnt=44232,dailyCnt=186,hourCnt=1
06-22 11:23:52.163  1180  1236 I misight : DetectDropEvent event 911001001 over hour cnt drop it, hourCnt=2 halfCnt=1, maxCnt=200 punishSecond=3240,space=1403
06-22 11:23:52.163  1180  1236 D misight : Execute start execute sql /data/miuilog/misight/event.db:update event_daily set  daily_cnt=186, hour_cnt=1, next_expire_time=1782100829, over_cnt=44233, last_happen_time=1782097229, last_log_time=0  where id = '1'
06-22 11:23:52.167  1180  1236 I misight : OnEvent EventInfoPack event 911001001
06-22 11:23:52.168  1180  1236 I misight : OnEvent EventPrivacyCompliance event=811001001
06-22 11:23:52.169  1180  1236 D misight : ProcessEvent devVersion==OS3.0.302.0.WHYMIXM,faultLevel=2,prv=3 region=eea
06-22 11:23:52.169  1180  1236 I misight : OnEvent EventStorageManager event=811001001,3
06-22 11:23:52.169  1180  1236 D misight : ProcessNewDayEvent event happen time 1782098632,start time=1782057600,restart=1
06-22 11:23:52.169  1180  1236 D misight : ProcessNewDayEvent event happen time 1782098632, last=1782098632,start time=1782057600,next day =1782144000, interval=86400
06-22 11:23:52.169  1180  1236 D misight : Execute start execute sql /data/miuilog/misight/event.db:select id,event_id,daily_cnt,over_cnt,hour_cnt,next_expire_time,last_happen_time,last_log_time from event_daily where event_id = '811001001' limit 1
06-22 11:23:52.169  1180  1236 D misight : DetectDropByTime event 811001001 parser maxCnt=200 lastTime=1782097229 same=0, overCnt=44232,dailyCnt=186,hourCnt=1
06-22 11:23:52.169  1180  1236 I misight : DetectDropEvent event 811001001 over hour cnt drop it, hourCnt=2 halfCnt=1, maxCnt=200 punishSecond=3240,space=1403
06-22 11:23:52.170  1180  1236 D misight : Execute start execute sql /data/miuilog/misight/event.db:update event_daily set  daily_cnt=186, hour_cnt=1, next_expire_time=1782100829, over_cnt=44233, last_happen_time=1782097229, last_log_time=0  where id = '2'
06-22 11:23:52.171  1180  1236 I misight : OnEvent EventInfoPack event 811001001
06-22 11:23:52.267  1025  1419 D StreamHalAidl: [out|ioHandle:13] standby
06-22 11:23:52.268  1025  1419 D StreamHalAidl: [out|ioHandle:13] pause
06-22 11:23:52.268   960  1418 D AHAL_Stream: cycle: received command Command{pause: Void{}} in writer
06-22 11:23:52.268   960  1418 I AHAL_Stream: pause()
06-22 11:23:52.268   960  1418 D MTKAdapterStreamLayer: pause(), 
06-22 11:23:52.268   960  1418 D AudioALSAStreamOut: pause() 0xb4000078d7d45390
06-22 11:23:52.268   960  1418 W AudioALSAPlaybackHandlerBase: compensatePresentationPosition(), timestamp 651047.723445343 older then mPreviousTime 651047.724458573!!
06-22 11:23:52.268   960  1418 D AHAL_Stream: cycle: writing reply Reply{status: 0, fmqByteCount: 0, observable: Position{frames: 311407886, timeNs: 651047723445343}, hardware: Position{frames: -1, timeNs: -1}, latencyMs: 85, xrunFrames: 0, state: PAUSED}
06-22 11:23:52.268  1025  1419 D StreamHalAidl: [out|ioHandle:13] flush
06-22 11:23:52.268   960  1418 D AHAL_Stream: cycle: received command Command{flush: Void{}} in writer
06-22 11:23:52.268   960  1418 I AHAL_Stream: flush()
06-22 11:23:52.268   960  1418 D MTKAdapterStreamLayer: flush(), 
06-22 11:23:52.268   960  1418 D AudioALSAStreamOut: flush() 0xb4000078d7d45390
06-22 11:23:52.269   960  1418 W AudioALSAPlaybackHandlerBase: compensatePresentationPosition(), timestamp 651047.723445343 older then mPreviousTime 651047.724458573!!
06-22 11:23:52.269   960  1418 D AHAL_Stream: cycle: writing reply Reply{status: 0, fmqByteCount: 0, observable: Position{frames: 311407886, timeNs: 651047723445343}, hardware: Position{frames: -1, timeNs: -1}, latencyMs: 85, xrunFrames: 0, state: IDLE}
06-22 11:23:52.269   960  1418 D AHAL_Stream: cycle: received command Command{standby: Void{}} in writer
06-22 11:23:52.269   960  1418 W AudioALSAPlaybackHandlerBase: compensatePresentationPosition(), timestamp 651047.723445343 older then mPreviousTime 651047.724458573!!
06-22 11:23:52.269   960  1418 D AudioALSAStreamOut: standby(), flag 10
06-22 11:23:52.269   960  1418 D AudioALSAStreamOut: standbyStreamOut(), halRequest 0, mDestroy 0, flag 10
06-22 11:23:52.269   960  1418 D AudioALSAStreamOut: close_l(), flags 10
06-22 11:23:52.269   960  1418 D AudioALSAHardware: [DEBUG] setDeviceStatusChanged: devices=[0x2], isOpen=[0], isFast=[0]
06-22 11:23:52.269   960  1418 D AudioALSAPlaybackHandlerMixer: close(+), source flag 10, mDevice = 0x2, buffer_size 8192
06-22 11:23:52.269   960  1418 D audio_sw_mixer: sw_mixer_source_detach(), MIXER_PLAYBACK  , name T_PRIMARY
06-22 11:23:52.269   960  1418 D audio_sw_mixer: sw_mixer_manager_destroy_path(), MIXER_PLAYBACK  , path T_PRIMARY=>T_PRIMARY
06-22 11:23:52.269   960  1418 D audio_sw_mixer: dump_path_list(), MIXER_PLAYBACK  , T_FAST=>T_PRIMARY   [2048, 1, y] 
06-22 11:23:52.269   960  1418 W audio_sw_mixer: sw_mixer_manager_destroy_path(-), MIXER_PLAYBACK  , path T_PRIMARY=>T_PRIMARY, rb cnt 14336, conv close 0.001 ms
06-22 11:23:52.269   960  1418 D AudioALSAPlaybackHandlerBase: DestroyAurisysLibManager()
06-22 11:23:52.269   960  1418 I android.hardware.audio.service-aidl.mediatek: misound4_arsi_destroy_handler misound_arsi_destroy_handler
06-22 11:23:52.270   960  1418 D aurisys_lib_handler: aurisys_arsi_destroy_handler(), lib_name misound, 0xb400007907d4e170, arsi_destroy_handler, arsi_handler = 0xb4000077c7e363c0, retval = 0
06-22 11:23:52.270   960  1418 I android.hardware.audio.service-aidl.mediatek: mi_lrswitch_destroy_handler mi_lrswitch_destroy_handler
06-22 11:23:52.270   960  1418 D aurisys_lib_handler: aurisys_arsi_destroy_handler(), lib_name misoundcrossfade, 0xb400007907d50840, arsi_destroy_handler, arsi_handler = 0xb400007887d5f810, retval = 0
06-22 11:23:52.270   960  1418 D aurisys_lib_manager: delete_aurisys_lib_manager(), manager 0xb4000077e7ddb8b0
06-22 11:23:52.270   960  1418 D AudioALSAPlaybackHandlerMixer: close(-)
06-22 11:23:52.270   960  1418 D AudioALSAStreamManager: routingOutputDeviceForIEMs()
06-22 11:23:52.272   960  1418 D AudioALSAStreamManager: routingOutputDeviceForIEMs(), flags: 0x4 active, do not routing IEMs out device
06-22 11:23:52.272   960  1418 D AHAL_Stream: cycle: writing reply Reply{status: 0, fmqByteCount: 0, observable: Position{frames: 311407886, timeNs: 651047723445343}, hardware: Position{frames: -1, timeNs: -1}, latencyMs: 85, xrunFrames: 0, state: STANDBY}
06-22 11:23:52.283  1004  1077 I libPerfCtl: xgfGetFPS pid:2402 fps:-1
06-22 11:23:52.283  1004  1077 I libPerfCtl: xgfGetFPS pid:30727 fps:-1
06-22 11:23:52.300  1045  1537 W libc    : Access denied finding property "ro.vendor.display.max_hdr_luminance"
06-22 11:23:52.481  1139  1251 D connsyslogger: SD_LOG_ROOT is /data/debuglogger/connsyslog/fw.
06-22 11:23:52.481  1139  1251 D connsyslogger: systemReady:1
06-22 11:23:52.504  1045  1537 W libc    : Access denied finding property "ro.vendor.display.max_hdr_luminance"
06-22 11:23:52.609 30727  3562 D AudioTrackImpl: [audioTrackData][zero] 1s(f:1564 m:3 s:0 k:0 z:1003) : pid 30727 uid 10307 sessionId 50433 sr 48000 ch 2 fmt 5
06-22 11:23:52.634   970   982 I hwcomposer: [HWCDisplay] (0 updateFps():3644), (type:1, mode:2) fps:46.901047,dur:1002.11,max:34.66,min:14.26  
06-22 11:23:52.636   960  1431 I android.hardware.audio.service-aidl.mediatek: misoundfx process numSamples: 48
06-22 11:23:52.663  9858 17615 D JavaheapMonitor: Java heap used=17M max=256M, proc: com.google.android.apps.messaging
06-22 11:23:52.664  9858 17615 V JavaheapMonitor: Check java heap usage finished! Next check delay: 300000
06-22 11:23:52.689  1673  4059 D PerfShielderService: com.dibay.app|com.dibay.app/com.dibay.app.MainActivity|2511|651048145992035|54|5|120
06-22 11:23:52.690  3805 16069 W MiuiPerfServiceClient: interceptAndQueuing:30727|com.dibay.app|2511|54|651048145992035|Slow issue draw commands|120
06-22 11:23:52.704  7468  8542 D JavaheapMonitor: Java heap used=17M max=256M, proc: com.google.android.inputmethod.latin
06-22 11:23:52.704  7468  8542 V JavaheapMonitor: Check java heap usage finished! Next check delay: 300000
06-22 11:23:52.734  1045  1537 W libc    : Access denied finding property "ro.vendor.display.max_hdr_luminance"
06-22 11:23:52.938  1045  1537 W libc    : Access denied finding property "ro.vendor.display.max_hdr_luminance"
06-22 11:23:52.983 29091 30992 D JavaheapMonitor: Java heap used=3M max=256M, proc: com.miui.analytics
06-22 11:23:52.984 29091 30992 V JavaheapMonitor: Check java heap usage finished! Next check delay: 300000
06-22 11:23:53.148  1045  1045 I BufferQueueProducer: [com.dibay.app/com.dibay.app.MainActivity#31171](this:0xb400007acb0e2610,id:-1,api:0,p:-1,c:1045) queueBuffer: fps=48.94 dur=1001.21 max=34.23 min=15.52
06-22 11:23:53.154  1045  1537 W libc    : Access denied finding property "ro.vendor.display.max_hdr_luminance"
06-22 11:23:53.250  1226  1640 D ULogGuard: Monitoring: 7 threads, 0 requests, 0 time-bombs; 15 guards. ResetFlags = 0x7
06-22 11:23:53.283  1004  1077 I libPerfCtl: xgfGetFPS pid:2402 fps:-1
06-22 11:23:53.283  1004  1077 I libPerfCtl: xgfGetFPS pid:30727 fps:-1
06-22 11:23:53.370  1045  1537 W libc    : Access denied finding property "ro.vendor.display.max_hdr_luminance"
06-22 11:23:53.456  3695  4248 D JavaheapMonitor: Java heap used=2M max=256M, proc: com.google.android.providers.media.module
06-22 11:23:53.456  3695  4248 V JavaheapMonitor: Check java heap usage finished! Next check delay: 300000
06-22 11:23:53.540  1673  1907 D MiuiWifiCommonBase: band: 1, compensate: 0
06-22 11:23:53.542  1673  1907 E AmlWifiScoreReportInjector: AmlWifiScoreReportInjector was cleared
06-22 11:23:53.542  1673  1907 D WifiOptimizationImpl: AmlWifiScoreReportInjector.get() = null, stop reportTxBadOrRetryEvent
06-22 11:23:53.588  1045  1537 W libc    : Access denied finding property "ro.vendor.display.max_hdr_luminance"
06-22 11:23:53.606 30727  3562 D AudioTrackImpl: [audioTrackData][zero] 2s(f:1564 m:3 s:0 k:0 z:2001) : pid 30727 uid 10307 sessionId 50433 sr 48000 ch 2 fmt 5
06-22 11:23:53.636  1673  4059 I ActivityManager: unbindService com.android.server.am.ActiveServices@8d075d7 conn=android.os.BinderProxy@9dca4fd callingPid=6488
06-22 11:23:53.638   960  1431 I android.hardware.audio.service-aidl.mediatek: misoundfx process numSamples: 48
06-22 11:23:53.638  1673  2817 I ActivityManager: unbindService com.android.server.am.ActiveServices@8d075d7 conn=android.os.BinderProxy@6299ea8 callingPid=30727
06-22 11:23:53.640  6488  6488 D BoundBrokerSvc: onUnbind: Intent { act=com.google.android.gms.safebrowsing.SafeBrowsingService.START dat=chimera-action:/... xflg=0x4 cmp=com.google.android.gms/.chimera.GmsBoundBrokerService }
06-22 11:23:53.650   970   982 I hwcomposer: [HWCDisplay] (0 updateFps():3644), (type:1, mode:2) fps:47.241962,dur:1016.05,max:34.74,min:14.40  
06-22 11:23:53.683  1241  1241 I thermal_src: recvmsg_expect 5, but get 2 
06-22 11:23:53.683  1241  1241 V thermal_src: TA_DAEMON_CMD_GET_TPCB:ERROR ret=-1
06-22 11:23:53.683  1241  1241 E thermal_src: get_tpcb_from_kernel:error -1. retry...
06-22 11:23:53.684  1241  1241 I thermal_src: recvmsg_expect 5, but get 2 
06-22 11:23:53.684  1241  1241 V thermal_src: TA_DAEMON_CMD_GET_TPCB:ERROR ret=-1
06-22 11:23:53.684  1241  1241 E thermal_src: get_tpcb_from_kernel:error -1. retry...
06-22 11:23:53.684  1241  1241 I thermal_src: recvmsg_expect 4, but get 2 
06-22 11:23:53.684  1241  1241 V thermal_src: TA_DAEMON_CMD_SET_TTJ:ERROR ret=-1
06-22 11:23:53.684  1241  1241 E thermal_src: set_ttj_to_kernel 1:error -1
06-22 11:23:53.684  1241  1241 I thermal_src: recvmsg_expect 2, but get 5 
06-22 11:23:53.684  1241  1241 V thermal_src: waiting NOTIFY from kernel miss, -1
06-22 11:23:53.684  1241  1241 I thermal_src: recvmsg_expect 2, but get 5 
06-22 11:23:53.684  1241  1241 V thermal_src: waiting NOTIFY from kernel miss, -1
06-22 11:23:53.684  1241  1241 I thermal_src: recvmsg_expect 2, but get 4 
06-22 11:23:53.684  1241  1241 V thermal_src: waiting NOTIFY from kernel miss, -1
06-22 11:23:53.804  1045  1537 W libc    : Access denied finding property "ro.vendor.display.max_hdr_luminance"
06-22 11:23:54.006  1045  1537 W libc    : Access denied finding property "ro.vendor.display.max_hdr_luminance"
06-22 11:23:54.164  1045  1045 I BufferQueueProducer: [com.dibay.app/com.dibay.app.MainActivity#31171](this:0xb400007acb0e2610,id:-1,api:0,p:-1,c:1045) queueBuffer: fps=42.29 dur=1016.71 max=33.98 min=16.14
06-22 11:23:54.212  1180  1236 I misight : OnEvent EventPrivacyCompliance event=911001001
06-22 11:23:54.212  1180  1236 D misight : ProcessEvent devVersion==OS3.0.302.0.WHYMIXM,faultLevel=2,prv=3 region=eea
06-22 11:23:54.212  1180  1236 I misight : OnEvent EventStorageManager event=911001001,2
06-22 11:23:54.212  1180  1236 D misight : ProcessNewDayEvent event happen time 1782098634,start time=1782057600,restart=1
06-22 11:23:54.212  1180  1236 D misight : ProcessNewDayEvent event happen time 1782098634, last=1782098632,start time=1782057600,next day =1782144000, interval=86400
06-22 11:23:54.212  1180  1236 D misight : Execute start execute sql /data/miuilog/misight/event.db:select id,event_id,daily_cnt,over_cnt,hour_cnt,next_expire_time,last_happen_time,last_log_time from event_daily where event_id = '911001001' limit 1
06-22 11:23:54.213  1180  1236 D misight : DetectDropByTime event 911001001 parser maxCnt=200 lastTime=1782097229 same=0, overCnt=44233,dailyCnt=186,hourCnt=1
06-22 11:23:54.213  1180  1236 I misight : DetectDropEvent event 911001001 over hour cnt drop it, hourCnt=2 halfCnt=1, maxCnt=200 punishSecond=3240,space=1405
06-22 11:23:54.213  1180  1236 D misight : Execute start execute sql /data/miuilog/misight/event.db:update event_daily set  daily_cnt=186, hour_cnt=1, next_expire_time=1782100829, over_cnt=44234, last_happen_time=1782097229, last_log_time=0  where id = '1'
06-22 11:23:54.216  1180  1236 I misight : OnEvent EventInfoPack event 911001001
06-22 11:23:54.220  1180  1236 I misight : OnEvent EventPrivacyCompliance event=811001001
06-22 11:23:54.220  1180  1236 D misight : ProcessEvent devVersion==OS3.0.302.0.WHYMIXM,faultLevel=2,prv=3 region=eea
06-22 11:23:54.220  1180  1236 I misight : OnEvent EventStorageManager event=811001001,3
06-22 11:23:54.221  1180  1236 D misight : ProcessNewDayEvent event happen time 1782098634,start time=1782057600,restart=1
06-22 11:23:54.221  1180  1236 D misight : ProcessNewDayEvent event happen time 1782098634, last=1782098634,start time=1782057600,next day =1782144000, interval=86400
06-22 11:23:54.221  1180  1236 D misight : Execute start execute sql /data/miuilog/misight/event.db:select id,event_id,daily_cnt,over_cnt,hour_cnt,next_expire_time,last_happen_time,last_log_time from event_daily where event_id = '811001001' limit 1
06-22 11:23:54.221  1180  1236 D misight : DetectDropByTime event 811001001 parser maxCnt=200 lastTime=1782097229 same=0, overCnt=44233,dailyCnt=186,hourCnt=1
06-22 11:23:54.221  1180  1236 I misight : DetectDropEvent event 811001001 over hour cnt drop it, hourCnt=2 halfCnt=1, maxCnt=200 punishSecond=3240,space=1405
06-22 11:23:54.222  1180  1236 D misight : Execute start execute sql /data/miuilog/misight/event.db:update event_daily set  daily_cnt=186, hour_cnt=1, next_expire_time=1782100829, over_cnt=44234, last_happen_time=1782097229, last_log_time=0  where id = '2'
06-22 11:23:54.223  1180  1236 I misight : OnEvent EventInfoPack event 811001001
06-22 11:23:54.237  1045  1537 W libc    : Access denied finding property "ro.vendor.display.max_hdr_luminance"
06-22 11:23:54.240  2297  2604 D IpClient/wlan0: interfaceLinkStateChanged: ifindex 36 up
06-22 11:23:54.285  1004  1077 I libPerfCtl: xgfGetFPS pid:2402 fps:-1
06-22 11:23:54.285  1004  1077 I libPerfCtl: xgfGetFPS pid:30727 fps:-1
06-22 11:23:54.473  1045  1537 W libc    : Access denied finding property "ro.vendor.display.max_hdr_luminance"
06-22 11:23:54.482  1139  1251 D connsyslogger: SD_LOG_ROOT is /data/debuglogger/connsyslog/fw.
06-22 11:23:54.482  1139  1251 D connsyslogger: systemReady:1
06-22 11:23:54.492  1241  1241 I thermal_src: recvmsg_expect 5, but get 2 
06-22 11:23:54.492  1241  1241 V thermal_src: TA_DAEMON_CMD_GET_TPCB:ERROR ret=-1
06-22 11:23:54.492  1241  1241 E thermal_src: get_tpcb_from_kernel:error -1. retry...
06-22 11:23:54.492  1241  1241 I thermal_src: recvmsg_expect 4, but get 2 
06-22 11:23:54.492  1241  1241 V thermal_src: TA_DAEMON_CMD_SET_TTJ:ERROR ret=-1
06-22 11:23:54.492  1241  1241 E thermal_src: set_ttj_to_kernel 1:error -1
06-22 11:23:54.492  1241  1241 I thermal_src: recvmsg_expect 2, but get 5 
06-22 11:23:54.492  1241  1241 V thermal_src: waiting NOTIFY from kernel miss, -1
06-22 11:23:54.492  1241  1241 I thermal_src: recvmsg_expect 2, but get 4 
06-22 11:23:54.492  1241  1241 V thermal_src: waiting NOTIFY from kernel miss, -1
06-22 11:23:54.531  6058  6781 D JavaheapMonitor: Java heap used=2M max=256M, proc: com.lbe.security.miui
06-22 11:23:54.532  6058  6781 V JavaheapMonitor: Check java heap usage finished! Next check delay: 300000
06-22 11:23:54.636   960  1431 I android.hardware.audio.service-aidl.mediatek: misoundfx process numSamples: 48
06-22 11:23:54.668   970   982 I hwcomposer: [HWCDisplay] (0 updateFps():3644), (type:1, mode:2) fps:42.234707,dur:1018.12,max:35.31,min:13.83  
06-22 11:23:54.722  1045  1537 W libc    : Access denied finding property "ro.vendor.display.max_hdr_luminance"
06-22 11:23:54.974  1045  1537 W libc    : Access denied finding property "ro.vendor.display.max_hdr_luminance"
06-22 11:23:55.146 30727  2209 D AAudio  : AAudioStream_requestStop(s#7) called
06-22 11:23:55.147 30727  2209 D AAudio  : AAudioStream_close(s#7) called ---------------
06-22 11:23:55.147 30727  2209 D AAudioStream: setState(s#7) from 10 to 11
06-22 11:23:55.147 30727  2209 D AudioTrack: stop(5504): 0xb4000079014c18b0, prior state:STATE_STOPPED packageName: com.dibay.app
06-22 11:23:55.147 30727  2209 D AudioTrack: stop(5504): prior state:STATE_STOPPED
06-22 11:23:55.147 30727  2209 D AudioTrackShared: this(0xb4000077d14dac90), mCblk(0x7a69e44000), front(209033), mIsOut 1, interrupt() FUTEX_WAKE
06-22 11:23:55.148 30727  2209 D AudioTrack: stopAndJoinCallbacks(5504) done
06-22 11:23:55.149 30727  2209 D AudioTrack: ~AudioTrack(sessionID=50441)
06-22 11:23:55.149 30727  2209 D AudioTrack: ~AudioTrack(5504): 0xb4000079014c18b0, calling stop()
06-22 11:23:55.149 30727  2209 D AudioTrack: stop(5504): 0xb4000079014c18b0, prior state:STATE_STOPPED packageName: com.dibay.app
06-22 11:23:55.149 30727  2209 D AudioTrack: stop(5504): prior state:STATE_STOPPED
06-22 11:23:55.149 30727  2209 D AudioTrack: stopAndJoinCallbacks(5504) done
06-22 11:23:55.149  1025  2641 I mtkpower_client: perf_lock_rel, hdl:28876, pid: 1025, tid:2641
06-22 11:23:55.150  1025  2641 D AudioFlinger: setThreadAsVip, set thread:3566 from VIP to normal successfully, hidl is 28876.
06-22 11:23:55.150  1009  1078 I libPowerHal: [perfLockRel] hdl:28876, idx:2
06-22 11:23:55.151  1025  2641 V AudioPolicyInterfaceImpl: releaseOutput()
06-22 11:23:55.151  1025  2641 V audio_utils::mutex: mutex_impl: audio_mutex initialized: ret:0  order:6
06-22 11:23:55.151  1009  1078 I libPowerHal: [PD] audioserver update ONESHOT(unset) cmd:1450000 param:3566 pr:3
06-22 11:23:55.151  1009  1078 I libPowerHal: [perfLockRel] Done for hdl : 28876
06-22 11:23:55.152  1025  1354 V AudioPolicyInterfaceImpl: doReleaseOutput from tid 1354
06-22 11:23:55.152  1025  1354 D APM_AudioPolicyManager: releaseOutput portId 5504
06-22 11:23:55.152  1025  1354 D APM_AudioPolicyManager: [MTK_APM_Output]releaseOutput() 13 portId 5504
06-22 11:23:55.152  1025  1354 D APM_AudioPolicyManager: releaseOutput() output 13, stream 3, session 50441 [uid=10307]
06-22 11:23:55.152  1025  1354 D ClientInfoStub: ~ClientInfoStub()
06-22 11:23:55.152 30727  2209 D AAudioStream: setState(s#7) from 11 to 12
06-22 11:23:55.153 30727  2209 D AAudioStream: ~AudioStream(s#7) mPlayerBase strongCount = 2
06-22 11:23:55.154 30727  2209 D AAudio  : AAudioStream_close(s#7) returned 0 ---------
06-22 11:23:55.165  1045  1045 I BufferQueueProducer: [com.dibay.app/com.dibay.app.MainActivity#31171](this:0xb400007acb0e2610,id:-1,api:0,p:-1,c:1045) queueBuffer: fps=43.97 dur=1000.78 max=34.26 min=15.63
06-22 11:23:55.222  1045  1537 W libc    : Access denied finding property "ro.vendor.display.max_hdr_luminance"
06-22 11:23:55.284  1004  1077 I libPerfCtl: xgfGetFPS pid:2402 fps:-1
06-22 11:23:55.284  1004  1077 I libPerfCtl: xgfGetFPS pid:30727 fps:-1
06-22 11:23:55.385  1673  2817 D PerfShielderService: com.dibay.app|com.dibay.app/com.dibay.app.MainActivity|2721|651050841147112|58|5|120
06-22 11:23:55.385  3805 16069 W MiuiPerfServiceClient: interceptAndQueuing:30727|com.dibay.app|2721|58|651050841147112|Slow issue draw commands|120
06-22 11:23:55.409 30727  3562 D AudioTrackImpl: [audioTrackData][zero] 1s(f:1932 m:3 s:0 k:0 z:1002) : pid 30727 uid 10307 sessionId 50433 sr 48000 ch 2 fmt 5
06-22 11:23:55.455  1045  1537 W libc    : Access denied finding property "ro.vendor.display.max_hdr_luminance"
06-22 11:23:55.529  1673  1987 I SmartPower: com.google.android.gms/10143(6488): background->idle(17008ms) R(service end com.google.android.gms/.chimera.GmsBoundBrokerService) adj=250.
06-22 11:23:55.537   960  1114 D sixth_if_gift: sixth_vdd_proc : vdd = 4407968 
06-22 11:23:55.539   960  1114 D sixth_if_gift: sixth_wrap_vdd_msg: update vdd = 4407968
06-22 11:23:55.540   960  1114 D sixth_if_gift: sixth_wrap_vdd_msg: update vdd = 4407968
06-22 11:23:55.586  1673  1717 D AES     : AEEIOCTL_GET/SET_SF_STATE IOCTL,cmd= 1074294797, lParam=0. 
06-22 11:23:55.586  1673  1717 D AES     : AEEIOCTL_RT_MON_Kick IOCTL,cmd= 2147774474, lParam=300. 
06-22 11:23:55.638   960  1431 I android.hardware.audio.service-aidl.mediatek: misoundfx process numSamples: 48
06-22 11:23:55.656  1673  2817 W ActivityManager: Unbind failed: could not find connection for android.os.BinderProxy@d3829fe
06-22 11:23:55.657  2388  2388 D SatelliteModemInterface: Binding to com.mediatek.satellite.service
06-22 11:23:55.660  1673  2817 W ActivityManager: Unable to start service Intent { act=android.telephony.satellite.SatelliteService xflg=0x4 pkg=com.mediatek.satellite.service } U=0: not found
06-22 11:23:55.661  2388  2388 E SatelliteModemInterface: Error binding to the satellite service. Retrying in 51361 ms.
06-22 11:23:55.669   970   982 I hwcomposer: [HWCDisplay] (0 updateFps():3644), (type:1, mode:2) fps:46.953480,dur:1000.99,max:35.07,min:15.14  
06-22 11:23:55.672  1045  1537 W libc    : Access denied finding property "ro.vendor.display.max_hdr_luminance"
06-22 11:23:55.677  1223  1247 E WifiStandalone: conditional wait timedout
06-22 11:23:55.684  1241  1241 I thermal_src: recvmsg_expect 5, but get 2 
06-22 11:23:55.684  1241  1241 V thermal_src: TA_DAEMON_CMD_GET_TPCB:ERROR ret=-1
06-22 11:23:55.684  1241  1241 E thermal_src: get_tpcb_from_kernel:error -1. retry...
06-22 11:23:55.684  1241  1241 I thermal_src: recvmsg_expect 5, but get 2 
06-22 11:23:55.684  1241  1241 V thermal_src: TA_DAEMON_CMD_GET_TPCB:ERROR ret=-1
06-22 11:23:55.684  1241  1241 E thermal_src: get_tpcb_from_kernel:error -1. retry...
06-22 11:23:55.684  1241  1241 I thermal_src: recvmsg_expect 5, but get 2 
06-22 11:23:55.684  1241  1241 V thermal_src: TA_DAEMON_CMD_GET_TPCB:ERROR ret=-1
06-22 11:23:55.684  1241  1241 E thermal_src: get_tpcb_from_kernel:error -1. retry...
06-22 11:23:55.684  1241  1241 I thermal_src: recvmsg_expect 4, but get 5 
06-22 11:23:55.684  1241  1241 V thermal_src: TA_DAEMON_CMD_SET_TTJ:ERROR ret=-1
06-22 11:23:55.684  1241  1241 E thermal_src: set_ttj_to_kernel 1:error -1
06-22 11:23:55.684  1241  1241 I thermal_src: recvmsg_expect 2, but get 5 
06-22 11:23:55.684  1241  1241 V thermal_src: waiting NOTIFY from kernel miss, -1
06-22 11:23:55.684  1241  1241 I thermal_src: recvmsg_expect 2, but get 5 
06-22 11:23:55.684  1241  1241 V thermal_src: waiting NOTIFY from kernel miss, -1
06-22 11:23:55.684  1241  1241 I thermal_src: recvmsg_expect 2, but get 4 
06-22 11:23:55.684  1241  1241 V thermal_src: waiting NOTIFY from kernel miss, -1
06-22 11:23:55.764  2388  2573 D JavaheapMonitor: Java heap used=11M max=256M, proc: com.android.phone
06-22 11:23:55.764  2388  2573 V JavaheapMonitor: Check java heap usage finished! Next check delay: 300000
06-22 11:23:55.837  1673  1742 D AurogonBandwidthController: skinTemperature:29.545
06-22 11:23:55.839  4061  4628 W BluetoothMetricsLogger: MetricsLogger isn't initialized
06-22 11:23:55.839  4061  4628 W BluetoothMetricsLogger: MetricsLogger isn't initialized
06-22 11:23:55.839  4061  4628 V BtGatt.ScanController: onScanResult() - eventType=0x0, addressType=1, address=XX:XX:XX:XX:EF:DB, primaryPhy=1, secondaryPhy=1, advertisingSid=0x1, txPower=127, rssi=-41, periodicAdvInt=0x0, originalAddress=00:00:00:00:00:00
06-22 11:23:55.840  4061  4628 V BtGatt.ScanController: Skipping client: permission=true matches=false
06-22 11:23:55.845  1228  1228 I thermal_repeater: [recvMdThermalInfo] ret=26, strLen=127,  3, 25, -50, 196, 32767, 0
06-22 11:23:55.906  1045  1537 W libc    : Access denied finding property "ro.vendor.display.max_hdr_luminance"
06-22 11:23:55.911  5692  5830 D JavaheapMonitor: Java heap used=5M max=256M, proc: com.miui.powerkeeper
06-22 11:23:55.912  5692  5830 V JavaheapMonitor: Check java heap usage finished! Next check delay: 300000
06-22 11:23:55.993  2388  2891 D SatelliteController: iisInCarrierRoamingNbIotNtn: satellite is disabled
06-22 11:23:55.997  2388  2388 W Settings: Setting airplane_mode_on has moved from android.provider.Settings.System to android.provider.Settings.Global, returning read-only value.
06-22 11:23:56.002  2388  3108 D HighSpeedTrainModeController: msg.what = 10
06-22 11:23:56.002  2388  2918 D MiuiTelephonyDFS: msg.what = 2
06-22 11:23:56.003  2388  2918 D MiuiTelephonyDFS: getVoiceRat = 13
06-22 11:23:56.003  2388  2918 D MiuiTelephonyDFS: getRsrp = -100
06-22 11:23:56.003  2388  3107 D NetworkSpeedTracker: updateSignalInfo lteRsrp=-100lteSnr=-2,phoneId=0
06-22 11:23:56.003  2388  2918 D MiuiTelephonyDFS: getVoiceRat = 13
06-22 11:23:56.003  2388  2918 D MiuiTelephonyDFS: getSnr = -2
06-22 11:23:56.003  2388  2918 D MiSight::  constructEvent id=915100005
06-22 11:23:56.004  2388  2918 D MiSight::  sendEvent id=915100005
06-22 11:23:56.004  2388  2918 D MiSightJni: MiSight: Java_com_miui_misight_MiSight_nativeSendEvent enter called. '{"SNRValue":-2}'
06-22 11:23:56.004  2388  2918 D MiEvent : MiEvent: this 0x763f073e20, paylod=0xb4000078c14ae680
06-22 11:23:56.004  2388  2918 D MiEvent : flatten EventId 915100005 -t 1782098636 -paraList {"SNRValue":-2}
06-22 11:23:56.004  2388  2918 D MiEvent : report:EventId 915100005 -t 1782098636 -paraList {"SNRValue":-2} success
06-22 11:23:56.004  2388  2918 D MiEvent : ~MiEvent: this 0x763f073e20, paylod=0xb4000078c14ae680
06-22 11:23:56.005  1180  1236 I misight : OnEvent EventPrivacyCompliance event=915100005
06-22 11:23:56.005  1180  1236 D misight : ProcessEvent devVersion==OS3.0.302.0.WHYMIXM,faultLevel=2,prv=3 region=eea
06-22 11:23:56.005  1180  1236 I misight : OnEvent EventStorageManager event=915100005,3
06-22 11:23:56.005  1180  1236 D misight : ProcessNewDayEvent event happen time 1782098636,start time=1782057600,restart=1
06-22 11:23:56.005  1180  1236 D misight : ProcessNewDayEvent event happen time 1782098636, last=1782098634,start time=1782057600,next day =1782144000, interval=86400
06-22 11:23:56.005  1180  1236 D misight : Execute start execute sql /data/miuilog/misight/event.db:select id,event_id,daily_cnt,over_cnt,hour_cnt,next_expire_time,last_happen_time,last_log_time from event_daily where event_id = '915100005' limit 1
06-22 11:23:56.005  1180  1236 D misight : DetectDropByTime event 915100005 parser maxCnt=200 lastTime=1782098553 same=0, overCnt=27746,dailyCnt=178,hourCnt=1
06-22 11:23:56.005  1180  1236 I misight : DetectDropEvent event 915100005 over hour cnt drop it, hourCnt=2 halfCnt=1, maxCnt=200 punishSecond=2062,space=83
06-22 11:23:56.005  1180  1236 D misight : Execute start execute sql /data/miuilog/misight/event.db:update event_daily set  daily_cnt=178, hour_cnt=1, next_expire_time=1782102153, over_cnt=27747, last_happen_time=1782098553, last_log_time=0  where id = '4'
06-22 11:23:56.008  1180  1236 I misight : OnEvent EventInfoPack event 915100005
06-22 11:23:56.106  1045  1537 W libc    : Access denied finding property "ro.vendor.display.max_hdr_luminance"
06-22 11:23:56.147  1673  1939 I AS.AudioService: getMode, get current owner's mode
06-22 11:23:56.148  1673  1939 I AS.AudioService: getMode, currentModeHandler is null
06-22 11:23:56.148  1673  1939 V AS.AudioService: onUpdateAudioMode() new mode: 0, current mode: 3 requested mode: 0 signal: false
06-22 11:23:56.148  1025  2641 V AudioPolicyInterfaceImpl: setPhoneState()
06-22 11:23:56.149  1025  2641 D DeviceHalAidl: [default] setMode: mode 0
06-22 11:23:56.149   960  1019 D AHAL_Telephony: switchAudioMode: NORMAL
06-22 11:23:56.150   960  1019 D AudioALSAStreamManager: +setMode(), mAudioMode: 3 => 0, mEnterPhoneCallMode = 0, mIsNeedResumeStreamOut = 0, mIsNeedResumeStreamIn = 0, mResumeAllStreamsAtSetMode = 1
06-22 11:23:56.150   960  1019 D AudioMTKGainController: setNormalVolume(), mSceneIndex = 0, stream 0, devices 0x2, index 8, mode 0x0, gainDevice 0x2
06-22 11:23:56.150   960  1019 D AudioMTKGainController: setSpeakerGain(), gain = 9, spkAnaType = 3
06-22 11:23:56.150   960  1019 D AudioUtility: power_hal_hint - custPowerHint 39, data 0
06-22 11:23:56.152  1009  1078 I libPowerHal: [perfLockRel] hdl:28874, idx:1
06-22 11:23:56.154  1009  1078 I libPowerHal: [perfLockRel] Done for hdl : 28874
06-22 11:23:56.155   960  1019 D AudioALSAStreamManager: needEnableVoip(), output_devices = 0x2, flags: 0x4, mAvailableOutputFlags: 0x1800e, enable: 0
06-22 11:23:56.155   960  1019 D AudioALSAStreamManager: -setMode(), mAudioMode = 0, mIsNeedResumeStreamOut = 0, mIsNeedResumeStreamIn = 0, mResumeAllStreamsAtSetMode = 1
06-22 11:23:56.157   960  1019 D AHAL_DlbEffectContext: setAudioMode()
06-22 11:23:56.157   960  1019 D AHAL_DlbEffectContext: setAudioMode(): legacy audio mode is 0
06-22 11:23:56.157   960  1019 D AHAL_DlbEffectBase: setAudioMode(mode = 0)
06-22 11:23:56.165  1025  2641 V audio_utils::mutex: mutex_impl: audio_mutex initialized: ret:0  order:6
06-22 11:23:56.166  1045  1045 I BufferQueueProducer: [com.dibay.app/com.dibay.app.MainActivity#31171](this:0xb400007acb0e2610,id:-1,api:0,p:-1,c:1045) queueBuffer: fps=46.94 dur=1001.30 max=33.86 min=16.14
06-22 11:23:56.166  1025  2641 D APM_AudioPolicyManager: setPhoneState get RxDevice again rxDevices AUDIO_DEVICE_NONE 
06-22 11:23:56.169  1025  2641 D APM_AudioPolicyManager: setOutputDevices caller setPhoneState[[portId:1][io:13, primary output]] prevDevice {AUDIO_DEVICE_OUT_SPEAKER, @:}
06-22 11:23:56.175  1025  2641 D APM_AudioPolicyManager: setOutputDevices caller setPhoneState[[portId:1][io:13, primary output]] changing device to {AUDIO_DEVICE_OUT_SPEAKER, @:}
06-22 11:23:56.175  1025  2641 D APM_AudioPolicyManager: [MTK_APM_Route]setOutputDevices mIoHandle 13 : changing device 0x2 to 0x2, delayMs = 0, force = 1, skipMuteDelay = 0, skipDelayMTK = 0, caller setPhoneState[[portId:1][io:13, primary output]]
06-22 11:23:56.175  1025  2641 V audio_utils::mutex: mutex_impl: audio_mutex initialized: ret:0  order:6
06-22 11:23:56.176  1025  1353 V audio_utils::mutex: mutex_impl: audio_mutex initialized: ret:0  order:21
06-22 11:23:56.177  1025  1419 D AudioFlinger_Threads: updateWakeLockUids_l AudioOut_D uids:
06-22 11:23:56.177  1025  1419 I AudioFlinger_Threads: mideviceType: 2
06-22 11:23:56.177  1025  1419 D EffectHalAidl: setDevices AUDIO_DEVICE_OUT_SPEAKER, @:
06-22 11:23:56.177   960  1019 I EffectMiSound: MiSound_updateState(), enable=0, hifi=0, device=0x2, headset=5, samplingRate=0
06-22 11:23:56.177   960  1019 I EffectMiSound: MiSound_updateState(), mode=0, music=0, movie=0, reset=1
06-22 11:23:56.177   960  1019 D EffectMiSound: MiSoundAurisys_SetParameter()
06-22 11:23:56.178   960  1019 I EffectMiSound: SetParam No.1
06-22 11:23:56.178   960  1019 I EffectMiSound: MiSound_updateState(), Speaker Dual Mode
06-22 11:23:56.178   960  6457 I EffectMiSound: MiSoundSetParameterThread: awake
06-22 11:23:56.178   960  6457 D EffectMiSound: Thread: setParam No.1 params MisoundEnable=0
06-22 11:23:56.178   960  6457 I EffectMiSound: MiSoundsetParameters_request: MisoundEnable=0
06-22 11:23:56.178  1025  1419 D EffectHalAidl: setDevices AUDIO_DEVICE_OUT_SPEAKER, @:
06-22 11:23:56.178   960  6457 D EffectMiSound: clientRequest: socket 28 write to server 264
06-22 11:23:56.178   960  1141 W audio_hw_con: audio_handle_client_sock received client connect 30
06-22 11:23:56.178   960  1141 D audio_hw_con: [DEBUG] audio_con_thrad received param MisoundEnable=0
06-22 11:23:56.178   960  1019 D AHAL_DlbDapEffectContext: setOutputDevice()
06-22 11:23:56.178   960  1019 D AHAL_DlbEffectContext: setOutputDevice(): device.size()=1
06-22 11:23:56.178   960  1019 D AHAL_DlbEffectContext: setOutputDevice(): active device=2
06-22 11:23:56.178   960  1019 D DlbDapEndpointParamCache: setDevice(device=0x00000002)
06-22 11:23:56.178   960  1019 D AHAL_DlbDapEffectContext: updateInputFormat() mIsDecContentProcEnabled: 1, channels: 0x3, mCurrentDevice: 0x2, mAudioFlags: 0x200
06-22 11:23:56.178   960  1141 D AudioALSAHardware: +setParameters(): MisoundEnable=0
06-22 11:23:56.178   960  1019 D DlbDap2Process: setHTParam: mIsBinauralInput: 0
06-22 11:23:56.178   960  1019 D DlbDap2Process: DAP input format is 0x22 with input channel mask 0x3
06-22 11:23:56.178   985  6477 D DolbyManagerService: setActiveDevice called with device = 0x2 (original 0x2)
06-22 11:23:56.178   960  1141 D AudioALSAHardware: setParameters: [DEBUG] setParameters keyMisoundEnable: 0
06-22 11:23:56.178   960  1141 D AudioALSAHardware: -setParameters(): MisoundEnable=0
06-22 11:23:56.178  1025  1419 D DeviceHalAidl: [default] createAudioPatch: sources: 1 sinks 1
06-22 11:23:56.179   960  6457 I EffectMiSound: MiSoundSetParameterThread: sleep
06-22 11:23:56.179  1025  1419 D Hal2AidlMapper: [default] createOrUpdatePatch: patch ID: 1, [disregard IDs] sources: [AudioPortConfig{id: 1, portId: 0, sampleRate: Int{value: 48000}, channelMask: AudioChannelLayout{layoutMask: 3}, format: AudioFormatDescription{type: PCM, pcm: INT_32_BIT, encoding: }, gain: (null), flags: AudioIoFlags{output: 10}, ext: AudioPortExt{mix: AudioPortMixExt{handle: 13, usecase: AudioPortMixExtUseCase{stream: SYS_RESERVED_DEFAULT}, maxOpenStreamCount: 0, maxActiveStreamCount: 0, recommendedMuteDurationMs: 0}}}], sinks: [AudioPortConfig{id: 3, portId: 0, sampleRate: (null), channelMask: (null), format: (null), gain: (null), flags: (null), ext: AudioPortExt{device: AudioPortDeviceExt{device: AudioDevice{type: AudioDeviceDescription{type: OUT_SPEAKER, connection: }, address: AudioDeviceAddress{id: }}, flags: 0, encodedFormats: [], encapsulationModes: 0, encapsulationMetadataTypes: 0, speakerLayout: (null)}}}]
06-22 11:23:56.179  1025  1419 D Hal2AidlMapper: [default] findOrCreatePortConfig: device port config does not have audio or gain config specified
06-22 11:23:56.179   960  1019 D AHAL_Module: setAudioPatch: default: requested patch AudioPatch{id: 1, sourcePortConfigIds: [37], sinkPortConfigIds: [1893], minimumStreamBufferSizeFrames: 1024, latenciesMs: [85]}
06-22 11:23:56.179   960  1019 D AudioALSAStreamManager: calculateOutLatencyAndFrames(), flags 0xa, latency 85, frame count 1024
06-22 11:23:56.179   960  1019 D MTKAdapterLayer: setAudioPatch(), patch.mLatency: 85 patch.mFrameCount: 1024
06-22 11:23:56.179   960  1019 D AudioALSAHardware: +createAudioPatch() num_sources [1] , num_sinks [1], handle [0x0], current mAudioHalPatchVector size 4
06-22 11:23:56.179   960  1019 D AudioALSAStreamManager: +setParameters(), IOport = 13, keyValuePairs = routing=2
06-22 11:23:56.179   960  1019 D AudioALSAStreamManager: setParameters(), Send to mStreamOutVector[0], flag 10
06-22 11:23:56.179   960  1019 D AudioALSAStreamOut: value_str = 2 devices count = 1
06-22 11:23:56.179   960  1019 D AudioALSAStreamOut: updatePolicyDevice(), flag: 0xa, device: 0x2
06-22 11:23:56.179   960  1019 W AudioALSAStreamManager: routingOutputDevice(), flag: 0xa, output_devices == current_output_devices(0x2), return
06-22 11:23:56.179   960  1019 D AudioALSAHardware: -createAudioPatch() num_sources [1] , num_sinks [1], handle [0x288a]
06-22 11:23:56.179   960  1019 D AHAL_Module: setAudioPatch: default: updated patch AudioPatch{id: 1, sourcePortConfigIds: [37], sinkPortConfigIds: [1893], minimumStreamBufferSizeFrames: 1024, latenciesMs: [85]}
06-22 11:23:56.180   960  1019 D AHAL_Stream: getRecommendedLatencyModes
06-22 11:23:56.180   960  1019 D MTKAdapterStreamLayer: updateMetadataCommon(), 
06-22 11:23:56.180   960  1019 I AudioALSAStreamOut: updateSourceMetadata(), do nothing source_metadata = 0x77c6b2bf78
06-22 11:23:56.181  1025  2641 D APM_AudioPolicyManager: setOutputDevices() AF::createAudioPatch returned 0 patchHandle 79564 num_sources 1 num_sinks 1
06-22 11:23:56.181  1025  2641 V audio_utils::mutex: mutex_impl: audio_mutex initialized: ret:0  order:6
06-22 11:23:56.182  1025  2641 W APM::AudioPolicyEngine::ProductStrategy: getVolumeGroupForStreamType: no volume group for AUDIO_STREAM_DEFAULT, using default
06-22 11:23:56.182  1025  2641 W APM::AudioPolicyEngine::ProductStrategy: getVolumeGroupForStreamType: no volume group for AUDIO_STREAM_DEFAULT, using default
06-22 11:23:56.182  1025  2641 W APM::AudioPolicyEngine::ProductStrategy: getVolumeGroupForStreamType: no volume group for AUDIO_STREAM_DEFAULT, using default
06-22 11:23:56.182  1025  2641 V audio_utils::mutex: mutex_impl: audio_mutex initialized: ret:0  order:6
06-22 11:23:56.184  1025  1353 D AudioSystem: +setParameters(): volumeDevice=2;volumeIndex=14;volumeStreamType=3 
06-22 11:23:56.184  1025  1353 D AudioFlinger: +thread->setParameters(): io = 13, volumeDevice=2;volumeIndex=14;volumeStreamType=3
06-22 11:23:56.184  1025  1353 V audio_utils::mutex: mutex_impl: audio_mutex initialized: ret:0  order:21
06-22 11:23:56.184  1025  1419 D StreamHalAidl: [out|ioHandle:13] setParameters: parameters: "volumeDevice=2;volumeIndex=14;volumeStreamType=3"
06-22 11:23:56.184  1025  1419 D StreamHalAidl: [out|ioHandle:13] setParameters: parameters: volumeDevice=2;volumeIndex=14;volumeStreamType=3
06-22 11:23:56.185  1040  1040 D Audio_ParameterParser: parseVendorParameters: scope: STREAM, keys/values: volumeDevice=2;volumeIndex=14;volumeStreamType=3
06-22 11:23:56.185   960  1019 D AudioALSAStreamOut: +setParameters(): flag 10
06-22 11:23:56.185   960  1019 D AudioALSAStreamManager: setVolumeIndex() stream= 3, device= 0x2, index= e
06-22 11:23:56.185   960  1019 D AudioMTKGainController: setNormalVolume(), mSceneIndex = 0, stream 3, devices 0x2, index 14, mode 0x0, gainDevice 0x2
06-22 11:23:56.185   960  1019 D AudioMTKGainController: setSpeakerGain(), gain = 8, spkAnaType = 3
06-22 11:23:56.186  1025  1353 D AudioFlinger: -thread->setParameters(): io = 13, volumeDevice=2;volumeIndex=14;volumeStreamType=3
06-22 11:23:56.188  1025  2641 E APM_AudioPolicyManager: checkAndSetVolume invalid volume index range in the curve:
06-22 11:23:56.188  1025  2641 E APM_AudioPolicyManager:   Can be muted  Index Min  Index Max  Index Cur [device : index]...
06-22 11:23:56.188  1025  2641 E APM_AudioPolicyManager:   true          -1         -1         40000000 : 00, 
06-22 11:23:56.188  1025  2641 D AudioPolicyManagerCustomImpl: fm_applyGainFromCheckAndSetVolume size 0/4
06-22 11:23:56.188  1025  2641 D AudioPolicyManagerCustomImpl: fm_applyGainFromCheckAndSetVolume size 1/4
06-22 11:23:56.188  1025  2641 D AudioPolicyManagerCustomImpl: fm_applyGainFromCheckAndSetVolume size 2/4
06-22 11:23:56.188  1025  2641 D AudioPolicyManagerCustomImpl: fm_applyGainFromCheckAndSetVolume size 3/4
06-22 11:23:56.189  1025  2641 W APM::AudioPolicyEngine::ProductStrategy: getVolumeGroupForStreamType: no volume group for AUDIO_STREAM_DEFAULT, using default
06-22 11:23:56.189  1025  2641 W APM::AudioPolicyEngine::ProductStrategy: getVolumeGroupForStreamType: no volume group for AUDIO_STREAM_DEFAULT, using default
06-22 11:23:56.189  1025  2641 W APM::AudioPolicyEngine::ProductStrategy: getVolumeGroupForStreamType: no volume group for AUDIO_STREAM_DEFAULT, using default
06-22 11:23:56.189  1025  2641 D APM_AudioPolicyManager: setOutputDevices caller setPhoneState[[portId:1][io:13, primary output]] prevDevice {AUDIO_DEVICE_OUT_SPEAKER, @:}
06-22 11:23:56.192  1025  2641 D APM_AudioPolicyManager: setOutputDevices caller setPhoneState[[portId:6][io:21, fast]] prevDevice {AUDIO_DEVICE_OUT_SPEAKER, @:}
06-22 11:23:56.194  1025  2641 D APM_AudioPolicyManager: setOutputDevices caller setPhoneState[[portId:6][io:21, fast]] changing device to {AUDIO_DEVICE_OUT_SPEAKER, @:}
06-22 11:23:56.194  1025  2641 D APM_AudioPolicyManager: [MTK_APM_Route]setOutputDevices mIoHandle 21 : changing device 0x2 to 0x2, delayMs = 0, force = 1, skipMuteDelay = 0, skipDelayMTK = 0, caller setPhoneState[[portId:6][io:21, fast]]
06-22 11:23:56.194  1025  2641 V audio_utils::mutex: mutex_impl: audio_mutex initialized: ret:0  order:6
06-22 11:23:56.195  1025  1353 V audio_utils::mutex: mutex_impl: audio_mutex initialized: ret:0  order:21
06-22 11:23:56.209  1025  1435 I AudioFlinger_Threads: mideviceType: 2
06-22 11:23:56.209  1025  1435 D EffectHalAidl: setDevices AUDIO_DEVICE_OUT_SPEAKER, @:
06-22 11:23:56.210  1025  1435 D DeviceHalAidl: [default] createAudioPatch: sources: 1 sinks 1
06-22 11:23:56.210  1025  1435 D Hal2AidlMapper: [default] createOrUpdatePatch: patch ID: 2, [disregard IDs] sources: [AudioPortConfig{id: 6, portId: 0, sampleRate: Int{value: 48000}, channelMask: AudioChannelLayout{layoutMask: 3}, format: AudioFormatDescription{type: PCM, pcm: INT_32_BIT, encoding: }, gain: (null), flags: AudioIoFlags{output: 4}, ext: AudioPortExt{mix: AudioPortMixExt{handle: 21, usecase: AudioPortMixExtUseCase{stream: SYS_RESERVED_DEFAULT}, maxOpenStreamCount: 0, maxActiveStreamCount: 0, recommendedMuteDurationMs: 0}}}], sinks: [AudioPortConfig{id: 3, portId: 0, sampleRate: (null), channelMask: (null), format: (null), gain: (null), flags: (null), ext: AudioPortExt{device: AudioPortDeviceExt{device: AudioDevice{type: AudioDeviceDescription{type: OUT_SPEAKER, connection: }, address: AudioDeviceAddress{id: }}, flags: 0, encodedFormats: [], encapsulationModes: 0, encapsulationMetadataTypes: 0, speakerLayout: (null)}}}]
06-22 11:23:56.210  1025  1435 D Hal2AidlMapper: [default] findOrCreatePortConfig: device port config does not have audio or gain config specified
06-22 11:23:56.210   960  1019 D AHAL_Module: setAudioPatch: default: requested patch AudioPatch{id: 2, sourcePortConfigIds: [38], sinkPortConfigIds: [1893], minimumStreamBufferSizeFrames: 256, latenciesMs: [10]}
06-22 11:23:56.210   960  1019 D AudioALSAStreamManager: calculateOutLatencyAndFrames(), flags 0x4, latency 10, frame count 256
06-22 11:23:56.210   960  1019 D MTKAdapterLayer: setAudioPatch(), patch.mLatency: 10 patch.mFrameCount: 256
06-22 11:23:56.210   960  1019 D AudioALSAHardware: +createAudioPatch() num_sources [1] , num_sinks [1], handle [0x0], current mAudioHalPatchVector size 4
06-22 11:23:56.210   960  1019 D AudioALSAStreamManager: +setParameters(), IOport = 21, keyValuePairs = routing=2
06-22 11:23:56.210   960  1019 D AudioALSAStreamManager: setParameters(), Send to mStreamOutVector[1], flag 4
06-22 11:23:56.210   960  1019 D AudioALSAStreamOut: value_str = 2 devices count = 1
06-22 11:23:56.213   960  1019 D AudioALSAStreamOut: updatePolicyDevice(), flag: 0x4, device: 0x2
06-22 11:23:56.213   960  1019 W AudioALSAStreamManager: routingOutputDevice(), flag: 0x4, output_devices == current_output_devices(0x2), return
06-22 11:23:56.213   960  1019 D AudioALSAHardware: -createAudioPatch() num_sources [1] , num_sinks [1], handle [0x288b]
06-22 11:23:56.214   960  1019 D AHAL_Module: setAudioPatch: default: updated patch AudioPatch{id: 2, sourcePortConfigIds: [38], sinkPortConfigIds: [1893], minimumStreamBufferSizeFrames: 256, latenciesMs: [10]}
06-22 11:23:56.214   960  1018 D AHAL_Stream: getRecommendedLatencyModes
06-22 11:23:56.215   960  1018 D MTKAdapterStreamLayer: updateMetadataCommon(), 
06-22 11:23:56.215   960  1018 I AudioALSAStreamOut: updateSourceMetadata(), do nothing source_metadata = 0x77c7c2ff78
06-22 11:23:56.216  1025  2641 D APM_AudioPolicyManager: setOutputDevices() AF::createAudioPatch returned 0 patchHandle 79572 num_sources 1 num_sinks 1
06-22 11:23:56.216  1025  2641 V audio_utils::mutex: mutex_impl: audio_mutex initialized: ret:0  order:6
06-22 11:23:56.217  1025  2641 W APM::AudioPolicyEngine::ProductStrategy: getVolumeGroupForStreamType: no volume group for AUDIO_STREAM_DEFAULT, using default
06-22 11:23:56.217  1025  2641 W APM::AudioPolicyEngine::ProductStrategy: getVolumeGroupForStreamType: no volume group for AUDIO_STREAM_DEFAULT, using default
06-22 11:23:56.217  1025  2641 W APM::AudioPolicyEngine::ProductStrategy: getVolumeGroupForStreamType: no volume group for AUDIO_STREAM_DEFAULT, using default
06-22 11:23:56.218  1025  2641 V audio_utils::mutex: mutex_impl: audio_mutex initialized: ret:0  order:6
06-22 11:23:56.219  1025  2641 E APM_AudioPolicyManager: checkAndSetVolume invalid volume index range in the curve:
06-22 11:23:56.219  1025  2641 E APM_AudioPolicyManager:   Can be muted  Index Min  Index Max  Index Cur [device : index]...
06-22 11:23:56.219  1025  2641 E APM_AudioPolicyManager:   true          -1         -1         40000000 : 00, 
06-22 11:23:56.220  1025  2641 W APM::AudioPolicyEngine::ProductStrategy: getVolumeGroupForStreamType: no volume group for AUDIO_STREAM_DEFAULT, using default
06-22 11:23:56.221  1025  2641 W APM::AudioPolicyEngine::ProductStrategy: getVolumeGroupForStreamType: no volume group for AUDIO_STREAM_DEFAULT, using default
06-22 11:23:56.221  1025  2641 W APM::AudioPolicyEngine::ProductStrategy: getVolumeGroupForStreamType: no volume group for AUDIO_STREAM_DEFAULT, using default
06-22 11:23:56.221  1025  2641 D APM_AudioPolicyManager: setOutputDevices caller setPhoneState[[portId:8][io:29, voip_rx]] prevDevice {AUDIO_DEVICE_OUT_SPEAKER, @:}
06-22 11:23:56.225  1025  2641 D APM_AudioPolicyManager: setOutputDevices caller setPhoneState[[portId:10][io:37, incall_music_uplink]] prevDevice {AUDIO_DEVICE_OUT_TELEPHONY_TX, @:}
06-22 11:23:56.228  1025  2641 V AudioPolicyInterfaceImpl: setPhoneState() Done: Mode [3] -> Mode [0]
06-22 11:23:56.228  1673  1939 D AS.AudioService: onUpdateAudioMode: mode 0CurrentSceneValue:2
06-22 11:23:56.228  1673  1939 V AS.AudioService: onUpdateAudioMode: mode successfully set to 0
06-22 11:23:56.228  1673  1939 D MediaFocusControlStubImpl: setAudioMode() 0
06-22 11:23:56.229  1025 21637 D APM_AudioPolicyManager: listAudioPorts mAvailableInputDevices 0x80000004, 0x80000040, 0x80000080, 0x80000100, 0x80002000, 0x90000000
06-22 11:23:56.229  1673  1673 D MBrainLocalService: isVendorFreezeConditionPass is false
06-22 11:23:56.229  1673  1673 D MBrainLocalService: notifyAudioModeChange failed
06-22 11:23:56.230  1025  3693 D APM_AudioPolicyManager: listAudioPorts mAvailableInputDevices 0x80000004, 0x80000040, 0x80000080, 0x80000100, 0x80002000, 0x90000000
06-22 11:23:56.230  1025  3693 D NativePermissionController: checkPermission: missing 13 for 10307
06-22 11:23:56.230  1025 21539 D APM_AudioPolicyManager: listAudioPorts mAvailableInputDevices 0x80000004, 0x80000040, 0x80000080, 0x80000100, 0x80002000, 0x90000000
06-22 11:23:56.230  1025 21446 D APM_AudioPolicyManager: listAudioPorts mAvailableInputDevices 0x80000004, 0x80000040, 0x80000080, 0x80000100, 0x80002000, 0x90000000
06-22 11:23:56.230  1025 21795 D APM_AudioPolicyManager: listAudioPorts mAvailableInputDevices 0x80000004, 0x80000040, 0x80000080, 0x80000100, 0x80002000, 0x90000000
06-22 11:23:56.231  1025 21795 D NativePermissionController: checkPermission: missing 13 for 10166
06-22 11:23:56.231  1025  1172 D APM_AudioPolicyManager: listAudioPorts mAvailableInputDevices 0x80000004, 0x80000040, 0x80000080, 0x80000100, 0x80002000, 0x90000000
06-22 11:23:56.231  1025  2641 D APM_AudioPolicyManager: listAudioPorts mAvailableInputDevices 0x80000004, 0x80000040, 0x80000080, 0x80000100, 0x80002000, 0x90000000
06-22 11:23:56.231  1025  7139 D APM_AudioPolicyManager: listAudioPorts mAvailableInputDevices 0x80000004, 0x80000040, 0x80000080, 0x80000100, 0x80002000, 0x90000000
06-22 11:23:56.232  1025  7139 D NativePermissionController: checkPermission: missing 13 for 10307
06-22 11:23:56.232  1025  3693 D APM_AudioPolicyManager: listAudioPorts mAvailableInputDevices 0x80000004, 0x80000040, 0x80000080, 0x80000100, 0x80002000, 0x90000000
06-22 11:23:56.232  4061 30518 D BluetoothRemoteDevices: onModeChanged mode = 0
06-22 11:23:56.232  4061 30520 D ActiveDeviceManager: onModeChanged: mode = 0
06-22 11:23:56.232  4061 30520 W A2dpService: getA2dpService(): service is null
06-22 11:23:56.232  1025 21539 D APM_AudioPolicyManager: listAudioPorts mAvailableInputDevices 0x80000004, 0x80000040, 0x80000080, 0x80000100, 0x80002000, 0x90000000
06-22 11:23:56.233  1025 21446 D APM_AudioPolicyManager: listAudioPorts mAvailableInputDevices 0x80000004, 0x80000040, 0x80000080, 0x80000100, 0x80002000, 0x90000000
06-22 11:23:56.233  1025 21446 D NativePermissionController: checkPermission: missing 13 for 10166
06-22 11:23:56.234  1025 21591 D APM_AudioPolicyManager: listAudioPorts mAvailableInputDevices 0x80000004, 0x80000040, 0x80000080, 0x80000100, 0x80002000, 0x90000000
06-22 11:23:56.236  1025  1172 D APM_AudioPolicyManager: listAudioPorts mAvailableInputDevices 0x80000004, 0x80000040, 0x80000080, 0x80000100, 0x80002000, 0x90000000
06-22 11:23:56.236  1025 21539 D APM_AudioPolicyManager: listAudioPorts mAvailableInputDevices 0x80000004, 0x80000040, 0x80000080, 0x80000100, 0x80002000, 0x90000000
06-22 11:23:56.236  1025 21795 D APM_AudioPolicyManager: listAudioPorts mAvailableInputDevices 0x80000004, 0x80000040, 0x80000080, 0x80000100, 0x80002000, 0x90000000
06-22 11:23:56.236  1025 21446 D APM_AudioPolicyManager: listAudioPorts mAvailableInputDevices 0x80000004, 0x80000040, 0x80000080, 0x80000100, 0x80002000, 0x90000000
06-22 11:23:56.239  1673  1939 V AS.AudioService: getActiveStreamType: Forcing DEFAULT_VOL_STREAM_NO_PLAYBACK(3) b/c default
06-22 11:23:56.239  1025 21539 D APM_AudioPolicyManager: listAudioPorts mAvailableInputDevices 0x80000004, 0x80000040, 0x80000080, 0x80000100, 0x80002000, 0x90000000
06-22 11:23:56.240  1025  1172 D NativePermissionController: checkPermission: missing 13 for 10307
06-22 11:23:56.240  1673  1939 V AS.AudioService: onUpdateAudioMode: streamType=3, streamAlias=3, device=speaker, index=140
06-22 11:23:56.240  1025 21539 D NativePermissionController: checkPermission: missing 13 for 10307
06-22 11:23:56.241  1025 21591 D APM_AudioPolicyManager: listAudioPorts mAvailableInputDevices 0x80000004, 0x80000040, 0x80000080, 0x80000100, 0x80002000, 0x90000000
06-22 11:23:56.241  1025 21591 D NativePermissionController: checkPermission: missing 13 for 10307
06-22 11:23:56.241  1025 21591 D APM_AudioPolicyManager: listAudioPorts mAvailableInputDevices 0x80000004, 0x80000040, 0x80000080, 0x80000100, 0x80002000, 0x90000000
06-22 11:23:56.243  1025 21591 D APM_AudioPolicyManager: listAudioPorts mAvailableInputDevices 0x80000004, 0x80000040, 0x80000080, 0x80000100, 0x80002000, 0x90000000
06-22 11:23:56.243  1025 21591 D NativePermissionController: checkPermission: missing 13 for 10307
06-22 11:23:56.244  1025 21539 D NativePermissionController: checkPermission: missing 13 for 10166
06-22 11:23:56.244  1673  1939 D AS.AudioService: updateVolumeGroupIndex for stream 8, muted=false, device=2, index=150, group AUDIO_STREAM_DTMF Muted=false, Index=15, forceMuteState=false
06-22 11:23:56.244  1025 21539 D NativePermissionController: checkPermission: missing 13 for 10166
06-22 11:23:56.245  1168 16304 D AudioAnalytics: gc(1700, 2000): log size:1700 item map size:88, item map items:1700
06-22 11:23:56.247  1673  1939 D AS.AudioService: updateVolumeGroupIndex for stream 10, muted=false, device=1, index=113, group AUDIO_STREAM_ACCESSIBILITY Muted=false, Index=11, forceMuteState=false
06-22 11:23:56.247  1673  1939 D AS.AudioService: updateVolumeGroupIndex for stream 10, muted=false, device=2, index=141, group AUDIO_STREAM_ACCESSIBILITY Muted=false, Index=14, forceMuteState=false
06-22 11:23:56.247  1025  7139 D APM_AudioPolicyManager: listAudioPorts mAvailableInputDevices 0x80000004, 0x80000040, 0x80000080, 0x80000100, 0x80002000, 0x90000000
06-22 11:23:56.247  1025  7139 D NativePermissionController: checkPermission: missing 13 for 10166
06-22 11:23:56.248  2402  2402 D MiPlayDetailViewModel: mSystemVolumeReceiver.onReceive(): time cost = 1
06-22 11:23:56.248  1025 21539 D APM_AudioPolicyManager: listAudioPorts mAvailableInputDevices 0x80000004, 0x80000040, 0x80000080, 0x80000100, 0x80002000, 0x90000000
06-22 11:23:56.248  1025 21539 D NativePermissionController: checkPermission: missing 13 for 10166
06-22 11:23:56.251  1025 21539 D NativePermissionController: checkPermission: missing 13 for 10307
06-22 11:23:56.251  1226  1640 D ULogGuard: Monitoring: 7 threads, 0 requests, 0 time-bombs; 15 guards. ResetFlags = 0x7
06-22 11:23:56.251  1025 21539 D NativePermissionController: checkPermission: missing 13 for 10307
06-22 11:23:56.253  1673  1939 D AudioSystem: +setParameters(): mRingerMode=2 
06-22 11:23:56.254  1025 21539 D AudioFlingerImpl: setGameParameters keyvalue: mRingerMode=2
06-22 11:23:56.254  2402  2402 D MiPlayDetailViewModel: mSystemVolumeReceiver.onReceive(): time cost = 0
06-22 11:23:56.254  1025 21591 D NativePermissionController: checkPermission: missing 13 for 10166
06-22 11:23:56.254  1025 21539 D AudioFlinger: +mAudioHwDevs(primary)->setParameters(): mRingerMode=2
06-22 11:23:56.254  1025 21539 D DeviceHalAidl: [default] setParameters: parameters: "mRingerMode=2"
06-22 11:23:56.254  1040  1040 D Audio_ParameterParser: parseVendorParameters: scope: MODULE, keys/values: mRingerMode=2
06-22 11:23:56.255   960  1018 D AudioALSAHardware: +setParameters(): mRingerMode=2
06-22 11:23:56.255  1025 21591 D NativePermissionController: checkPermission: missing 13 for 10166
06-22 11:23:56.255   960  1018 D AudioALSAHardware: -setParameters(): mRingerMode=2
06-22 11:23:56.255   960  1018 E AHAL_Module: setVendorParameters: default: unrecognized parameter "mRingerMode=2"
06-22 11:23:56.255  1025 21539 E ConversionHelperAidl: Function: parseAndSetVendorParameters Line: 94 Failed 
06-22 11:23:56.255  1025 21539 D AudioFlinger: -mAudioHwDevs(primary)->setParameters(): mRingerMode=2
06-22 11:23:56.255  1025 21539 D AudioFlinger: +mAudioHwDevs(r_submix)->setParameters(): mRingerMode=2
06-22 11:23:56.255  1025 21539 D DeviceHalAidl: [r_submix] setParameters: parameters: "mRingerMode=2"
06-22 11:23:56.256  2402  2402 D VolumePanelViewController_true: onStateChanged 
06-22 11:23:56.256  2402  2402 I VolumeShowHideAnimator: isRunning: false, mExpanded: false
06-22 11:23:56.256  2402  2402 I VolumeExpandCollapsedAnimator: isRunning: false, mExpanded: false
06-22 11:23:56.256  2402  2402 I VolumePanelViewController_true: onStateChangedH: activeStream: -1, mActiveStream: -1, animating: false, mNeedShowDialog: true, mVolumeView.isShown: false
06-22 11:23:56.256  1040  1040 D Audio_ParameterParser: parseVendorParameters: scope: MODULE, keys/values: mRingerMode=2
06-22 11:23:56.256  2402  2402 I VolumePanelViewController_true: updateRingerH isSilent: false, --- isZenMuted : false  ringerModeInternal : 2
06-22 11:23:56.256  2402  2402 D VolumePanelViewController_false: onStateChanged 
06-22 11:23:56.256  2402  2402 I VolumeShowHideAnimator: isRunning: false, mExpanded: false
06-22 11:23:56.256  2402  2402 I VolumeExpandCollapsedAnimator: isRunning: false, mExpanded: false
06-22 11:23:56.256  2402  2402 I VolumePanelViewController_false: updateRingerH isSilent: false, --- isZenMuted : false  ringerModeInternal : 2
06-22 11:23:56.256  1025 21539 D AudioFlinger: -mAudioHwDevs(r_submix)->setParameters(): mRingerMode=2
06-22 11:23:56.257  1025 21539 D AudioFlinger: +mAudioHwDevs(bluetooth)->setParameters(): mRingerMode=2
06-22 11:23:56.257  1025 21539 D DeviceHalAidl: [bluetooth] setParameters: parameters: "mRingerMode=2"
06-22 11:23:56.257  1040  1040 D Audio_ParameterParser: parseVendorParameters: scope: MODULE, keys/values: mRingerMode=2
06-22 11:23:56.257   960  1018 D AHAL_ModuleBluetooth: setVendorParameters: parameter count 1, async: 0
06-22 11:23:56.257   960  1018 D AHAL_ModuleBluetooth: setVendorParameters: mRingerMode=2
06-22 11:23:56.257  1025 21539 D AudioFlinger: -mAudioHwDevs(bluetooth)->setParameters(): mRingerMode=2
06-22 11:23:56.258  1673  1939 I AS.AudioService: onUpdateContextualVolumes: absolute volume driving streams 3 avrcp supported: false
06-22 11:23:56.258  1025 21539 I AudioPolicyInterfaceImpl: setDeviceAbsoluteVolumeEnabled: deviceAidl AudioDevice{type: AudioDeviceDescription{type: OUT_HEARING_AID, connection: wireless}, address: AudioDeviceAddress{id: }}, enabled 1, streamToDriveAbsAidl 3
06-22 11:23:56.258  1025 21539 I APM_AudioPolicyManager: setDeviceAbsoluteVolumeEnabled: deviceType 0x8000000, enabled 1, streamToDriveAbs 3
06-22 11:23:56.259  1025 21539 I AudioPolicyInterfaceImpl: setDeviceAbsoluteVolumeEnabled: deviceAidl AudioDevice{type: AudioDeviceDescription{type: OUT_HEADSET, connection: bt-le}, address: AudioDeviceAddress{id: }}, enabled 1, streamToDriveAbsAidl 3
06-22 11:23:56.259  1025 21539 I APM_AudioPolicyManager: setDeviceAbsoluteVolumeEnabled: deviceType 0x20000000, enabled 1, streamToDriveAbs 3
06-22 11:23:56.260  1025 21539 I AudioPolicyInterfaceImpl: setDeviceAbsoluteVolumeEnabled: deviceAidl AudioDevice{type: AudioDeviceDescription{type: OUT_SPEAKER, connection: bt-le}, address: AudioDeviceAddress{id: }}, enabled 1, streamToDriveAbsAidl 3
06-22 11:23:56.260  1025 21539 I APM_AudioPolicyManager: setDeviceAbsoluteVolumeEnabled: deviceType 0x20000001, enabled 1, streamToDriveAbs 3
06-22 11:23:56.260  2402  2402 D VolumePanelViewController_true: currentDevice=2, deviceForMusic=0, phoneCall=false, miplayHardwareType=0
06-22 11:23:56.260  1025 21539 I AudioPolicyInterfaceImpl: setDeviceAbsoluteVolumeEnabled: deviceAidl AudioDevice{type: AudioDeviceDescription{type: OUT_BROADCAST, connection: bt-le}, address: AudioDeviceAddress{id: }}, enabled 1, streamToDriveAbsAidl 3
06-22 11:23:56.260  1025 21539 I APM_AudioPolicyManager: setDeviceAbsoluteVolumeEnabled: deviceType 0x20000002, enabled 1, streamToDriveAbs 3
06-22 11:23:56.261  2402  2402 D VolumePanelViewController_false: currentDevice=2, deviceForMusic=0, phoneCall=false, miplayHardwareType=0
06-22 11:23:56.261  1673  1939 D MediaFocusControlStubImpl: setModeOwnerUid() 0
06-22 11:23:56.261  1673  1939 D AudioServiceStubImpl: updateVolumeBoostState audiomode 3
06-22 11:23:56.261  1673  1939 D AudioServiceStubImpl: onUpdateAudioMode audiomode 0 package:android
06-22 11:23:56.261  1673  1698 D AudioServiceStubImpl: cyhandleAudioModeUpdate
06-22 11:23:56.261  1673  1698 D MiSound.MQSUtils: setStreamMusicOrVoiceCallIndex : stream=3 index=14 device=2
06-22 11:23:56.261  1673  1698 D AudioSystem: +setParameters(): audio_volume_stream_music_device_speaker=1 
06-22 11:23:56.261  1673  1936 V AS.AudioDeviceBroker: requestedCommunicationDevice: AudioDeviceAttributes: role:output type:speaker addr: name:24076RP19G profiles:[{ENCODING_PCM_16BIT, sampling rates=[44100, 48000], channel masks=0x0C, encapsulation type=0}, {ENCODING_PCM_32BIT, sampling rates=[44100, 48000], channel masks=0x0C, encapsulation type=0}, {ENCODING_PCM_FLOAT, sampling rates=[44100, 48000], channel masks=0x0C, encapsulation type=0}] descriptors:[] mode owner pid: 30727 crc: [CommunicationRouteClient: mAttributionSource: android.content.AttributionSource@444df5cc mDevice: AudioDeviceAttributes: role:output type:speaker addr: name:24076RP19G profiles:[{ENCODING_PCM_16BIT, sampling rates=[44100, 48000], channel masks=0x0C, encapsulation type=0}, {ENCODING_PCM_32BIT, sampling rates=[44100, 48000], channel masks=0x0C, encapsulation type=0}, {ENCODING_PCM_FLOAT, sampling rates=[44100, 48000], channel masks=0x0C, encapsulation type=0}] descriptors:[] mIsPrivileged: false mPlaybackActive: true mRecordingActive: false mDisabled: false]
06-22 11:23:56.261  1673  1936 V AS.AudioDeviceBroker: requestedCommunicationDevice crc.pid: 30727 crc.uid: 10307 crc.Cb: android.os.BinderProxy@afcb4a7
06-22 11:23:56.261  1673  1936 D AudioServiceStubImpl: updateModeOwnerPid, pid: 0, eventSource: setNewModeOwner
06-22 11:23:56.262  1025 21591 D AudioFlingerImpl: setGameParameters keyvalue: audio_volume_stream_music_device_speaker=1
06-22 11:23:56.262  1025 21591 D AudioFlinger: +mAudioHwDevs(primary)->setParameters(): audio_volume_stream_music_device_speaker=1
06-22 11:23:56.262  1025 21591 D DeviceHalAidl: [default] setParameters: parameters: "audio_volume_stream_music_device_speaker=1"
06-22 11:23:56.262  1040  1040 D Audio_ParameterParser: parseVendorParameters: scope: MODULE, keys/values: audio_volume_stream_music_device_speaker=1
06-22 11:23:56.263  1025 21539 V audio_utils::mutex: mutex_impl: audio_mutex initialized: ret:0  order:6
06-22 11:23:56.263   960  1018 D AudioALSAHardware: +setParameters(): audio_volume_stream_music_device_speaker=1
06-22 11:23:56.263   960  1018 D AudioALSAHardware: -setParameters(): audio_volume_stream_music_device_speaker=1
06-22 11:23:56.263  1180  1236 I misight : OnEvent EventPrivacyCompliance event=911001001
06-22 11:23:56.263   960  1018 E AHAL_Module: setVendorParameters: default: unrecognized parameter "audio_volume_stream_music_device_speaker=1"
06-22 11:23:56.263  1180  1236 D misight : ProcessEvent devVersion==OS3.0.302.0.WHYMIXM,faultLevel=2,prv=3 region=eea
06-22 11:23:56.263  1025 21591 E ConversionHelperAidl: Function: parseAndSetVendorParameters Line: 94 Failed 
06-22 11:23:56.263  1025 21591 D AudioFlinger: -mAudioHwDevs(primary)->setParameters(): audio_volume_stream_music_device_speaker=1
06-22 11:23:56.263  1025 21591 D AudioFlinger: +mAudioHwDevs(r_submix)->setParameters(): audio_volume_stream_music_device_speaker=1
06-22 11:23:56.263  1025 21591 D DeviceHalAidl: [r_submix] setParameters: parameters: "audio_volume_stream_music_device_speaker=1"
06-22 11:23:56.264  1180  1236 I misight : OnEvent EventStorageManager event=911001001,2
06-22 11:23:56.264  1180  1236 D misight : ProcessNewDayEvent event happen time 1782098636,start time=1782057600,restart=1
06-22 11:23:56.264  1180  1236 D misight : ProcessNewDayEvent event happen time 1782098636, last=1782098636,start time=1782057600,next day =1782144000, interval=86400
06-22 11:23:56.264  1180  1236 D misight : Execute start execute sql /data/miuilog/misight/event.db:select id,event_id,daily_cnt,over_cnt,hour_cnt,next_expire_time,last_happen_time,last_log_time from event_daily where event_id = '911001001' limit 1
06-22 11:23:56.264  1040  1040 D Audio_ParameterParser: parseVendorParameters: scope: MODULE, keys/values: audio_volume_stream_music_device_speaker=1
06-22 11:23:56.264  1180  1236 D misight : DetectDropByTime event 911001001 parser maxCnt=200 lastTime=1782097229 same=0, overCnt=44234,dailyCnt=186,hourCnt=1
06-22 11:23:56.264  1180  1236 I misight : DetectDropEvent event 911001001 over hour cnt drop it, hourCnt=2 halfCnt=1, maxCnt=200 punishSecond=3240,space=1407
06-22 11:23:56.264  1180  1236 D misight : Execute start execute sql /data/miuilog/misight/event.db:update event_daily set  daily_cnt=186, hour_cnt=1, next_expire_time=1782100829, over_cnt=44235, last_happen_time=1782097229, last_log_time=0  where id = '1'
06-22 11:23:56.264  1025 21591 D AudioFlinger: -mAudioHwDevs(r_submix)->setParameters(): audio_volume_stream_music_device_speaker=1
06-22 11:23:56.264  1025 21591 D AudioFlinger: +mAudioHwDevs(bluetooth)->setParameters(): audio_volume_stream_music_device_speaker=1
06-22 11:23:56.264  1025 21591 D DeviceHalAidl: [bluetooth] setParameters: parameters: "audio_volume_stream_music_device_speaker=1"
06-22 11:23:56.264  1025  1172 V audio_utils::mutex: mutex_impl: audio_mutex initialized: ret:0  order:6
06-22 11:23:56.264  1673  1936 V AS.AudioDeviceBroker: requestedCommunicationDevice: AudioDeviceAttributes: role:output type:speaker addr: name:24076RP19G profiles:[{ENCODING_PCM_16BIT, sampling rates=[44100, 48000], channel masks=0x0C, encapsulation type=0}, {ENCODING_PCM_32BIT, sampling rates=[44100, 48000], channel masks=0x0C, encapsulation type=0}, {ENCODING_PCM_FLOAT, sampling rates=[44100, 48000], channel masks=0x0C, encapsulation type=0}] descriptors:[] mode owner pid: 0 crc: [CommunicationRouteClient: mAttributionSource: android.content.AttributionSource@444df5cc mDevice: AudioDeviceAttributes: role:output type:speaker addr: name:24076RP19G profiles:[{ENCODING_PCM_16BIT, sampling rates=[44100, 48000], channel masks=0x0C, encapsulation type=0}, {ENCODING_PCM_32BIT, sampling rates=[44100, 48000], channel masks=0x0C, encapsulation type=0}, {ENCODING_PCM_FLOAT, sampling rates=[44100, 48000], channel masks=0x0C, encapsulation type=0}] descriptors:[] mIsPrivileged: false mPlaybackActive: true mRecordingActive: false mDisabled: false]
06-22 11:23:56.264  1673  1936 V AS.AudioDeviceBroker: requestedCommunicationDevice crc.pid: 30727 crc.uid: 10307 crc.Cb: android.os.BinderProxy@afcb4a7
06-22 11:23:56.264  1673  1936 D AS.BtHelper: mLeAudio: null mLeAudio
06-22 11:23:56.264  1673  1936 E AS.BtHelperExt: notifyCgState, mBluetoothLeCallControl is null
06-22 11:23:56.264  1040  1040 D Audio_ParameterParser: parseVendorParameters: scope: MODULE, keys/values: audio_volume_stream_music_device_speaker=1
06-22 11:23:56.265  1673  1936 W AS.AudioService: mAudioModeResetCount already 0
06-22 11:23:56.265   960  1018 D AHAL_ModuleBluetooth: setVendorParameters: parameter count 1, async: 0
06-22 11:23:56.265   960  1018 D AHAL_ModuleBluetooth: setVendorParameters: audio_volume_stream_music_device_speaker=1
06-22 11:23:56.265  1025 21591 D AudioFlinger: -mAudioHwDevs(bluetooth)->setParameters(): audio_volume_stream_music_device_speaker=1
06-22 11:23:56.267  1025 21591 V audio_utils::mutex: mutex_impl: audio_mutex initialized: ret:0  order:6
06-22 11:23:56.269  1025 21591 V AudioPolicyInterfaceImpl: setForceUse()
06-22 11:23:56.269  1025 21591 D APM_AudioPolicyManager: [MTK_APM_Route]setForceUse() usage 7, config 0, mPhoneState 0
06-22 11:23:56.269  1025 21591 D AudioPolicyInterfaceImpl: ->Debug: setForceUse: 413: setForceUse usage = 7, config = 0, changed = 0
06-22 11:23:56.270  1025 21591 V audio_utils::mutex: mutex_impl: audio_mutex initialized: ret:0  order:6
06-22 11:23:56.271  1025 21591 V audio_utils::mutex: mutex_impl: audio_mutex initialized: ret:0  order:6
06-22 11:23:56.272  1180  1236 I misight : OnEvent EventInfoPack event 911001001
06-22 11:23:56.272  1180  1236 I misight : OnEvent EventPrivacyCompliance event=811001001
06-22 11:23:56.272  1180  1236 D misight : ProcessEvent devVersion==OS3.0.302.0.WHYMIXM,faultLevel=2,prv=3 region=eea
06-22 11:23:56.273  1180  1236 I misight : OnEvent EventStorageManager event=811001001,3
06-22 11:23:56.273  1180  1236 D misight : ProcessNewDayEvent event happen time 1782098636,start time=1782057600,restart=1
06-22 11:23:56.273  1180  1236 D misight : ProcessNewDayEvent event happen time 1782098636, last=1782098636,start time=1782057600,next day =1782144000, interval=86400
06-22 11:23:56.273  1180  1236 D misight : Execute start execute sql /data/miuilog/misight/event.db:select id,event_id,daily_cnt,over_cnt,hour_cnt,next_expire_time,last_happen_time,last_log_time from event_daily where event_id = '811001001' limit 1
06-22 11:23:56.273  1180  1236 D misight : DetectDropByTime event 811001001 parser maxCnt=200 lastTime=1782097229 same=0, overCnt=44234,dailyCnt=186,hourCnt=1
06-22 11:23:56.273  1180  1236 I misight : DetectDropEvent event 811001001 over hour cnt drop it, hourCnt=2 halfCnt=1, maxCnt=200 punishSecond=3240,space=1407
06-22 11:23:56.273  1180  1236 D misight : Execute start execute sql /data/miuilog/misight/event.db:update event_daily set  daily_cnt=186, hour_cnt=1, next_expire_time=1782100829, over_cnt=44235, last_happen_time=1782097229, last_log_time=0  where id = '2'
06-22 11:23:56.274  1025 21591 V audio_utils::mutex: mutex_impl: audio_mutex initialized: ret:0  order:6
06-22 11:23:56.275  1180  1236 I misight : OnEvent EventInfoPack event 811001001
06-22 11:23:56.276  1025 21591 V audio_utils::mutex: mutex_impl: audio_mutex initialized: ret:0  order:6
06-22 11:23:56.277  1025 21591 V audio_utils::mutex: mutex_impl: audio_mutex initialized: ret:0  order:6
06-22 11:23:56.278  1025 21591 V audio_utils::mutex: mutex_impl: audio_mutex initialized: ret:0  order:6
06-22 11:23:56.279  1025 21591 V audio_utils::mutex: mutex_impl: audio_mutex initialized: ret:0  order:6
06-22 11:23:56.280  1025 21591 V audio_utils::mutex: mutex_impl: audio_mutex initialized: ret:0  order:6
06-22 11:23:56.284  1004  1077 I libPerfCtl: xgfGetFPS pid:2402 fps:-1
06-22 11:23:56.284  1004  1077 I libPerfCtl: xgfGetFPS pid:30727 fps:-1
06-22 11:23:56.320  1045  1537 W libc    : Access denied finding property "ro.vendor.display.max_hdr_luminance"
06-22 11:23:56.321  6972  7017 D JavaheapMonitor: Java heap used=24M max=256M, proc: com.google.android.gms.persistent
06-22 11:23:56.321  6972  7017 V JavaheapMonitor: Check java heap usage finished! Next check delay: 300000
06-22 11:23:56.406 30727  3562 D AudioTrackImpl: [audioTrackData][zero] 2s(f:1932 m:3 s:0 k:0 z:2000) : pid 30727 uid 10307 sessionId 50433 sr 48000 ch 2 fmt 5
06-22 11:23:56.482  1139  1251 D connsyslogger: SD_LOG_ROOT is /data/debuglogger/connsyslog/fw.
06-22 11:23:56.482  1139  1251 D connsyslogger: systemReady:1
06-22 11:23:56.523  1045  1537 W libc    : Access denied finding property "ro.vendor.display.max_hdr_luminance"
06-22 11:23:56.534  2388  2891 D SatelliteController: iisInCarrierRoamingNbIotNtn: satellite is disabled
06-22 11:23:56.536  2388  2388 W Settings: Setting airplane_mode_on has moved from android.provider.Settings.System to android.provider.Settings.Global, returning read-only value.
06-22 11:23:56.540  2388  2918 D MiuiTelephonyDFS: msg.what = 2
06-22 11:23:56.540  2388  3108 D HighSpeedTrainModeController: msg.what = 10
06-22 11:23:56.540  2388  2918 D MiuiTelephonyDFS: getVoiceRat = 13
06-22 11:23:56.540  2388  3107 D NetworkSpeedTracker: updateNwSignalInfo not allowed ,ignore
06-22 11:23:56.541  2388  2918 D MiuiTelephonyDFS: getRsrp = -97
06-22 11:23:56.541  2388  2918 D MiuiTelephonyDFS: getVoiceRat = 13
06-22 11:23:56.541  2388  2918 D MiuiTelephonyDFS: getSnr = -4
06-22 11:23:56.541  2388  2918 D MiSight::  constructEvent id=915100005
06-22 11:23:56.542  2388  2918 D MiSight::  sendEvent id=915100005
06-22 11:23:56.542  2388  2918 D MiSightJni: MiSight: Java_com_miui_misight_MiSight_nativeSendEvent enter called. '{"SNRValue":-4}'
06-22 11:23:56.542  2388  2918 D MiEvent : MiEvent: this 0x763f073e20, paylod=0xb4000078c14ae680
06-22 11:23:56.542  2388  2918 D MiEvent : flatten EventId 915100005 -t 1782098636 -paraList {"SNRValue":-4}
06-22 11:23:56.542  2388  2918 D MiEvent : report:EventId 915100005 -t 1782098636 -paraList {"SNRValue":-4} success
06-22 11:23:56.542  2388  2918 D MiEvent : ~MiEvent: this 0x763f073e20, paylod=0xb4000078c14ae680
06-22 11:23:56.543  1180  1236 I misight : OnEvent EventPrivacyCompliance event=915100005
06-22 11:23:56.543  1180  1236 D misight : ProcessEvent devVersion==OS3.0.302.0.WHYMIXM,faultLevel=2,prv=3 region=eea
06-22 11:23:56.543  1180  1236 I misight : OnEvent EventStorageManager event=915100005,3
06-22 11:23:56.544  1180  1236 D misight : ProcessNewDayEvent event happen time 1782098636,start time=1782057600,restart=1
06-22 11:23:56.544  1180  1236 D misight : ProcessNewDayEvent event happen time 1782098636, last=1782098636,start time=1782057600,next day =1782144000, interval=86400
06-22 11:23:56.544  1180  1236 D misight : Execute start execute sql /data/miuilog/misight/event.db:select id,event_id,daily_cnt,over_cnt,hour_cnt,next_expire_time,last_happen_time,last_log_time from event_daily where event_id = '915100005' limit 1
06-22 11:23:56.544  1180  1236 D misight : DetectDropByTime event 915100005 parser maxCnt=200 lastTime=1782098553 same=0, overCnt=27747,dailyCnt=178,hourCnt=1
06-22 11:23:56.544  1180  1236 I misight : DetectDropEvent event 915100005 over hour cnt drop it, hourCnt=2 halfCnt=1, maxCnt=200 punishSecond=2062,space=83
06-22 11:23:56.545  1180  1236 D misight : Execute start execute sql /data/miuilog/misight/event.db:update event_daily set  daily_cnt=178, hour_cnt=1, next_expire_time=1782102153, over_cnt=27748, last_happen_time=1782098553, last_log_time=0  where id = '4'
06-22 11:23:56.548  1180  1236 I misight : OnEvent EventInfoPack event 915100005
06-22 11:23:56.550  1673  1907 D MiuiWifiCommonBase: band: 1, compensate: 0
06-22 11:23:56.551  1673  1907 E AmlWifiScoreReportInjector: AmlWifiScoreReportInjector was cleared
06-22 11:23:56.552  1673  1907 D WifiOptimizationImpl: AmlWifiScoreReportInjector.get() = null, stop reportTxBadOrRetryEvent
06-22 11:23:56.641   960  1431 I android.hardware.audio.service-aidl.mediatek: misoundfx process numSamples: 48
06-22 11:23:56.688   970   982 I hwcomposer: [HWCDisplay] (0 updateFps():3644), (type:1, mode:2) fps:46.141117,dur:1018.61,max:37.51,min:13.47  
06-22 11:23:56.737  1045  1537 W libc    : Access denied finding property "ro.vendor.display.max_hdr_luminance"
06-22 11:23:56.938  1673  1808 I system_server: AssetManager2(0xb4000078f1525bb8) locale list changing from [] to [ko-KR]
06-22 11:23:56.955  1045  1537 W libc    : Access denied finding property "ro.vendor.display.max_hdr_luminance"
06-22 11:23:57.154  1673  1673 D MBrainLocalService: isVendorFreezeConditionPass is false
06-22 11:23:57.155  1673  1673 D MBrainLocalService: notifyAudioModeChange failed
06-22 11:23:57.182  4061  4628 W BluetoothMetricsLogger: MetricsLogger isn't initialized
06-22 11:23:57.182  4061  4628 W BluetoothMetricsLogger: MetricsLogger isn't initialized
06-22 11:23:57.182  4061  4628 V BtGatt.ScanController: onScanResult() - eventType=0x0, addressType=1, address=XX:XX:XX:XX:EF:DB, primaryPhy=1, secondaryPhy=1, advertisingSid=0x1, txPower=127, rssi=-41, periodicAdvInt=0x0, originalAddress=00:00:00:00:00:00
06-22 11:23:57.183  4061  4628 V BtGatt.ScanController: Skipping client: permission=true matches=false
06-22 11:23:57.183  1045  1045 I BufferQueueProducer: [com.dibay.app/com.dibay.app.MainActivity#31171](this:0xb400007acb0e2610,id:-1,api:0,p:-1,c:1045) queueBuffer: fps=46.22 dur=1016.91 max=35.13 min=15.35
06-22 11:23:57.189  1045  1537 W libc    : Access denied finding property "ro.vendor.display.max_hdr_luminance"
06-22 11:23:57.201  1139  1255 D connsyslogger: data recycle:time out
06-22 11:23:57.201  1139  1255 D connsyslogger: idx=0 Bootup Log: 2 log files! filecount=3 
06-22 11:23:57.284  1004  1077 I libPerfCtl: xgfGetFPS pid:2402 fps:-1
06-22 11:23:57.284  1004  1077 I libPerfCtl: xgfGetFPS pid:30727 fps:-1
06-22 11:23:57.407  1045  1537 W libc    : Access denied finding property "ro.vendor.display.max_hdr_luminance"
06-22 11:23:57.624  1045  1537 W libc    : Access denied finding property "ro.vendor.display.max_hdr_luminance"
06-22 11:23:57.643   960  1431 I android.hardware.audio.service-aidl.mediatek: misoundfx process numSamples: 48
06-22 11:23:57.685  1241  1241 I thermal_src: recvmsg_expect 5, but get 2 
06-22 11:23:57.685  1241  1241 V thermal_src: TA_DAEMON_CMD_GET_TPCB:ERROR ret=-1
06-22 11:23:57.685  1241  1241 E thermal_src: get_tpcb_from_kernel:error -1. retry...
06-22 11:23:57.685  1241  1241 I thermal_src: recvmsg_expect 5, but get 2 
06-22 11:23:57.685  1241  1241 V thermal_src: TA_DAEMON_CMD_GET_TPCB:ERROR ret=-1
06-22 11:23:57.685  1241  1241 E thermal_src: get_tpcb_from_kernel:error -1. retry...
06-22 11:23:57.685  1241  1241 I thermal_src: recvmsg_expect 5, but get 2 
06-22 11:23:57.685  1241  1241 V thermal_src: TA_DAEMON_CMD_GET_TPCB:ERROR ret=-1
06-22 11:23:57.685  1241  1241 E thermal_src: get_tpcb_from_kernel:error -1. retry...
06-22 11:23:57.685  1241  1241 I thermal_src: recvmsg_expect 4, but get 5 
06-22 11:23:57.686  1241  1241 V thermal_src: TA_DAEMON_CMD_SET_TTJ:ERROR ret=-1
06-22 11:23:57.686  1241  1241 E thermal_src: set_ttj_to_kernel 1:error -1
06-22 11:23:57.686  1241  1241 I thermal_src: recvmsg_expect 2, but get 5 
06-22 11:23:57.686  1241  1241 V thermal_src: waiting NOTIFY from kernel miss, -1
06-22 11:23:57.686  1241  1241 I thermal_src: recvmsg_expect 2, but get 5 
06-22 11:23:57.686  1241  1241 V thermal_src: waiting NOTIFY from kernel miss, -1
06-22 11:23:57.686  1241  1241 I thermal_src: recvmsg_expect 2, but get 4 
06-22 11:23:57.686  1241  1241 V thermal_src: waiting NOTIFY from kernel miss, -1
06-22 11:23:57.703   970   982 I hwcomposer: [HWCDisplay] (0 updateFps():3644), (type:1, mode:2) fps:42.365589,dur:1014.97,max:34.56,min:14.36  
06-22 11:23:57.840  1045  1537 W libc    : Access denied finding property "ro.vendor.display.max_hdr_luminance"
06-22 11:23:57.963  2331  3359 D JavaheapMonitor: Java heap used=3M max=256M, proc: com.mediatek.ims
06-22 11:23:57.963  2331  3359 V JavaheapMonitor: Check java heap usage finished! Next check delay: 300000
06-22 11:23:57.994  1673  2818 D PerfShielderService: com.dibay.app|com.dibay.app/com.dibay.app.MainActivity|2628|651053450062881|57|5|120
06-22 11:23:57.997  3805 16069 W MiuiPerfServiceClient: interceptAndQueuing:30727|com.dibay.app|2628|57|651053450062881|Slow issue draw commands|120
06-22 11:23:58.074  1045  1537 W libc    : Access denied finding property "ro.vendor.display.max_hdr_luminance"
06-22 11:23:58.185  1045  1045 I BufferQueueProducer: [com.dibay.app/com.dibay.app.MainActivity#31171](this:0xb400007acb0e2610,id:-1,api:0,p:-1,c:1045) queueBuffer: fps=45.94 dur=1001.34 max=33.65 min=15.77
06-22 11:23:58.209 30727  3562 D AudioTrackImpl: [audioTrackData][zero] 1s(f:2299 m:3 s:0 k:0 z:1002) : pid 30727 uid 10307 sessionId 50433 sr 48000 ch 2 fmt 5
06-22 11:23:58.260  1673  1960 D GreezeManager: Uid 10307 was show on screen, skip it
06-22 11:23:58.260  1673  1960 D PolicyMaker: uid =10307 pkg=com.dibay.app reason=VISIBLE_APP
06-22 11:23:58.284  1004  1077 I libPerfCtl: xgfGetFPS pid:2402 fps:-1
06-22 11:23:58.284  1004  1077 I libPerfCtl: xgfGetFPS pid:30727 fps:-1
06-22 11:23:58.289  1045  1537 W libc    : Access denied finding property "ro.vendor.display.max_hdr_luminance"
06-22 11:23:58.315  1180  1236 I misight : OnEvent EventPrivacyCompliance event=911001001
06-22 11:23:58.315  1180  1236 D misight : ProcessEvent devVersion==OS3.0.302.0.WHYMIXM,faultLevel=2,prv=3 region=eea
06-22 11:23:58.315  1180  1236 I misight : OnEvent EventStorageManager event=911001001,2
06-22 11:23:58.315  1180  1236 D misight : ProcessNewDayEvent event happen time 1782098638,start time=1782057600,restart=1
06-22 11:23:58.315  1180  1236 D misight : ProcessNewDayEvent event happen time 1782098638, last=1782098636,start time=1782057600,next day =1782144000, interval=86400
06-22 11:23:58.315  1180  1236 D misight : Execute start execute sql /data/miuilog/misight/event.db:select id,event_id,daily_cnt,over_cnt,hour_cnt,next_expire_time,last_happen_time,last_log_time from event_daily where event_id = '911001001' limit 1
06-22 11:23:58.316  1180  1236 D misight : DetectDropByTime event 911001001 parser maxCnt=200 lastTime=1782097229 same=0, overCnt=44235,dailyCnt=186,hourCnt=1
06-22 11:23:58.316  1180  1236 I misight : DetectDropEvent event 911001001 over hour cnt drop it, hourCnt=2 halfCnt=1, maxCnt=200 punishSecond=3240,space=1409
06-22 11:23:58.316  1180  1236 D misight : Execute start execute sql /data/miuilog/misight/event.db:update event_daily set  daily_cnt=186, hour_cnt=1, next_expire_time=1782100829, over_cnt=44236, last_happen_time=1782097229, last_log_time=0  where id = '1'
06-22 11:23:58.319  1180  1236 I misight : OnEvent EventInfoPack event 911001001
06-22 11:23:58.324  1180  1236 I misight : OnEvent EventPrivacyCompliance event=811001001
06-22 11:23:58.324  1180  1236 D misight : ProcessEvent devVersion==OS3.0.302.0.WHYMIXM,faultLevel=2,prv=3 region=eea
06-22 11:23:58.325  1180  1236 I misight : OnEvent EventStorageManager event=811001001,3
06-22 11:23:58.325  1180  1236 D misight : ProcessNewDayEvent event happen time 1782098638,start time=1782057600,restart=1
06-22 11:23:58.325  1180  1236 D misight : ProcessNewDayEvent event happen time 1782098638, last=1782098638,start time=1782057600,next day =1782144000, interval=86400
06-22 11:23:58.325  1180  1236 D misight : Execute start execute sql /data/miuilog/misight/event.db:select id,event_id,daily_cnt,over_cnt,hour_cnt,next_expire_time,last_happen_time,last_log_time from event_daily where event_id = '811001001' limit 1
06-22 11:23:58.326  1180  1236 D misight : DetectDropByTime event 811001001 parser maxCnt=200 lastTime=1782097229 same=0, overCnt=44235,dailyCnt=186,hourCnt=1
06-22 11:23:58.326  1180  1236 I misight : DetectDropEvent event 811001001 over hour cnt drop it, hourCnt=2 halfCnt=1, maxCnt=200 punishSecond=3240,space=1409
06-22 11:23:58.326  1180  1236 D misight : Execute start execute sql /data/miuilog/misight/event.db:update event_daily set  daily_cnt=186, hour_cnt=1, next_expire_time=1782100829, over_cnt=44236, last_happen_time=1782097229, last_log_time=0  where id = '2'
06-22 11:23:58.328  1180  1236 I misight : OnEvent EventInfoPack event 811001001
06-22 11:23:58.407 17462 18839 D JavaheapMonitor: Java heap used=4M max=256M, proc: com.google.android.apps.messaging:rcs
06-22 11:23:58.407 17462 18839 V JavaheapMonitor: Check java heap usage finished! Next check delay: 300000
06-22 11:23:58.483  1139  1251 D connsyslogger: SD_LOG_ROOT is /data/debuglogger/connsyslog/fw.
06-22 11:23:58.483  1139  1251 D connsyslogger: systemReady:1
06-22 11:23:58.491  1045  1537 W libc    : Access denied finding property "ro.vendor.display.max_hdr_luminance"
06-22 11:23:58.641   960  1431 I android.hardware.audio.service-aidl.mediatek: misoundfx process numSamples: 48
06-22 11:23:58.703   970   982 I hwcomposer: [HWCDisplay] (0 updateFps():3644), (type:1, mode:2) fps:48.990158,dur:1000.20,max:34.64,min:13.82  
06-22 11:23:58.705  1045  1537 W libc    : Access denied finding property "ro.vendor.display.max_hdr_luminance"
06-22 11:23:58.817  3805  4226 D JavaheapMonitor: Java heap used=6M max=256M, proc: com.miui.daemon
06-22 11:23:58.817  3805  4226 V JavaheapMonitor: Check java heap usage finished! Next check delay: 300000
06-22 11:23:58.925  1045  1537 W libc    : Access denied finding property "ro.vendor.display.max_hdr_luminance"
06-22 11:23:58.945  2085  2717 D JavaheapMonitor: Java heap used=16M max=512M, proc: com.miui.home
06-22 11:23:58.945  2085  2717 V JavaheapMonitor: Check java heap usage finished! Next check delay: 300000
06-22 11:23:59.157  1045  1537 W libc    : Access denied finding property "ro.vendor.display.max_hdr_luminance"
06-22 11:23:59.185  1045  1045 I BufferQueueProducer: [com.dibay.app/com.dibay.app.MainActivity#31171](this:0xb400007acb0e2610,id:-1,api:0,p:-1,c:1045) queueBuffer: fps=44.99 dur=1000.14 max=34.35 min=16.09
06-22 11:23:59.207 30727  3562 D AudioTrackImpl: [audioTrackData][zero] 2s(f:2299 m:3 s:0 k:0 z:2000) : pid 30727 uid 10307 sessionId 50433 sr 48000 ch 2 fmt 5
06-22 11:23:59.240  9622 10417 D JavaheapMonitor: Java heap used=3M max=256M, proc: com.xiaomi.mi_connect_service
06-22 11:23:59.240  9622 10417 V JavaheapMonitor: Check java heap usage finished! Next check delay: 300000
06-22 11:23:59.252  1226  1640 D ULogGuard: Monitoring: 7 threads, 0 requests, 0 time-bombs; 15 guards. ResetFlags = 0x7
06-22 11:23:59.285  1004  1077 I libPerfCtl: xgfGetFPS pid:2402 fps:-1
06-22 11:23:59.286  1004  1077 I libPerfCtl: xgfGetFPS pid:30727 fps:-1
06-22 11:23:59.374  1045  1537 W libc    : Access denied finding property "ro.vendor.display.max_hdr_luminance"
06-22 11:23:59.559  1673  1907 D MiuiWifiCommonBase: band: 1, compensate: 0
06-22 11:23:59.561  1673  1907 E AmlWifiScoreReportInjector: AmlWifiScoreReportInjector was cleared
06-22 11:23:59.561  1673  1907 D WifiOptimizationImpl: AmlWifiScoreReportInjector.get() = null, stop reportTxBadOrRetryEvent
06-22 11:23:59.574  1045  1537 W libc    : Access denied finding property "ro.vendor.display.max_hdr_luminance"
06-22 11:23:59.574  2402  2402 D ControlCenterHeaderExpandController: onExpansionChanged: progress =  0.0
06-22 11:23:59.576  2402  2402 D ControlCenterHeaderExpandController: onExpansionChanged: progress =  0.0
06-22 11:23:59.577  2402  2402 D ControlCenterHeaderExpandController: onExpansionChanged: progress =  0.0
06-22 11:23:59.586  1045  1045 I BufferQueueProducer: [StatusBar#123](this:0xb400007acb0c0350,id:-1,api:0,p:-1,c:1045) queueBuffer: fps=0.11 dur=9023.79 max=9023.79 min=9023.79
06-22 11:23:59.644   960  1431 I android.hardware.audio.service-aidl.mediatek: misoundfx process numSamples: 48
06-22 11:23:59.686  1241  1241 I thermal_src: recvmsg_expect 5, but get 2 
06-22 11:23:59.686  1241  1241 V thermal_src: TA_DAEMON_CMD_GET_TPCB:ERROR ret=-1
06-22 11:23:59.686  1241  1241 E thermal_src: get_tpcb_from_kernel:error -1. retry...
06-22 11:23:59.686  1241  1241 I thermal_src: recvmsg_expect 5, but get 2 
06-22 11:23:59.686  1241  1241 V thermal_src: TA_DAEMON_CMD_GET_TPCB:ERROR ret=-1
06-22 11:23:59.686  1241  1241 E thermal_src: get_tpcb_from_kernel:error -1. retry...
06-22 11:23:59.686  1241  1241 I thermal_src: recvmsg_expect 5, but get 2 
06-22 11:23:59.686  1241  1241 V thermal_src: TA_DAEMON_CMD_GET_TPCB:ERROR ret=-1
06-22 11:23:59.686  1241  1241 E thermal_src: get_tpcb_from_kernel:error -1. retry...
06-22 11:23:59.686  1241  1241 I thermal_src: recvmsg_expect 4, but get 5 
06-22 11:23:59.686  1241  1241 V thermal_src: TA_DAEMON_CMD_SET_TTJ:ERROR ret=-1
06-22 11:23:59.686  1241  1241 E thermal_src: set_ttj_to_kernel 1:error -1
06-22 11:23:59.686  1241  1241 I thermal_src: recvmsg_expect 2, but get 5 
06-22 11:23:59.686  1241  1241 V thermal_src: waiting NOTIFY from kernel miss, -1
06-22 11:23:59.686  1241  1241 I thermal_src: recvmsg_expect 2, but get 5 
06-22 11:23:59.686  1241  1241 V thermal_src: waiting NOTIFY from kernel miss, -1
06-22 11:23:59.686  1241  1241 I thermal_src: recvmsg_expect 2, but get 4 
06-22 11:23:59.686  1241  1241 V thermal_src: waiting NOTIFY from kernel miss, -1
06-22 11:23:59.705   970   982 I hwcomposer: [HWCDisplay] (0 updateFps():3644), (type:1, mode:2) fps:42.910545,dur:1002.08,max:35.24,min:14.06  
06-22 11:23:59.810  1045  1537 W libc    : Access denied finding property "ro.vendor.display.max_hdr_luminance"
06-22 11:23:59.964 30727  2299 D CameraInjector: updateCloudCameraControllerInfoAsync: canceled.
06-22 11:23:59.964 30727  2299 W libc    : Access denied finding property "vendor.camera.aux.packagelist"
06-22 11:23:59.964 30727  2299 W libc    : Access denied finding property "vendor.camera.aux.packagelistext"
06-22 11:23:59.966 30727  2299 D CameraInjector: updateCloudCameraControllerInfoAsync: canceled.
06-22 11:23:59.966 30727  2299 W libc    : Access denied finding property "vendor.camera.aux.packagelist"
06-22 11:23:59.966 30727  2299 W libc    : Access denied finding property "vendor.camera.aux.packagelistext"
06-22 11:23:59.974 30727  2299 D CameraInjector: updateCloudCameraControllerInfoAsync: canceled.
06-22 11:23:59.974 30727  2299 W libc    : Access denied finding property "vendor.camera.aux.packagelist"
06-22 11:23:59.975 30727  2299 W libc    : Access denied finding property "vendor.camera.aux.packagelistext"
06-22 11:23:59.977 30727  2299 D CameraInjector: updateCloudCameraControllerInfoAsync: canceled.
06-22 11:23:59.977 30727  2299 W libc    : Access denied finding property "vendor.camera.aux.packagelist"
06-22 11:23:59.977 30727  2299 W libc    : Access denied finding property "vendor.camera.aux.packagelistext"
06-22 11:23:59.983 30727  2299 D CameraInjector: updateCloudCameraControllerInfoAsync: canceled.
06-22 11:23:59.983 30727  2299 W libc    : Access denied finding property "vendor.camera.aux.packagelist"
06-22 11:23:59.984 30727  2299 W libc    : Access denied finding property "vendor.camera.aux.packagelistext"
06-22 11:23:59.990 30727  2299 D CameraInjector: updateCloudCameraControllerInfoAsync: canceled.
06-22 11:23:59.990 30727  2299 W libc    : Access denied finding property "vendor.camera.aux.packagelist"
06-22 11:23:59.991 30727  2299 W libc    : Access denied finding property "vendor.camera.aux.packagelistext"
06-22 11:23:59.996 30727  2299 D CameraInjector: updateCloudCameraControllerInfoAsync: canceled.
06-22 11:23:59.996 30727  2299 W libc    : Access denied finding property "vendor.camera.aux.packagelist"
06-22 11:23:59.996 30727  2299 W libc    : Access denied finding property "vendor.camera.aux.packagelistext"
06-22 11:23:59.998 30727  2299 D CameraInjector: updateCloudCameraControllerInfoAsync: canceled.
06-22 11:23:59.998 30727  2299 W libc    : Access denied finding property "vendor.camera.aux.packagelist"
06-22 11:23:59.999 30727  2299 W libc    : Access denied finding property "vendor.camera.aux.packagelistext"
06-22 11:24:00.001  1673  1832 E AlarmManager: not align this alarm: Alarm{d1c3444 type 3 origWhen 772081721 whenElapsed 772081721 android}, reason=0
06-22 11:24:00.001  1673  1832 D AlarmManager: mBroadcastRefCount -> 1
06-22 11:24:00.003  1673  1673 D AlarmManager: mBroadcastRefCount -> 0
06-22 11:24:00.003  1673  1673 D AlarmManager: mPendingIntent -> null
06-22 11:24:00.003 30727  2299 D CameraInjector: updateCloudCameraControllerInfoAsync: canceled.
06-22 11:24:00.004 30727  2299 W libc    : Access denied finding property "vendor.camera.aux.packagelist"
06-22 11:24:00.004 30727  2299 W libc    : Access denied finding property "vendor.camera.aux.packagelistext"
06-22 11:24:00.008  2402  2402 D MiuiClockController: Listener updateTime
06-22 11:24:00.014  2402  2402 E AnimationHelper: updateTime sToAod:false mHasNotification: true, mClockType: classic_max
06-22 11:24:00.022  1045  1537 W libc    : Access denied finding property "ro.vendor.display.max_hdr_luminance"
06-22 11:24:00.026  2402  2402 D MiuiClockController: Listener updateTime
06-22 11:24:00.036  2402  2402 D NotificationHeaderExpandController: onExpansionChanged: progress =  0.0
06-22 11:24:00.036  2402  2402 D DynamicIslandWindowViewController: handleDynamicIsland: action_update_status_bar_date_pos
06-22 11:24:00.036  2402  2402 D NotificationHeaderExpandController: onExpansionChanged: progress =  0.0
06-22 11:24:00.057 30727  2299 D CameraInjector: updateCloudCameraControllerInfoAsync: canceled.
06-22 11:24:00.057 30727  2299 W libc    : Access denied finding property "vendor.camera.aux.packagelist"
06-22 11:24:00.058 30727  2299 W libc    : Access denied finding property "vendor.camera.aux.packagelistext"
06-22 11:24:00.059 30727  2299 D CameraInjector: updateCloudCameraControllerInfoAsync: canceled.
06-22 11:24:00.059 30727  2299 W libc    : Access denied finding property "vendor.camera.aux.packagelist"
06-22 11:24:00.059 30727  2299 W libc    : Access denied finding property "vendor.camera.aux.packagelistext"
06-22 11:24:00.063 30727  2299 D CameraInjector: updateCloudCameraControllerInfoAsync: canceled.
06-22 11:24:00.064 30727  2299 W libc    : Access denied finding property "vendor.camera.aux.packagelist"
06-22 11:24:00.064 30727  2299 W libc    : Access denied finding property "vendor.camera.aux.packagelistext"
06-22 11:24:00.066 30727  2299 D CameraInjector: updateCloudCameraControllerInfoAsync: canceled.
06-22 11:24:00.066 30727  2299 W libc    : Access denied finding property "vendor.camera.aux.packagelist"
06-22 11:24:00.066 30727  2299 W libc    : Access denied finding property "vendor.camera.aux.packagelistext"
06-22 11:24:00.071 30727  2299 D CameraInjector: updateCloudCameraControllerInfoAsync: canceled.
06-22 11:24:00.071 30727  2299 W libc    : Access denied finding property "vendor.camera.aux.packagelist"
06-22 11:24:00.072 30727  2299 W libc    : Access denied finding property "vendor.camera.aux.packagelistext"
06-22 11:24:00.076 30727  2299 D CameraInjector: updateCloudCameraControllerInfoAsync: canceled.
06-22 11:24:00.077 30727  2299 W libc    : Access denied finding property "vendor.camera.aux.packagelist"
06-22 11:24:00.077 30727  2299 W libc    : Access denied finding property "vendor.camera.aux.packagelistext"
06-22 11:24:00.083 30727  2299 D CameraInjector: updateCloudCameraControllerInfoAsync: canceled.
06-22 11:24:00.084 30727  2299 W libc    : Access denied finding property "vendor.camera.aux.packagelist"
06-22 11:24:00.084 30727  2299 W libc    : Access denied finding property "vendor.camera.aux.packagelistext"
06-22 11:24:00.085 30727  2299 D CameraInjector: updateCloudCameraControllerInfoAsync: canceled.
06-22 11:24:00.085 30727  2299 W libc    : Access denied finding property "vendor.camera.aux.packagelist"
06-22 11:24:00.085 30727  2299 W libc    : Access denied finding property "vendor.camera.aux.packagelistext"
06-22 11:24:00.089 30727  2299 D CameraInjector: updateCloudCameraControllerInfoAsync: canceled.
06-22 11:24:00.090 30727  2299 W libc    : Access denied finding property "vendor.camera.aux.packagelist"
06-22 11:24:00.090 30727  2299 W libc    : Access denied finding property "vendor.camera.aux.packagelistext"
06-22 11:24:00.185  1045  1045 I BufferQueueProducer: [com.dibay.app/com.dibay.app.MainActivity#31171](this:0xb400007acb0e2610,id:-1,api:0,p:-1,c:1045) queueBuffer: fps=44.98 dur=1000.55 max=34.64 min=15.15
06-22 11:24:00.186 18757 23545 D JavaheapMonitor: Java heap used=10M max=256M, proc: com.android.vending
06-22 11:24:00.186 18757 23545 V JavaheapMonitor: Check java heap usage finished! Next check delay: 300000
06-22 11:24:00.186 23156 23912 D JavaheapMonitor: Java heap used=3M max=512M, proc: com.android.camera
06-22 11:24:00.186 23156 23912 V JavaheapMonitor: Check java heap usage finished! Next check delay: 300000
06-22 11:24:00.224  1045  1537 W libc    : Access denied finding property "ro.vendor.display.max_hdr_luminance"
06-22 11:24:00.227  8885  9406 D JavaheapMonitor: Java heap used=6M max=512M, proc: com.google.android.googlequicksearchbox:interactor
06-22 11:24:00.227  8885  9406 V JavaheapMonitor: Check java heap usage finished! Next check delay: 300000
06-22 11:24:00.239  1673  1960 D ActionExecute: setPkgData uid = 10307 time=8000
06-22 11:24:00.285  1004  1077 I libPerfCtl: xgfGetFPS pid:2402 fps:-1
06-22 11:24:00.285  1004  1077 I libPerfCtl: xgfGetFPS pid:30727 fps:-1
06-22 11:24:00.288  4617  5588 D JavaheapMonitor: Java heap used=9M max=256M, proc: com.miui.securitycenter.remote
06-22 11:24:00.288  4617  5588 V JavaheapMonitor: Check java heap usage finished! Next check delay: 300000
06-22 11:24:00.299  4061  4564 D JavaheapMonitor: Java heap used=2M max=512M, proc: com.android.bluetooth
06-22 11:24:00.299  4061  4564 V JavaheapMonitor: Check java heap usage finished! Next check delay: 300000
06-22 11:24:00.350  1180  1236 I misight : OnEvent EventPrivacyCompliance event=911001001
06-22 11:24:00.350  1180  1236 D misight : ProcessEvent devVersion==OS3.0.302.0.WHYMIXM,faultLevel=2,prv=3 region=eea
06-22 11:24:00.350  1180  1236 I misight : OnEvent EventStorageManager event=911001001,2
06-22 11:24:00.350  1180  1236 D misight : ProcessNewDayEvent event happen time 1782098640,start time=1782057600,restart=1
06-22 11:24:00.351  1180  1236 D misight : ProcessNewDayEvent event happen time 1782098640, last=1782098638,start time=1782057600,next day =1782144000, interval=86400
06-22 11:24:00.351  1180  1236 D misight : Execute start execute sql /data/miuilog/misight/event.db:select id,event_id,daily_cnt,over_cnt,hour_cnt,next_expire_time,last_happen_time,last_log_time from event_daily where event_id = '911001001' limit 1
06-22 11:24:00.352  1180  1236 D misight : DetectDropByTime event 911001001 parser maxCnt=200 lastTime=1782097229 same=0, overCnt=44236,dailyCnt=186,hourCnt=1
06-22 11:24:00.352  1180  1236 I misight : DetectDropEvent event 911001001 over hour cnt drop it, hourCnt=2 halfCnt=1, maxCnt=200 punishSecond=3240,space=1411
06-22 11:24:00.352  1180  1236 D misight : Execute start execute sql /data/miuilog/misight/event.db:update event_daily set  daily_cnt=186, hour_cnt=1, next_expire_time=1782100829, over_cnt=44237, last_happen_time=1782097229, last_log_time=0  where id = '1'
06-22 11:24:00.356  1180  1236 I misight : OnEvent EventInfoPack event 911001001
06-22 11:24:00.359  1180  1236 I misight : OnEvent EventPrivacyCompliance event=811001001
06-22 11:24:00.359  1180  1236 D misight : ProcessEvent devVersion==OS3.0.302.0.WHYMIXM,faultLevel=2,prv=3 region=eea
06-22 11:24:00.359  1180  1236 I misight : OnEvent EventStorageManager event=811001001,3
06-22 11:24:00.359  1180  1236 D misight : ProcessNewDayEvent event happen time 1782098640,start time=1782057600,restart=1
06-22 11:24:00.359  1180  1236 D misight : ProcessNewDayEvent event happen time 1782098640, last=1782098640,start time=1782057600,next day =1782144000, interval=86400
06-22 11:24:00.359  1180  1236 D misight : Execute start execute sql /data/miuilog/misight/event.db:select id,event_id,daily_cnt,over_cnt,hour_cnt,next_expire_time,last_happen_time,last_log_time from event_daily where event_id = '811001001' limit 1
06-22 11:24:00.360  1180  1236 D misight : DetectDropByTime event 811001001 parser maxCnt=200 lastTime=1782097229 same=0, overCnt=44236,dailyCnt=186,hourCnt=1
06-22 11:24:00.360  1180  1236 I misight : DetectDropEvent event 811001001 over hour cnt drop it, hourCnt=2 halfCnt=1, maxCnt=200 punishSecond=3240,space=1411
06-22 11:24:00.360  1180  1236 D misight : Execute start execute sql /data/miuilog/misight/event.db:update event_daily set  daily_cnt=186, hour_cnt=1, next_expire_time=1782100829, over_cnt=44237, last_happen_time=1782097229, last_log_time=0  where id = '2'
06-22 11:24:00.361  1180  1236 I misight : OnEvent EventInfoPack event 811001001
06-22 11:24:00.424  1045  1537 W libc    : Access denied finding property "ro.vendor.display.max_hdr_luminance"
06-22 11:24:00.483  1139  1251 D connsyslogger: SD_LOG_ROOT is /data/debuglogger/connsyslog/fw.
06-22 11:24:00.483  1139  1251 D connsyslogger: systemReady:1
06-22 11:24:00.537   960  1114 D sixth_if_gift: sixth_vdd_proc : vdd = 4407984 
06-22 11:24:00.539   960  1114 D sixth_if_gift: sixth_wrap_vdd_msg: update vdd = 4407984
06-22 11:24:00.540   960  1431 W AudioALSAPlaybackHandlerBase: compensatePresentationPosition(), timestamp 651055.990195728 older then mPreviousTime 651055.990835420!!
06-22 11:24:00.542   960  1114 D sixth_if_gift: sixth_wrap_vdd_msg: update vdd = 4407984
06-22 11:24:00.555  1673  4059 D PerfShielderService: com.dibay.app|com.dibay.app/com.dibay.app.MainActivity|2538|651056011377035|57|5|118
06-22 11:24:00.557  3805 16069 W MiuiPerfServiceClient: interceptAndQueuing:30727|com.dibay.app|2538|57|651056011377035|Slow issue draw commands|118
06-22 11:24:00.625  1045  1537 W libc    : Access denied finding property "ro.vendor.display.max_hdr_luminance"
06-22 11:24:00.646   960  1431 I android.hardware.audio.service-aidl.mediatek: misoundfx process numSamples: 48
06-22 11:24:00.707   970   982 I hwcomposer: [HWCDisplay] (0 updateFps():3644), (type:1, mode:2) fps:48.930611,dur:1001.42,max:35.70,min:14.33  
06-22 11:24:00.860  1045  1537 W libc    : Access denied finding property "ro.vendor.display.max_hdr_luminance"
06-22 11:24:01.009 30727  3562 D AudioTrackImpl: [audioTrackData][zero] 1s(f:2667 m:3 s:0 k:0 z:1004) : pid 30727 uid 10307 sessionId 50433 sr 48000 ch 2 fmt 5
06-22 11:24:01.075  1045  1537 W libc    : Access denied finding property "ro.vendor.display.max_hdr_luminance"
06-22 11:24:01.112  2388  2891 D SatelliteController: iisInCarrierRoamingNbIotNtn: satellite is disabled
06-22 11:24:01.115  2388  2388 W Settings: Setting airplane_mode_on has moved from android.provider.Settings.System to android.provider.Settings.Global, returning read-only value.
06-22 11:24:01.122  2388  2918 D MiuiTelephonyDFS: msg.what = 2
06-22 11:24:01.122  2388  2918 D MiuiTelephonyDFS: getVoiceRat = 13
06-22 11:24:01.122  2388  2918 D MiuiTelephonyDFS: getRsrp = -100
06-22 11:24:01.122  2388  2918 D MiuiTelephonyDFS: getVoiceRat = 13
06-22 11:24:01.123  2388  2918 D MiuiTelephonyDFS: getSnr = -3
06-22 11:24:01.123  2388  2918 D MiSight::  constructEvent id=915100005
06-22 11:24:01.123  2388  3107 D NetworkSpeedTracker: updateSignalInfo lteRsrp=-100lteSnr=-3,phoneId=0
06-22 11:24:01.124  2388  3108 D HighSpeedTrainModeController: msg.what = 10
06-22 11:24:01.124  2388  2918 D MiSight::  sendEvent id=915100005
06-22 11:24:01.124  2388  2918 D MiSightJni: MiSight: Java_com_miui_misight_MiSight_nativeSendEvent enter called. '{"SNRValue":-3}'
06-22 11:24:01.124  2388  2918 D MiEvent : MiEvent: this 0x763f073e20, paylod=0xb4000078c14ae680
06-22 11:24:01.124  2388  2918 D MiEvent : flatten EventId 915100005 -t 1782098641 -paraList {"SNRValue":-3}
06-22 11:24:01.124  2388  2918 D MiEvent : report:EventId 915100005 -t 1782098641 -paraList {"SNRValue":-3} success
06-22 11:24:01.124  2388  2918 D MiEvent : ~MiEvent: this 0x763f073e20, paylod=0xb4000078c14ae680
06-22 11:24:01.125  1180  1236 I misight : OnEvent EventPrivacyCompliance event=915100005
06-22 11:24:01.125  1180  1236 D misight : ProcessEvent devVersion==OS3.0.302.0.WHYMIXM,faultLevel=2,prv=3 region=eea
06-22 11:24:01.125  1180  1236 I misight : OnEvent EventStorageManager event=915100005,3
06-22 11:24:01.126  1180  1236 D misight : ProcessNewDayEvent event happen time 1782098641,start time=1782057600,restart=1
06-22 11:24:01.126  1180  1236 D misight : ProcessNewDayEvent event happen time 1782098641, last=1782098640,start time=1782057600,next day =1782144000, interval=86400
06-22 11:24:01.126  1180  1236 D misight : Execute start execute sql /data/miuilog/misight/event.db:select id,event_id,daily_cnt,over_cnt,hour_cnt,next_expire_time,last_happen_time,last_log_time from event_daily where event_id = '915100005' limit 1
06-22 11:24:01.126  1180  1236 D misight : DetectDropByTime event 915100005 parser maxCnt=200 lastTime=1782098553 same=0, overCnt=27748,dailyCnt=178,hourCnt=1
06-22 11:24:01.126  1180  1236 I misight : DetectDropEvent event 915100005 over hour cnt drop it, hourCnt=2 halfCnt=1, maxCnt=200 punishSecond=2061,space=88
06-22 11:24:01.126  1180  1236 D misight : Execute start execute sql /data/miuilog/misight/event.db:update event_daily set  daily_cnt=178, hour_cnt=1, next_expire_time=1782102153, over_cnt=27749, last_happen_time=1782098553, last_log_time=0  where id = '4'
06-22 11:24:01.129  1180  1236 I misight : OnEvent EventInfoPack event 915100005
06-22 11:24:01.186  1045  1045 I BufferQueueProducer: [com.dibay.app/com.dibay.app.MainActivity#31171](this:0xb400007acb0e2610,id:-1,api:0,p:-1,c:1045) queueBuffer: fps=50.97 dur=1000.59 max=33.88 min=15.36
06-22 11:24:01.285  1004  1077 I libPerfCtl: xgfGetFPS pid:2402 fps:-1
06-22 11:24:01.285  1004  1077 I libPerfCtl: xgfGetFPS pid:30727 fps:-1
06-22 11:24:01.308  1045  1537 W libc    : Access denied finding property "ro.vendor.display.max_hdr_luminance"
06-22 11:24:01.525  1045  1537 W libc    : Access denied finding property "ro.vendor.display.max_hdr_luminance"
06-22 11:24:01.643   960  1431 I android.hardware.audio.service-aidl.mediatek: misoundfx process numSamples: 48
06-22 11:24:01.654  2388  2891 D SatelliteController: iisInCarrierRoamingNbIotNtn: satellite is disabled
06-22 11:24:01.659  2388  2388 W Settings: Setting airplane_mode_on has moved from android.provider.Settings.System to android.provider.Settings.Global, returning read-only value.
06-22 11:24:01.666  2388  2918 D MiuiTelephonyDFS: msg.what = 2
06-22 11:24:01.667  2388  2918 D MiuiTelephonyDFS: getVoiceRat = 13
06-22 11:24:01.667  2388  2918 D MiuiTelephonyDFS: getRsrp = -98
06-22 11:24:01.667  2388  2918 D MiuiTelephonyDFS: getVoiceRat = 13
06-22 11:24:01.667  2388  3107 D NetworkSpeedTracker: updateNwSignalInfo not allowed ,ignore
06-22 11:24:01.667  2388  3108 D HighSpeedTrainModeController: msg.what = 10
06-22 11:24:01.667  2388  2918 D MiuiTelephonyDFS: getSnr = -4
06-22 11:24:01.667  2388  2918 D MiSight::  constructEvent id=915100005
06-22 11:24:01.668  2388  2918 D MiSight::  sendEvent id=915100005
06-22 11:24:01.668  2388  2918 D MiSightJni: MiSight: Java_com_miui_misight_MiSight_nativeSendEvent enter called. '{"SNRValue":-4}'
06-22 11:24:01.668  2388  2918 D MiEvent : MiEvent: this 0x763f073e20, paylod=0xb4000078c14ae680
06-22 11:24:01.668  2388  2918 D MiEvent : flatten EventId 915100005 -t 1782098641 -paraList {"SNRValue":-4}
06-22 11:24:01.669  2388  2918 D MiEvent : report:EventId 915100005 -t 1782098641 -paraList {"SNRValue":-4} success
06-22 11:24:01.669  2388  2918 D MiEvent : ~MiEvent: this 0x763f073e20, paylod=0xb4000078c14ae680
06-22 11:24:01.672  1180  1236 I misight : OnEvent EventPrivacyCompliance event=915100005
06-22 11:24:01.672  1180  1236 D misight : ProcessEvent devVersion==OS3.0.302.0.WHYMIXM,faultLevel=2,prv=3 region=eea
06-22 11:24:01.672  1180  1236 I misight : OnEvent EventStorageManager event=915100005,3
06-22 11:24:01.672  1180  1236 D misight : ProcessNewDayEvent event happen time 1782098641,start time=1782057600,restart=1
06-22 11:24:01.672  1180  1236 D misight : ProcessNewDayEvent event happen time 1782098641, last=1782098641,start time=1782057600,next day =1782144000, interval=86400
06-22 11:24:01.672  1180  1236 D misight : Execute start execute sql /data/miuilog/misight/event.db:select id,event_id,daily_cnt,over_cnt,hour_cnt,next_expire_time,last_happen_time,last_log_time from event_daily where event_id = '915100005' limit 1
06-22 11:24:01.672  1180  1236 D misight : DetectDropByTime event 915100005 parser maxCnt=200 lastTime=1782098553 same=0, overCnt=27749,dailyCnt=178,hourCnt=1
06-22 11:24:01.672  1180  1236 I misight : DetectDropEvent event 915100005 over hour cnt drop it, hourCnt=2 halfCnt=1, maxCnt=200 punishSecond=2061,space=88
06-22 11:24:01.673  1180  1236 D misight : Execute start execute sql /data/miuilog/misight/event.db:update event_daily set  daily_cnt=178, hour_cnt=1, next_expire_time=1782102153, over_cnt=27750, last_happen_time=1782098553, last_log_time=0  where id = '4'
06-22 11:24:01.676  1180  1236 I misight : OnEvent EventInfoPack event 915100005
06-22 11:24:01.687  1241  1241 I thermal_src: recvmsg_expect 5, but get 2 
06-22 11:24:01.687  1241  1241 V thermal_src: TA_DAEMON_CMD_GET_TPCB:ERROR ret=-1
06-22 11:24:01.687  1241  1241 E thermal_src: get_tpcb_from_kernel:error -1. retry...
06-22 11:24:01.687  1241  1241 I thermal_src: recvmsg_expect 5, but get 2 
06-22 11:24:01.687  1241  1241 V thermal_src: TA_DAEMON_CMD_GET_TPCB:ERROR ret=-1
06-22 11:24:01.687  1241  1241 E thermal_src: get_tpcb_from_kernel:error -1. retry...
06-22 11:24:01.687  1241  1241 I thermal_src: recvmsg_expect 5, but get 2 
06-22 11:24:01.688  1241  1241 V thermal_src: TA_DAEMON_CMD_GET_TPCB:ERROR ret=-1
06-22 11:24:01.688  1241  1241 E thermal_src: get_tpcb_from_kernel:error -1. retry...
06-22 11:24:01.688  1241  1241 I thermal_src: recvmsg_expect 4, but get 5 
06-22 11:24:01.688  1241  1241 V thermal_src: TA_DAEMON_CMD_SET_TTJ:ERROR ret=-1
06-22 11:24:01.688  1241  1241 E thermal_src: set_ttj_to_kernel 1:error -1
06-22 11:24:01.688  1241  1241 I thermal_src: recvmsg_expect 2, but get 5 
06-22 11:24:01.688  1241  1241 V thermal_src: waiting NOTIFY from kernel miss, -1
06-22 11:24:01.688  1241  1241 I thermal_src: recvmsg_expect 2, but get 5 
06-22 11:24:01.688  1241  1241 V thermal_src: waiting NOTIFY from kernel miss, -1
06-22 11:24:01.688  1241  1241 I thermal_src: recvmsg_expect 2, but get 4 
06-22 11:24:01.688  1241  1241 V thermal_src: waiting NOTIFY from kernel miss, -1
06-22 11:24:01.723   970   982 I hwcomposer: [HWCDisplay] (0 updateFps():3644), (type:1, mode:2) fps:52.153084,dur:1016.24,max:34.91,min:14.44  
06-22 11:24:01.743  1045  1537 W libc    : Access denied finding property "ro.vendor.display.max_hdr_luminance"
06-22 11:24:01.976  1045  1537 W libc    : Access denied finding property "ro.vendor.display.max_hdr_luminance"
06-22 11:24:02.006 30727  3562 D AudioTrackImpl: [audioTrackData][zero] 2s(f:2667 m:3 s:0 k:0 z:2000) : pid 30727 uid 10307 sessionId 50433 sr 48000 ch 2 fmt 5
06-22 11:24:02.204  1045  1045 I BufferQueueProducer: [com.dibay.app/com.dibay.app.MainActivity#31171](this:0xb400007acb0e2610,id:-1,api:0,p:-1,c:1045) queueBuffer: fps=46.17 dur=1017.89 max=34.40 min=15.88
06-22 11:24:02.210  1045  1537 W libc    : Access denied finding property "ro.vendor.display.max_hdr_luminance"
06-22 11:24:02.253  1226  1640 D ULogGuard: Monitoring: 7 threads, 0 requests, 0 time-bombs; 15 guards. ResetFlags = 0x7
06-22 11:24:02.285  1004  1077 I libPerfCtl: xgfGetFPS pid:2402 fps:-1
06-22 11:24:02.285  1004  1077 I libPerfCtl: xgfGetFPS pid:30727 fps:-1
06-22 11:24:02.291 14395 14911 D JavaheapMonitor: Java heap used=5M max=256M, proc: com.google.android.ext.services
06-22 11:24:02.292 14395 14911 V JavaheapMonitor: Check java heap usage finished! Next check delay: 300000
06-22 11:24:02.385  1180  1236 I misight : OnEvent EventPrivacyCompliance event=911001001
06-22 11:24:02.385  1180  1236 D misight : ProcessEvent devVersion==OS3.0.302.0.WHYMIXM,faultLevel=2,prv=3 region=eea
06-22 11:24:02.385  1180  1236 I misight : OnEvent EventStorageManager event=911001001,2
06-22 11:24:02.386  1180  1236 D misight : ProcessNewDayEvent event happen time 1782098642,start time=1782057600,restart=1
06-22 11:24:02.386  1180  1236 D misight : ProcessNewDayEvent event happen time 1782098642, last=1782098641,start time=1782057600,next day =1782144000, interval=86400
06-22 11:24:02.386  1180  1236 D misight : Execute start execute sql /data/miuilog/misight/event.db:select id,event_id,daily_cnt,over_cnt,hour_cnt,next_expire_time,last_happen_time,last_log_time from event_daily where event_id = '911001001' limit 1
06-22 11:24:02.387  1180  1236 D misight : DetectDropByTime event 911001001 parser maxCnt=200 lastTime=1782097229 same=0, overCnt=44237,dailyCnt=186,hourCnt=1
06-22 11:24:02.387  1180  1236 I misight : DetectDropEvent event 911001001 over hour cnt drop it, hourCnt=2 halfCnt=1, maxCnt=200 punishSecond=3239,space=1413
06-22 11:24:02.387  1180  1236 D misight : Execute start execute sql /data/miuilog/misight/event.db:update event_daily set  daily_cnt=186, hour_cnt=1, next_expire_time=1782100829, over_cnt=44238, last_happen_time=1782097229, last_log_time=0  where id = '1'
06-22 11:24:02.391  1180  1236 I misight : OnEvent EventInfoPack event 911001001
06-22 11:24:02.393  1180  1236 I misight : OnEvent EventPrivacyCompliance event=811001001
06-22 11:24:02.393  1180  1236 D misight : ProcessEvent devVersion==OS3.0.302.0.WHYMIXM,faultLevel=2,prv=3 region=eea
06-22 11:24:02.393  1180  1236 I misight : OnEvent EventStorageManager event=811001001,3
06-22 11:24:02.393  1180  1236 D misight : ProcessNewDayEvent event happen time 1782098642,start time=1782057600,restart=1
06-22 11:24:02.393  1180  1236 D misight : ProcessNewDayEvent event happen time 1782098642, last=1782098642,start time=1782057600,next day =1782144000, interval=86400
06-22 11:24:02.393  1180  1236 D misight : Execute start execute sql /data/miuilog/misight/event.db:select id,event_id,daily_cnt,over_cnt,hour_cnt,next_expire_time,last_happen_time,last_log_time from event_daily where event_id = '811001001' limit 1
06-22 11:24:02.394  1180  1236 D misight : DetectDropByTime event 811001001 parser maxCnt=200 lastTime=1782097229 same=0, overCnt=44237,dailyCnt=186,hourCnt=1
06-22 11:24:02.394  1180  1236 I misight : DetectDropEvent event 811001001 over hour cnt drop it, hourCnt=2 halfCnt=1, maxCnt=200 punishSecond=3239,space=1413
06-22 11:24:02.394  1180  1236 D misight : Execute start execute sql /data/miuilog/misight/event.db:update event_daily set  daily_cnt=186, hour_cnt=1, next_expire_time=1782100829, over_cnt=44238, last_happen_time=1782097229, last_log_time=0  where id = '2'
06-22 11:24:02.396  1180  1236 I misight : OnEvent EventInfoPack event 811001001
06-22 11:24:02.428  1045  1537 W libc    : Access denied finding property "ro.vendor.display.max_hdr_luminance"
06-22 11:24:02.483  1139  1251 D connsyslogger: SD_LOG_ROOT is /data/debuglogger/connsyslog/fw.
06-22 11:24:02.484  1139  1251 D connsyslogger: systemReady:1
06-22 11:24:02.507  2297  2421 D JavaheapMonitor: Java heap used=5M max=256M, proc: com.android.networkstack.process
06-22 11:24:02.507  2297  2421 V JavaheapMonitor: Check java heap usage finished! Next check delay: 300000
06-22 11:24:02.573  1673  1907 D MiuiWifiCommonBase: band: 1, compensate: 0
06-22 11:24:02.575  1673  1907 E AmlWifiScoreReportInjector: AmlWifiScoreReportInjector was cleared
06-22 11:24:02.575  1673  1907 D WifiOptimizationImpl: AmlWifiScoreReportInjector.get() = null, stop reportTxBadOrRetryEvent
06-22 11:24:02.593  2402  2402 D ControlCenterHeaderExpandController: onExpansionChanged: progress =  0.0
06-22 11:24:02.594  2402  2402 D ControlCenterHeaderExpandController: onExpansionChanged: progress =  0.0
06-22 11:24:02.595  2402  2402 D ControlCenterHeaderExpandController: onExpansionChanged: progress =  0.0
06-22 11:24:02.605  1045  1045 I BufferQueueProducer: [StatusBar#123](this:0xb400007acb0c0350,id:-1,api:0,p:-1,c:1045) queueBuffer: fps=0.66 dur=3018.43 max=2552.85 min=465.58
06-22 11:24:02.646   960  1431 I android.hardware.audio.service-aidl.mediatek: misoundfx process numSamples: 48
06-22 11:24:02.658  1045  1537 W libc    : Access denied finding property "ro.vendor.display.max_hdr_luminance"
06-22 11:24:02.739   970   982 I hwcomposer: [HWCDisplay] (0 updateFps():3644), (type:1, mode:2) fps:43.294018,dur:1016.31,max:37.19,min:14.59  
06-22 11:24:02.770  4435  3497 I charon  : 13332[JOB] [acquire_alarm_timer_wake_lock()  412] Acquire wake lock(fd:-1, result: 1, errno:9)
06-22 11:24:02.772  4435  4485 I charon  : 04[JOB] [schedule()  269] Job timer expiry(now:772024, event->time:772024), queuing job for execution
06-22 11:24:02.773  4435  4488 I charon  : 07[KNL] <pdn_0_15|28> [query_policy() 2588] add XFRMA_IF_ID attr [31][574f0002]
06-22 11:24:02.773  4435  4488 I charon  : 07[KNL] <pdn_0_15|28> [query_policy() 2588] add XFRMA_IF_ID attr [31][574f0002]
06-22 11:24:02.773  4435  4488 I charon  : 07[IKE] <pdn_0_15|28> [send_dpd()  961] sending DPD request
06-22 11:24:02.774  4435  4488 I charon  : 07[IKE] <pdn_0_15|28> [queue_dpd() 2082] Task DPD triggered DPD
06-22 11:24:02.774  4435  4488 I charon  : 07[JOB] <pdn_0_15|28> [schedule_job_tv()  506] Put the job(expire at 772144) in heap position:3, next expired job:772074
06-22 11:24:02.774  4435  4488 I charon  : 07[IKE] <pdn_0_15|28> [wod_tcp_txrx()   70] Tx to WOD - len:23, data:[ipsecdpdintvl=***]
06-22 11:24:02.775  1383  1383 I [epdg_wo]: [SKT] [wod_ipsec] accept client (fd: [7])
06-22 11:24:02.775  1383  1383 I [epdg_wo]: [WOA] wo_msg_sensitive_print: [ipsecdpdintvl=0,15,120](22)
06-22 11:24:02.775  1383  1383 I [epdg_wo]: [WOA] wo_msg_sensitive_print: [ipsecdpdintvl:ok](16)
06-22 11:24:02.775  4435  4488 I charon  : 07[IKE] <pdn_0_15|28> [wod_tcp_txrx()  104] RX from WOD - len:17, data:[ipsecdpdintvl:***]
06-22 11:24:02.775  4435  4488 I charon  : 07[ENC] <pdn_0_15|28> [generate_message() 1737] generating INFORMATIONAL request 473 [ ]
06-22 11:24:02.776  4435  4488 I charon  : 07[KNL] <pdn_0_15|28> [get_interface_address()  702] ============================ ip: (null), scope:0
06-22 11:24:02.776  4435  4488 I charon  : 07[KNL] <pdn_0_15|28> [get_route() 1722] using (null) as address to reach (null)
06-22 11:24:02.776  4435  4488 I charon  : 07[NET] <pdn_0_15|28> [send_()  101] sending packet: from (null) to (null) (76 bytes)
06-22 11:24:02.776  4435  4488 I charon  : 07[JOB] <pdn_0_15|28> [schedule_job_tv()  506] Put the job(expire at 772026) in heap position:1, next expired job:772026
06-22 11:24:02.777  4435  4488 I charon  : 07[JOB] [release_alarm_timer_wake_lock()  391] Release wake lock(fd:-1, result: 1, errno:9)
06-22 11:24:02.777  1383  4350 D [epdg_wo]: [DBG][PS0:0] Process message: [ipsecdpdintvl=](27)
06-22 11:24:02.777  1383  4350 I [epdg_wo]: [WOA][PS0:0] wo_msg_sensitive_print: [+wodpdintvl:0,"ims",1,120](25)
06-22 11:24:02.791 30220 31034 D JavaheapMonitor: Java heap used=3M max=256M, proc: com.miui.msa.global
06-22 11:24:02.792 30220 31034 V JavaheapMonitor: Check java heap usage finished! Next check delay: 300000
06-22 11:24:02.805  4435  4494 I charon  : 12[NET] <pdn_0_15|28> [execute()   71] received packet: from (null) to (null) (76 bytes)
06-22 11:24:02.805  4435  4494 I charon  : 12[ENC] <pdn_0_15|28> [parse_body() 2654] parsed INFORMATIONAL response 473 [ ]
06-22 11:24:02.854  4061  4628 W BluetoothMetricsLogger: MetricsLogger isn't initialized
06-22 11:24:02.854  4061  4628 W BluetoothMetricsLogger: MetricsLogger isn't initialized
06-22 11:24:02.854  4061  4628 V BtGatt.ScanController: onScanResult() - eventType=0x0, addressType=1, address=XX:XX:XX:XX:EF:DB, primaryPhy=1, secondaryPhy=1, advertisingSid=0x1, txPower=127, rssi=-40, periodicAdvInt=0x0, originalAddress=00:00:00:00:00:00
06-22 11:24:02.855  4061  4628 V BtGatt.ScanController: Skipping client: permission=true matches=false
06-22 11:24:02.879  1045  1537 W libc    : Access denied finding property "ro.vendor.display.max_hdr_luminance"
06-22 11:24:03.034  1673  4059 D PerfShielderService: com.dibay.app|com.dibay.app/com.dibay.app.MainActivity|2515|651058489971728|63|5|120
06-22 11:24:03.035  3805 16069 W MiuiPerfServiceClient: interceptAndQueuing:30727|com.dibay.app|2515|63|651058489971728|Slow issue draw commands|120
06-22 11:24:03.126  1045  1537 W libc    : Access denied finding property "ro.vendor.display.max_hdr_luminance"
06-22 11:24:03.205  1045  1045 I BufferQueueProducer: [com.dibay.app/com.dibay.app.MainActivity#31171](this:0xb400007acb0e2610,id:-1,api:0,p:-1,c:1045) queueBuffer: fps=48.94 dur=1001.18 max=34.21 min=15.25
06-22 11:24:03.285  1004  1077 I libPerfCtl: xgfGetFPS pid:2402 fps:-1
06-22 11:24:03.285  1004  1077 I libPerfCtl: xgfGetFPS pid:30727 fps:-1
06-22 11:24:03.332  6488  6566 D JavaheapMonitor: Java heap used=27M max=256M, proc: com.google.android.gms
06-22 11:24:03.332  6488  6566 V JavaheapMonitor: Check java heap usage finished! Next check delay: 300000
06-22 11:24:03.342  1045  1537 W libc    : Access denied finding property "ro.vendor.display.max_hdr_luminance"
06-22 11:24:03.423  9858 17615 D JavaheapMonitor: Java heap used=17M max=256M, proc: com.google.android.apps.messaging
06-22 11:24:03.424  9858 17615 V JavaheapMonitor: Check java heap usage finished! Next check delay: 300000
06-22 11:24:03.576  1045  1537 W libc    : Access denied finding property "ro.vendor.display.max_hdr_luminance"
06-22 11:24:03.649   960  1431 I android.hardware.audio.service-aidl.mediatek: misoundfx process numSamples: 48
06-22 11:24:03.687  1241  1241 I thermal_src: recvmsg_expect 5, but get 2 
06-22 11:24:03.688  1241  1241 V thermal_src: TA_DAEMON_CMD_GET_TPCB:ERROR ret=-1
06-22 11:24:03.688  1241  1241 E thermal_src: get_tpcb_from_kernel:error -1. retry...
06-22 11:24:03.688  1241  1241 I thermal_src: recvmsg_expect 5, but get 2 
06-22 11:24:03.688  1241  1241 V thermal_src: TA_DAEMON_CMD_GET_TPCB:ERROR ret=-1
06-22 11:24:03.688  1241  1241 E thermal_src: get_tpcb_from_kernel:error -1. retry...
06-22 11:24:03.688  1241  1241 I thermal_src: recvmsg_expect 4, but get 2 
06-22 11:24:03.688  1241  1241 V thermal_src: TA_DAEMON_CMD_SET_TTJ:ERROR ret=-1
06-22 11:24:03.688  1241  1241 E thermal_src: set_ttj_to_kernel 1:error -1
06-22 11:24:03.688  1241  1241 I thermal_src: recvmsg_expect 2, but get 5 
06-22 11:24:03.688  1241  1241 V thermal_src: waiting NOTIFY from kernel miss, -1
06-22 11:24:03.688  1241  1241 I thermal_src: recvmsg_expect 2, but get 5 
06-22 11:24:03.688  1241  1241 V thermal_src: waiting NOTIFY from kernel miss, -1
06-22 11:24:03.688  1241  1241 I thermal_src: recvmsg_expect 2, but get 4 
06-22 11:24:03.688  1241  1241 V thermal_src: waiting NOTIFY from kernel miss, -1
06-22 11:24:03.757   970   982 I hwcomposer: [HWCDisplay] (0 updateFps():3644), (type:1, mode:2) fps:48.126465,dur:1018.15,max:34.60,min:13.52  
06-22 11:24:03.795  1045  1537 W libc    : Access denied finding property "ro.vendor.display.max_hdr_luminance"
06-22 11:24:03.809 30727  3562 D AudioTrackImpl: [audioTrackData][zero] 1s(f:3035 m:3 s:0 k:0 z:1003) : pid 30727 uid 10307 sessionId 50433 sr 48000 ch 2 fmt 5
06-22 11:24:04.028  1045  1537 W libc    : Access denied finding property "ro.vendor.display.max_hdr_luminance"
06-22 11:24:04.032  5692  7212 D powerkeeper.dfsobserve: board ready to handle temperature change
06-22 11:24:04.201  4061  4628 W BluetoothMetricsLogger: MetricsLogger isn't initialized
06-22 11:24:04.201  4061  4628 W BluetoothMetricsLogger: MetricsLogger isn't initialized
06-22 11:24:04.201  4061  4628 V BtGatt.ScanController: onScanResult() - eventType=0x0, addressType=1, address=XX:XX:XX:XX:EF:DB, primaryPhy=1, secondaryPhy=1, advertisingSid=0x1, txPower=127, rssi=-40, periodicAdvInt=0x0, originalAddress=00:00:00:00:00:00
06-22 11:24:04.201  4061  4628 V BtGatt.ScanController: Skipping client: permission=true matches=false
06-22 11:24:04.221  1045  1045 I BufferQueueProducer: [com.dibay.app/com.dibay.app.MainActivity#31171](this:0xb400007acb0e2610,id:-1,api:0,p:-1,c:1045) queueBuffer: fps=49.20 dur=1016.35 max=33.61 min=15.89
06-22 11:24:04.242  1045  1537 W libc    : Access denied finding property "ro.vendor.display.max_hdr_luminance"
06-22 11:24:04.285  1004  1077 I libPerfCtl: xgfGetFPS pid:2402 fps:-1
06-22 11:24:04.286  1004  1077 I libPerfCtl: xgfGetFPS pid:30727 fps:-1
06-22 11:24:04.419  1180  1236 I misight : OnEvent EventPrivacyCompliance event=911001001
06-22 11:24:04.420  1180  1236 D misight : ProcessEvent devVersion==OS3.0.302.0.WHYMIXM,faultLevel=2,prv=3 region=eea
06-22 11:24:04.420  1180  1236 I misight : OnEvent EventStorageManager event=911001001,2
06-22 11:24:04.420  1180  1236 D misight : ProcessNewDayEvent event happen time 1782098644,start time=1782057600,restart=1
06-22 11:24:04.420  1180  1236 D misight : ProcessNewDayEvent event happen time 1782098644, last=1782098642,start time=1782057600,next day =1782144000, interval=86400
06-22 11:24:04.420  1180  1236 D misight : Execute start execute sql /data/miuilog/misight/event.db:select id,event_id,daily_cnt,over_cnt,hour_cnt,next_expire_time,last_happen_time,last_log_time from event_daily where event_id = '911001001' limit 1
06-22 11:24:04.420  1180  1236 D misight : DetectDropByTime event 911001001 parser maxCnt=200 lastTime=1782097229 same=0, overCnt=44238,dailyCnt=186,hourCnt=1
06-22 11:24:04.421  1180  1236 I misight : DetectDropEvent event 911001001 over hour cnt drop it, hourCnt=2 halfCnt=1, maxCnt=200 punishSecond=3239,space=1415
06-22 11:24:04.421  1180  1236 D misight : Execute start execute sql /data/miuilog/misight/event.db:update event_daily set  daily_cnt=186, hour_cnt=1, next_expire_time=1782100829, over_cnt=44239, last_happen_time=1782097229, last_log_time=0  where id = '1'
06-22 11:24:04.426  1180  1236 I misight : OnEvent EventInfoPack event 911001001
06-22 11:24:04.428  1180  1236 I misight : OnEvent EventPrivacyCompliance event=811001001
06-22 11:24:04.428  1180  1236 D misight : ProcessEvent devVersion==OS3.0.302.0.WHYMIXM,faultLevel=2,prv=3 region=eea
06-22 11:24:04.428  1180  1236 I misight : OnEvent EventStorageManager event=811001001,3
06-22 11:24:04.428  1180  1236 D misight : ProcessNewDayEvent event happen time 1782098644,start time=1782057600,restart=1
06-22 11:24:04.428  1180  1236 D misight : ProcessNewDayEvent event happen time 1782098644, last=1782098644,start time=1782057600,next day =1782144000, interval=86400
06-22 11:24:04.428  1180  1236 D misight : Execute start execute sql /data/miuilog/misight/event.db:select id,event_id,daily_cnt,over_cnt,hour_cnt,next_expire_time,last_happen_time,last_log_time from event_daily where event_id = '811001001' limit 1
06-22 11:24:04.429  1180  1236 D misight : DetectDropByTime event 811001001 parser maxCnt=200 lastTime=1782097229 same=0, overCnt=44238,dailyCnt=186,hourCnt=1
06-22 11:24:04.429  1180  1236 I misight : DetectDropEvent event 811001001 over hour cnt drop it, hourCnt=2 halfCnt=1, maxCnt=200 punishSecond=3239,space=1415
06-22 11:24:04.429  1180  1236 D misight : Execute start execute sql /data/miuilog/misight/event.db:update event_daily set  daily_cnt=186, hour_cnt=1, next_expire_time=1782100829, over_cnt=44239, last_happen_time=1782097229, last_log_time=0  where id = '2'
06-22 11:24:04.430  1180  1236 I misight : OnEvent EventInfoPack event 811001001
06-22 11:24:04.461  1045  1537 W libc    : Access denied finding property "ro.vendor.display.max_hdr_luminance"
06-22 11:24:04.484  1139  1251 D connsyslogger: SD_LOG_ROOT is /data/debuglogger/connsyslog/fw.
06-22 11:24:04.484  1139  1251 D connsyslogger: systemReady:1
06-22 11:24:04.646   960  1431 I android.hardware.audio.service-aidl.mediatek: misoundfx process numSamples: 48
06-22 11:24:04.663  1045  1537 W libc    : Access denied finding property "ro.vendor.display.max_hdr_luminance"
06-22 11:24:04.759   970   982 I hwcomposer: [HWCDisplay] (0 updateFps():3644), (type:1, mode:2) fps:50.925587,dur:1001.46,max:34.81,min:14.09  
06-22 11:24:04.778  4435  4485 I charon  : 04[JOB] [schedule()  269] Job timer expiry(now:772026, event->time:772026), queuing job for execution
06-22 11:24:04.806 30727  3562 D AudioTrackImpl: [audioTrackData][zero] 2s(f:3035 m:3 s:0 k:0 z:2001) : pid 30727 uid 10307 sessionId 50433 sr 48000 ch 2 fmt 5
06-22 11:24:04.879  1045  1537 W libc    : Access denied finding property "ro.vendor.display.max_hdr_luminance"
06-22 11:24:05.112  1045  1537 W libc    : Access denied finding property "ro.vendor.display.max_hdr_luminance"
06-22 11:24:05.222  1045  1045 I BufferQueueProducer: [com.dibay.app/com.dibay.app.MainActivity#31171](this:0xb400007acb0e2610,id:-1,api:0,p:-1,c:1045) queueBuffer: fps=45.95 dur=1001.04 max=33.92 min=15.81
06-22 11:24:05.253  1226  1640 D ULogGuard: Monitoring: 7 threads, 0 requests, 0 time-bombs; 15 guards. ResetFlags = 0x7
06-22 11:24:05.286  1004  1077 I libPerfCtl: xgfGetFPS pid:2402 fps:-1
06-22 11:24:05.287  1004  1077 I libPerfCtl: xgfGetFPS pid:30727 fps:-1
06-22 11:24:05.347  1045  1537 W libc    : Access denied finding property "ro.vendor.display.max_hdr_luminance"
06-22 11:24:05.533   960  1114 D sixth_if_gift: sixth_vdd_proc : vdd = 4407992 
06-22 11:24:05.535   960  1114 D sixth_if_gift: sixth_wrap_vdd_msg: update vdd = 4407992
06-22 11:24:05.536   960  1431 W AudioALSAPlaybackHandlerBase: compensatePresentationPosition(), timestamp 651060.987440113 older then mPreviousTime 651060.987602574!!
06-22 11:24:05.537   960  1114 D sixth_if_gift: sixth_wrap_vdd_msg: update vdd = 4407992
06-22 11:24:05.549  4061  4628 W BluetoothMetricsLogger: MetricsLogger isn't initialized
06-22 11:24:05.550  4061  4628 W BluetoothMetricsLogger: MetricsLogger isn't initialized
06-22 11:24:05.550  4061  4628 V BtGatt.ScanController: onScanResult() - eventType=0x0, addressType=1, address=XX:XX:XX:XX:EF:DB, primaryPhy=1, secondaryPhy=1, advertisingSid=0x1, txPower=127, rssi=-39, periodicAdvInt=0x0, originalAddress=00:00:00:00:00:00
06-22 11:24:05.550  4061  4628 V BtGatt.ScanController: Skipping client: permission=true matches=false
06-22 11:24:05.560  1045  1537 W libc    : Access denied finding property "ro.vendor.display.max_hdr_luminance"
06-22 11:24:05.584  1673  1907 D MiuiWifiCommonBase: band: 1, compensate: 0
06-22 11:24:05.586  1673  1907 E AmlWifiScoreReportInjector: AmlWifiScoreReportInjector was cleared
06-22 11:24:05.586  1673  1907 D WifiOptimizationImpl: AmlWifiScoreReportInjector.get() = null, stop reportTxBadOrRetryEvent
06-22 11:24:05.591  1673  4059 D PerfShielderService: com.dibay.app|com.dibay.app/com.dibay.app.MainActivity|2587|651061047508420|58|5|120
06-22 11:24:05.592  3805 16069 W MiuiPerfServiceClient: interceptAndQueuing:30727|com.dibay.app|2587|58|651061047508420|Slow issue draw commands|120
06-22 11:24:05.649   960  1431 I android.hardware.audio.service-aidl.mediatek: misoundfx process numSamples: 48
06-22 11:24:05.688  1241  1241 I thermal_src: recvmsg_expect 5, but get 2 
06-22 11:24:05.688  1241  1241 V thermal_src: TA_DAEMON_CMD_GET_TPCB:ERROR ret=-1
06-22 11:24:05.688  1241  1241 E thermal_src: get_tpcb_from_kernel:error -1. retry...
06-22 11:24:05.688  1241  1241 I thermal_src: recvmsg_expect 5, but get 2 
06-22 11:24:05.688  1241  1241 V thermal_src: TA_DAEMON_CMD_GET_TPCB:ERROR ret=-1
06-22 11:24:05.689  1241  1241 E thermal_src: get_tpcb_from_kernel:error -1. retry...
06-22 11:24:05.689  1241  1241 I thermal_src: recvmsg_expect 5, but get 2 
06-22 11:24:05.689  1241  1241 V thermal_src: TA_DAEMON_CMD_GET_TPCB:ERROR ret=-1
06-22 11:24:05.689  1241  1241 E thermal_src: get_tpcb_from_kernel:error -1. retry...
06-22 11:24:05.689  1241  1241 I thermal_src: recvmsg_expect 4, but get 5 
06-22 11:24:05.689  1241  1241 V thermal_src: TA_DAEMON_CMD_SET_TTJ:ERROR ret=-1
06-22 11:24:05.689  1241  1241 E thermal_src: set_ttj_to_kernel 1:error -1
06-22 11:24:05.689  1241  1241 I thermal_src: recvmsg_expect 2, but get 5 
06-22 11:24:05.689  1241  1241 V thermal_src: waiting NOTIFY from kernel miss, -1
06-22 11:24:05.689  1241  1241 I thermal_src: recvmsg_expect 2, but get 5 
06-22 11:24:05.689  1241  1241 V thermal_src: waiting NOTIFY from kernel miss, -1
06-22 11:24:05.689  1241  1241 I thermal_src: recvmsg_expect 2, but get 4 
06-22 11:24:05.689  1241  1241 V thermal_src: waiting NOTIFY from kernel miss, -1
06-22 11:24:05.775   970   982 I hwcomposer: [HWCDisplay] (0 updateFps():3644), (type:1, mode:2) fps:44.294949,dur:1015.92,max:35.23,min:14.45  
06-22 11:24:05.778  1045  1537 W libc    : Access denied finding property "ro.vendor.display.max_hdr_luminance"
06-22 11:24:05.782  1673  1832 W ActivityManagerServiceImpl: Sending non-protected broadcast miui.extm.action.mark from system uid 1000 pkg android. Callers=com.android.server.am.BroadcastController.checkBroadcastFromSystem:2218 com.android.server.am.BroadcastController.broadcastIntentLockedTraced:1703 com.android.server.am.BroadcastController.broadcastIntentLocked:857 com.android.server.am.BroadcastController.broadcastIntentInPackage:824 com.android.server.am.ActivityManagerService$LocalService.broadcastIntentInPackage:18839 
06-22 11:24:05.782  1673  1832 D AlarmManager: mBroadcastRefCount -> 1
06-22 11:24:05.785  1673  1673 I ExtM    : mark duration up to 2m , try to mark.
06-22 11:24:05.786  1673  1673 D MFZ     : Start Mark
06-22 11:24:05.786  1673  2094 D ExtM    : Start marking ...
06-22 11:24:05.786  1673  2094 W ExtM    : Mark thread start 
06-22 11:24:05.795  3575  3575 D vold    : maxCpuFreq1800000
06-22 11:24:05.795  3575  3575 D vold    : maxCpuFreq2000000
06-22 11:24:05.796  3575  3575 D vold    : set cpu affinity policy success
06-22 11:24:05.820  1673  1673 D MFZ     : Mark Finshed ! idle_stats: 3242 911 1700 1 1696 41 0 58 159 5750
06-22 11:24:05.821  1673  1673 E AlarmManager: not align this alarm: Alarm{340744f type 0 origWhen 1782098765820 whenElapsed 772147541 android}, reason=0
06-22 11:24:05.822  1673  1673 D AlarmManager: mBroadcastRefCount -> 0
06-22 11:24:05.822  1673  1673 D AlarmManager: mPendingIntent -> PendingIntent{74150e5: PendingIntentRecord{41188ba android broadcastIntent}}
06-22 11:24:05.838  1673  1742 D AurogonBandwidthController: skinTemperature:29.524
06-22 11:24:05.859  1228  1228 I thermal_repeater: [recvMdThermalInfo] ret=26, strLen=127,  3, 36, -50, 196, 32767, 0
06-22 11:24:05.997  1045  1537 W libc    : Access denied finding property "ro.vendor.display.max_hdr_luminance"
06-22 11:24:06.072  1673  1686 I system_server: Background young concurrent mark compact GC freed 20MB AllocSpace bytes, 84(3920KB) LOS objects, 19% free, 88MB/109MB, paused 3.932ms,12.290ms total 202.542ms
06-22 11:24:06.078  1673  1721 D JavaheapMonitor: Java heap used=88M max=512M, proc: system_server
06-22 11:24:06.078  1673  1721 V JavaheapMonitor: Check java heap usage finished! Next check delay: 300000
06-22 11:24:06.223  1045  1045 I BufferQueueProducer: [com.dibay.app/com.dibay.app.MainActivity#31171](this:0xb400007acb0e2610,id:-1,api:0,p:-1,c:1045) queueBuffer: fps=50.96 dur=1000.85 max=34.30 min=15.55
06-22 11:24:06.231  1045  1537 W libc    : Access denied finding property "ro.vendor.display.max_hdr_luminance"
06-22 11:24:06.286  1004  1077 I libPerfCtl: xgfGetFPS pid:2402 fps:-1
06-22 11:24:06.286  1004  1077 I libPerfCtl: xgfGetFPS pid:30727 fps:-1
06-22 11:24:06.296  1673  4059 W ExtM    : Mark finished with status: 0
06-22 11:24:06.379 29091 30992 D JavaheapMonitor: Java heap used=3M max=256M, proc: com.miui.analytics
06-22 11:24:06.379 29091 30992 V JavaheapMonitor: Check java heap usage finished! Next check delay: 300000
06-22 11:24:06.447  1045  1537 W libc    : Access denied finding property "ro.vendor.display.max_hdr_luminance"
06-22 11:24:06.471  1180  1236 I misight : OnEvent EventPrivacyCompliance event=911001001
06-22 11:24:06.472  1180  1236 D misight : ProcessEvent devVersion==OS3.0.302.0.WHYMIXM,faultLevel=2,prv=3 region=eea
06-22 11:24:06.472  1180  1236 I misight : OnEvent EventStorageManager event=911001001,2
06-22 11:24:06.472  1180  1236 D misight : ProcessNewDayEvent event happen time 1782098646,start time=1782057600,restart=1
06-22 11:24:06.472  1180  1236 D misight : ProcessNewDayEvent event happen time 1782098646, last=1782098644,start time=1782057600,next day =1782144000, interval=86400
06-22 11:24:06.472  1180  1236 D misight : Execute start execute sql /data/miuilog/misight/event.db:select id,event_id,daily_cnt,over_cnt,hour_cnt,next_expire_time,last_happen_time,last_log_time from event_daily where event_id = '911001001' limit 1
06-22 11:24:06.473  1180  1236 D misight : DetectDropByTime event 911001001 parser maxCnt=200 lastTime=1782097229 same=0, overCnt=44239,dailyCnt=186,hourCnt=1
06-22 11:24:06.473  1180  1236 I misight : DetectDropEvent event 911001001 over hour cnt drop it, hourCnt=2 halfCnt=1, maxCnt=200 punishSecond=3239,space=1417
06-22 11:24:06.473  1180  1236 D misight : Execute start execute sql /data/miuilog/misight/event.db:update event_daily set  daily_cnt=186, hour_cnt=1, next_expire_time=1782100829, over_cnt=44240, last_happen_time=1782097229, last_log_time=0  where id = '1'
06-22 11:24:06.477  1180  1236 I misight : OnEvent EventInfoPack event 911001001
06-22 11:24:06.479  1180  1236 I misight : OnEvent EventPrivacyCompliance event=811001001
06-22 11:24:06.479  1180  1236 D misight : ProcessEvent devVersion==OS3.0.302.0.WHYMIXM,faultLevel=2,prv=3 region=eea
06-22 11:24:06.479  1180  1236 I misight : OnEvent EventStorageManager event=811001001,3
06-22 11:24:06.479  1180  1236 D misight : ProcessNewDayEvent event happen time 1782098646,start time=1782057600,restart=1
06-22 11:24:06.479  1180  1236 D misight : ProcessNewDayEvent event happen time 1782098646, last=1782098646,start time=1782057600,next day =1782144000, interval=86400
06-22 11:24:06.480  1180  1236 D misight : Execute start execute sql /data/miuilog/misight/event.db:select id,event_id,daily_cnt,over_cnt,hour_cnt,next_expire_time,last_happen_time,last_log_time from event_daily where event_id = '811001001' limit 1
06-22 11:24:06.480  1180  1236 D misight : DetectDropByTime event 811001001 parser maxCnt=200 lastTime=1782097229 same=0, overCnt=44239,dailyCnt=186,hourCnt=1
06-22 11:24:06.480  1180  1236 I misight : DetectDropEvent event 811001001 over hour cnt drop it, hourCnt=2 halfCnt=1, maxCnt=200 punishSecond=3239,space=1417
06-22 11:24:06.481  1180  1236 D misight : Execute start execute sql /data/miuilog/misight/event.db:update event_daily set  daily_cnt=186, hour_cnt=1, next_expire_time=1782100829, over_cnt=44240, last_happen_time=1782097229, last_log_time=0  where id = '2'
06-22 11:24:06.483  1180  1236 I misight : OnEvent EventInfoPack event 811001001
06-22 11:24:06.484  1139  1251 D connsyslogger: SD_LOG_ROOT is /data/debuglogger/connsyslog/fw.
06-22 11:24:06.484  1139  1251 D connsyslogger: systemReady:1
06-22 11:24:06.609 30727  3562 D AudioTrackImpl: [audioTrackData][zero] 1s(f:3403 m:3 s:0 k:0 z:1003) : pid 30727 uid 10307 sessionId 50433 sr 48000 ch 2 fmt 5
06-22 11:24:06.652   960  1431 I android.hardware.audio.service-aidl.mediatek: misoundfx process numSamples: 48
06-22 11:24:06.679  1045  1537 W libc    : Access denied finding property "ro.vendor.display.max_hdr_luminance"
06-22 11:24:06.774  2388  2891 D SatelliteController: iisInCarrierRoamingNbIotNtn: satellite is disabled
06-22 11:24:06.777  2388  2388 W Settings: Setting airplane_mode_on has moved from android.provider.Settings.System to android.provider.Settings.Global, returning read-only value.
06-22 11:24:06.783  2388  2918 D MiuiTelephonyDFS: msg.what = 2
06-22 11:24:06.783  2388  2918 D MiuiTelephonyDFS: getVoiceRat = 13
06-22 11:24:06.783  2388  2918 D MiuiTelephonyDFS: getRsrp = -98
06-22 11:24:06.783  2388  3107 D NetworkSpeedTracker: updateNwSignalInfo not allowed ,ignore
06-22 11:24:06.783  2388  3108 D HighSpeedTrainModeController: msg.what = 10
06-22 11:24:06.784  2388  2918 D MiuiTelephonyDFS: getVoiceRat = 13
06-22 11:24:06.784  2388  2918 D MiuiTelephonyDFS: getSnr = -5
06-22 11:24:06.784  2388  2918 D MiSight::  constructEvent id=915100005
06-22 11:24:06.785  2388  2918 D MiSight::  sendEvent id=915100005
06-22 11:24:06.785  2388  2918 D MiSightJni: MiSight: Java_com_miui_misight_MiSight_nativeSendEvent enter called. '{"SNRValue":-5}'
06-22 11:24:06.785  2388  2918 D MiEvent : MiEvent: this 0x763f073e20, paylod=0xb4000078c14ae680
06-22 11:24:06.785  2388  2918 D MiEvent : flatten EventId 915100005 -t 1782098646 -paraList {"SNRValue":-5}
06-22 11:24:06.785  2388  2918 D MiEvent : report:EventId 915100005 -t 1782098646 -paraList {"SNRValue":-5} success
06-22 11:24:06.785  2388  2918 D MiEvent : ~MiEvent: this 0x763f073e20, paylod=0xb4000078c14ae680
06-22 11:24:06.786  1180  1236 I misight : OnEvent EventPrivacyCompliance event=915100005
06-22 11:24:06.786  1180  1236 D misight : ProcessEvent devVersion==OS3.0.302.0.WHYMIXM,faultLevel=2,prv=3 region=eea
06-22 11:24:06.786  1180  1236 I misight : OnEvent EventStorageManager event=915100005,3
06-22 11:24:06.786  1180  1236 D misight : ProcessNewDayEvent event happen time 1782098646,start time=1782057600,restart=1
06-22 11:24:06.786  1180  1236 D misight : ProcessNewDayEvent event happen time 1782098646, last=1782098646,start time=1782057600,next day =1782144000, interval=86400
06-22 11:24:06.786  1180  1236 D misight : Execute start execute sql /data/miuilog/misight/event.db:select id,event_id,daily_cnt,over_cnt,hour_cnt,next_expire_time,last_happen_time,last_log_time from event_daily where event_id = '915100005' limit 1
06-22 11:24:06.786  1180  1236 D misight : DetectDropByTime event 915100005 parser maxCnt=200 lastTime=1782098553 same=0, overCnt=27750,dailyCnt=178,hourCnt=1
06-22 11:24:06.786  1180  1236 I misight : DetectDropEvent event 915100005 over hour cnt drop it, hourCnt=2 halfCnt=1, maxCnt=200 punishSecond=2061,space=93
06-22 11:24:06.786  1180  1236 D misight : Execute start execute sql /data/miuilog/misight/event.db:update event_daily set  daily_cnt=178, hour_cnt=1, next_expire_time=1782102153, over_cnt=27751, last_happen_time=1782098553, last_log_time=0  where id = '4'
06-22 11:24:06.789  1180  1236 I misight : OnEvent EventInfoPack event 915100005
06-22 11:24:06.792   970   982 I hwcomposer: [HWCDisplay] (0 updateFps():3644), (type:1, mode:2) fps:49.124378,dur:1017.82,max:34.54,min:13.53  
06-22 11:24:06.894  1045  1537 W libc    : Access denied finding property "ro.vendor.display.max_hdr_luminance"
06-22 11:24:07.096  1045  1537 W libc    : Access denied finding property "ro.vendor.display.max_hdr_luminance"
06-22 11:24:07.202  1139  1255 D connsyslogger: data recycle:time out
06-22 11:24:07.202  1139  1255 D connsyslogger: idx=0 Bootup Log: 2 log files! filecount=3 
06-22 11:24:07.224  1045  1045 I BufferQueueProducer: [com.dibay.app/com.dibay.app.MainActivity#31171](this:0xb400007acb0e2610,id:-1,api:0,p:-1,c:1045) queueBuffer: fps=46.95 dur=1000.99 max=34.07 min=15.70
06-22 11:24:07.286  1004  1077 I libPerfCtl: xgfGetFPS pid:2402 fps:-1
06-22 11:24:07.286  1004  1077 I libPerfCtl: xgfGetFPS pid:30727 fps:-1
06-22 11:24:07.313  1045  1537 W libc    : Access denied finding property "ro.vendor.display.max_hdr_luminance"
06-22 11:24:07.548  1045  1537 W libc    : Access denied finding property "ro.vendor.display.max_hdr_luminance"
06-22 11:24:07.606 30727  3562 D AudioTrackImpl: [audioTrackData][zero] 2s(f:3403 m:3 s:0 k:0 z:2000) : pid 30727 uid 10307 sessionId 50433 sr 48000 ch 2 fmt 5
06-22 11:24:07.649   960  1431 I android.hardware.audio.service-aidl.mediatek: misoundfx process numSamples: 48
06-22 11:24:07.689  1241  1241 I thermal_src: recvmsg_expect 5, but get 2 
06-22 11:24:07.690  1241  1241 V thermal_src: TA_DAEMON_CMD_GET_TPCB:ERROR ret=-1
06-22 11:24:07.690  1241  1241 E thermal_src: get_tpcb_from_kernel:error -1. retry...
06-22 11:24:07.690  1241  1241 I thermal_src: recvmsg_expect 4, but get 2 
06-22 11:24:07.690  1241  1241 V thermal_src: TA_DAEMON_CMD_SET_TTJ:ERROR ret=-1
06-22 11:24:07.690  1241  1241 E thermal_src: set_ttj_to_kernel 1:error -1
06-22 11:24:07.690  1241  1241 I thermal_src: recvmsg_expect 2, but get 5 
06-22 11:24:07.690  1241  1241 V thermal_src: waiting NOTIFY from kernel miss, -1
06-22 11:24:07.690  1241  1241 I thermal_src: recvmsg_expect 2, but get 4 
06-22 11:24:07.690  1241  1241 V thermal_src: waiting NOTIFY from kernel miss, -1
06-22 11:24:07.748  1045  1537 W libc    : Access denied finding property "ro.vendor.display.max_hdr_luminance"
06-22 11:24:07.793   970   982 I hwcomposer: [HWCDisplay] (0 updateFps():3644), (type:1, mode:2) fps:46.962791,dur:1000.79,max:34.93,min:14.06  
06-22 11:24:07.810  2297  2604 D IpClient/wlan0: interfaceLinkStateChanged: ifindex 36 up
06-22 11:24:07.962  1045  1537 W libc    : Access denied finding property "ro.vendor.display.max_hdr_luminance"
06-22 11:24:08.086  1673  2818 D PerfShielderService: com.dibay.app|com.dibay.app/com.dibay.app.MainActivity|2514|651063542504113|54|5|120
06-22 11:24:08.088  3805 16069 W MiuiPerfServiceClient: interceptAndQueuing:30727|com.dibay.app|2514|54|651063542504113|Slow issue draw commands|120
06-22 11:24:08.214  1045  1537 W libc    : Access denied finding property "ro.vendor.display.max_hdr_luminance"
06-22 11:24:08.224  1045  1045 I BufferQueueProducer: [com.dibay.app/com.dibay.app.MainActivity#31171](this:0xb400007acb0e2610,id:-1,api:0,p:-1,c:1045) queueBuffer: fps=44.99 dur=1000.22 max=33.90 min=15.94
06-22 11:24:08.254  1226  1640 D ULogGuard: Monitoring: 7 threads, 0 requests, 0 time-bombs; 15 guards. ResetFlags = 0x7
06-22 11:24:08.287  1004  1077 I libPerfCtl: xgfGetFPS pid:2402 fps:-1
06-22 11:24:08.287  1004  1077 I libPerfCtl: xgfGetFPS pid:30727 fps:-1
06-22 11:24:08.415  1045  1537 W libc    : Access denied finding property "ro.vendor.display.max_hdr_luminance"
06-22 11:24:08.485  1139  1251 D connsyslogger: SD_LOG_ROOT is /data/debuglogger/connsyslog/fw.
06-22 11:24:08.486  1139  1251 D connsyslogger: systemReady:1
06-22 11:24:08.522  1180  1236 I misight : OnEvent EventPrivacyCompliance event=911001001
06-22 11:24:08.522  1180  1236 D misight : ProcessEvent devVersion==OS3.0.302.0.WHYMIXM,faultLevel=2,prv=3 region=eea
06-22 11:24:08.522  1180  1236 I misight : OnEvent EventStorageManager event=911001001,2
06-22 11:24:08.522  1180  1236 D misight : ProcessNewDayEvent event happen time 1782098648,start time=1782057600,restart=1
06-22 11:24:08.522  1180  1236 D misight : ProcessNewDayEvent event happen time 1782098648, last=1782098646,start time=1782057600,next day =1782144000, interval=86400
06-22 11:24:08.523  1180  1236 D misight : Execute start execute sql /data/miuilog/misight/event.db:select id,event_id,daily_cnt,over_cnt,hour_cnt,next_expire_time,last_happen_time,last_log_time from event_daily where event_id = '911001001' limit 1
06-22 11:24:08.523  1180  1236 D misight : DetectDropByTime event 911001001 parser maxCnt=200 lastTime=1782097229 same=0, overCnt=44240,dailyCnt=186,hourCnt=1
06-22 11:24:08.523  1180  1236 I misight : DetectDropEvent event 911001001 over hour cnt drop it, hourCnt=2 halfCnt=1, maxCnt=200 punishSecond=3239,space=1419
06-22 11:24:08.524  1180  1236 D misight : Execute start execute sql /data/miuilog/misight/event.db:update event_daily set  daily_cnt=186, hour_cnt=1, next_expire_time=1782100829, over_cnt=44241, last_happen_time=1782097229, last_log_time=0  where id = '1'
06-22 11:24:08.528  1180  1236 I misight : OnEvent EventInfoPack event 911001001
06-22 11:24:08.530  1180  1236 I misight : OnEvent EventPrivacyCompliance event=811001001
06-22 11:24:08.531  1180  1236 D misight : ProcessEvent devVersion==OS3.0.302.0.WHYMIXM,faultLevel=2,prv=3 region=eea
06-22 11:24:08.531  1180  1236 I misight : OnEvent EventStorageManager event=811001001,3
06-22 11:24:08.531  1180  1236 D misight : ProcessNewDayEvent event happen time 1782098648,start time=1782057600,restart=1
06-22 11:24:08.532  1180  1236 D misight : ProcessNewDayEvent event happen time 1782098648, last=1782098648,start time=1782057600,next day =1782144000, interval=86400
06-22 11:24:08.532  1180  1236 D misight : Execute start execute sql /data/miuilog/misight/event.db:select id,event_id,daily_cnt,over_cnt,hour_cnt,next_expire_time,last_happen_time,last_log_time from event_daily where event_id = '811001001' limit 1
06-22 11:24:08.533  1180  1236 D misight : DetectDropByTime event 811001001 parser maxCnt=200 lastTime=1782097229 same=0, overCnt=44240,dailyCnt=186,hourCnt=1
06-22 11:24:08.533  1180  1236 I misight : DetectDropEvent event 811001001 over hour cnt drop it, hourCnt=2 halfCnt=1, maxCnt=200 punishSecond=3239,space=1419
06-22 11:24:08.533  1180  1236 D misight : Execute start execute sql /data/miuilog/misight/event.db:update event_daily set  daily_cnt=186, hour_cnt=1, next_expire_time=1782100829, over_cnt=44241, last_happen_time=1782097229, last_log_time=0  where id = '2'
06-22 11:24:08.535  1180  1236 I misight : OnEvent EventInfoPack event 811001001
06-22 11:24:08.601  1673  1907 D MiuiWifiCommonBase: band: 1, compensate: 0
06-22 11:24:08.602  1673  1907 E AmlWifiScoreReportInjector: AmlWifiScoreReportInjector was cleared
06-22 11:24:08.603  1673  1907 D WifiOptimizationImpl: AmlWifiScoreReportInjector.get() = null, stop reportTxBadOrRetryEvent
06-22 11:24:08.646  1045  1537 W libc    : Access denied finding property "ro.vendor.display.max_hdr_luminance"
06-22 11:24:08.651   960  1431 I android.hardware.audio.service-aidl.mediatek: misoundfx process numSamples: 48
06-22 11:24:08.794   970   982 I hwcomposer: [HWCDisplay] (0 updateFps():3644), (type:1, mode:2) fps:46.973305,dur:1000.57,max:34.66,min:15.00  
06-22 11:24:08.865  1045  1537 W libc    : Access denied finding property "ro.vendor.display.max_hdr_luminance"
06-22 11:24:09.074  2183  2411 W chromium: [WARNING:third_party/webrtc/media/engine/webrtc_voice_engine.cc:803] Attempting to stop aecdump when no audio processing module is present
06-22 11:24:09.079  1045  1537 W libc    : Access denied finding property "ro.vendor.display.max_hdr_luminance"
06-22 11:24:09.225  1045  1045 I BufferQueueProducer: [com.dibay.app/com.dibay.app.MainActivity#31171](this:0xb400007acb0e2610,id:-1,api:0,p:-1,c:1045) queueBuffer: fps=46.97 dur=1000.57 max=34.06 min=16.07
06-22 11:24:09.287  1004  1077 I libPerfCtl: xgfGetFPS pid:2402 fps:-1
06-22 11:24:09.287  1004  1077 I libPerfCtl: xgfGetFPS pid:30727 fps:-1
06-22 11:24:09.317  1045  1537 W libc    : Access denied finding property "ro.vendor.display.max_hdr_luminance"
06-22 11:24:09.397  3840  6052 D JavaheapMonitor: Java heap used=2M max=256M, proc: com.xiaomi.touchservice
06-22 11:24:09.397  3840  6052 V JavaheapMonitor: Check java heap usage finished! Next check delay: 300000
06-22 11:24:09.399  2388  2573 D JavaheapMonitor: Java heap used=12M max=256M, proc: com.android.phone
06-22 11:24:09.399  2388  2573 V JavaheapMonitor: Check java heap usage finished! Next check delay: 300000
06-22 11:24:09.409 30727  3562 D AudioTrackImpl: [audioTrackData][zero] 1s(f:3771 m:3 s:0 k:0 z:1003) : pid 30727 uid 10307 sessionId 50433 sr 48000 ch 2 fmt 5
06-22 11:24:09.488  1625  1767 D JavaheapMonitor: Java heap used=2M max=256M, proc: com.android.settings
06-22 11:24:09.488  1625  1767 V JavaheapMonitor: Check java heap usage finished! Next check delay: 300000
06-22 11:24:09.547  1045  1537 W libc    : Access denied finding property "ro.vendor.display.max_hdr_luminance"
06-22 11:24:09.654   960  1431 I android.hardware.audio.service-aidl.mediatek: misoundfx process numSamples: 48
06-22 11:24:09.691  1241  1241 I thermal_src: recvmsg_expect 5, but get 2 
06-22 11:24:09.691  1241  1241 V thermal_src: TA_DAEMON_CMD_GET_TPCB:ERROR ret=-1
06-22 11:24:09.692  1241  1241 E thermal_src: get_tpcb_from_kernel:error -1. retry...
06-22 11:24:09.692  1241  1241 I thermal_src: recvmsg_expect 5, but get 2 
06-22 11:24:09.692  1241  1241 V thermal_src: TA_DAEMON_CMD_GET_TPCB:ERROR ret=-1
06-22 11:24:09.692  1241  1241 E thermal_src: get_tpcb_from_kernel:error -1. retry...
06-22 11:24:09.692  1241  1241 I thermal_src: recvmsg_expect 5, but get 2 
06-22 11:24:09.692  1241  1241 V thermal_src: TA_DAEMON_CMD_GET_TPCB:ERROR ret=-1
06-22 11:24:09.692  1241  1241 E thermal_src: get_tpcb_from_kernel:error -1. retry...
06-22 11:24:09.692  1241  1241 I thermal_src: recvmsg_expect 4, but get 5 
06-22 11:24:09.692  1241  1241 V thermal_src: TA_DAEMON_CMD_SET_TTJ:ERROR ret=-1
06-22 11:24:09.692  1241  1241 E thermal_src: set_ttj_to_kernel 1:error -1
06-22 11:24:09.692  1241  1241 I thermal_src: recvmsg_expect 2, but get 5 
06-22 11:24:09.692  1241  1241 V thermal_src: waiting NOTIFY from kernel miss, -1
06-22 11:24:09.692  1241  1241 I thermal_src: recvmsg_expect 2, but get 5 
06-22 11:24:09.693  1241  1241 V thermal_src: waiting NOTIFY from kernel miss, -1
06-22 11:24:09.693  1241  1241 I thermal_src: recvmsg_expect 2, but get 4 
06-22 11:24:09.693  1241  1241 V thermal_src: waiting NOTIFY from kernel miss, -1
06-22 11:24:09.766  1045  1537 W libc    : Access denied finding property "ro.vendor.display.max_hdr_luminance"
06-22 11:24:09.779  4061  4787 I BtGatt.ScanManager: msg.what = MSG_CHECK_SCAN_STATUS, msg.arg1 = CHECK_BACKGROUND_TIMEOUT
06-22 11:24:09.796   970   982 I hwcomposer: [HWCDisplay] (0 updateFps():3644), (type:1, mode:2) fps:46.911259,dur:1001.89,max:34.55,min:14.00  
06-22 11:24:09.870  4061  4628 W BluetoothMetricsLogger: MetricsLogger isn't initialized
06-22 11:24:09.870  4061  4628 W BluetoothMetricsLogger: MetricsLogger isn't initialized
06-22 11:24:09.870  4061  4628 V BtGatt.ScanController: onScanResult() - eventType=0x0, addressType=1, address=XX:XX:XX:XX:EF:DB, primaryPhy=1, secondaryPhy=1, advertisingSid=0x1, txPower=127, rssi=-39, periodicAdvInt=0x0, originalAddress=00:00:00:00:00:00
06-22 11:24:09.870  4061  4628 V BtGatt.ScanController: Skipping client: permission=true matches=false
06-22 11:24:09.978 30727  2299 D CameraInjector: updateCloudCameraControllerInfoAsync: canceled.
06-22 11:24:09.979 30727  2299 W libc    : Access denied finding property "vendor.camera.aux.packagelist"
06-22 11:24:09.979 30727  2299 W libc    : Access denied finding property "vendor.camera.aux.packagelistext"
06-22 11:24:09.980 30727  2299 D CameraInjector: updateCloudCameraControllerInfoAsync: canceled.
06-22 11:24:09.981 30727  2299 W libc    : Access denied finding property "vendor.camera.aux.packagelist"
06-22 11:24:09.981 30727  2299 W libc    : Access denied finding property "vendor.camera.aux.packagelistext"
06-22 11:24:09.985 30727  2299 D CameraInjector: updateCloudCameraControllerInfoAsync: canceled.
06-22 11:24:09.986 30727  2299 W libc    : Access denied finding property "vendor.camera.aux.packagelist"
06-22 11:24:09.986 30727  2299 W libc    : Access denied finding property "vendor.camera.aux.packagelistext"
06-22 11:24:09.987 30727  2299 D CameraInjector: updateCloudCameraControllerInfoAsync: canceled.
06-22 11:24:09.988 30727  2299 W libc    : Access denied finding property "vendor.camera.aux.packagelist"
06-22 11:24:09.988 30727  2299 W libc    : Access denied finding property "vendor.camera.aux.packagelistext"
06-22 11:24:09.992 30727  2299 D CameraInjector: updateCloudCameraControllerInfoAsync: canceled.
06-22 11:24:09.993 30727  2299 W libc    : Access denied finding property "vendor.camera.aux.packagelist"
06-22 11:24:09.993 30727  2299 W libc    : Access denied finding property "vendor.camera.aux.packagelistext"
06-22 11:24:09.999 30727  2299 D CameraInjector: updateCloudCameraControllerInfoAsync: canceled.
06-22 11:24:09.999 30727  2299 W libc    : Access denied finding property "vendor.camera.aux.packagelist"
06-22 11:24:10.000 30727  2299 W libc    : Access denied finding property "vendor.camera.aux.packagelistext"
06-22 11:24:10.000  1045  1537 W libc    : Access denied finding property "ro.vendor.display.max_hdr_luminance"
06-22 11:24:10.006 30727  2299 D CameraInjector: updateCloudCameraControllerInfoAsync: canceled.
06-22 11:24:10.007 30727  2299 W libc    : Access denied finding property "vendor.camera.aux.packagelist"
06-22 11:24:10.007 30727  2299 W libc    : Access denied finding property "vendor.camera.aux.packagelistext"
06-22 11:24:10.009 30727  2299 D CameraInjector: updateCloudCameraControllerInfoAsync: canceled.
06-22 11:24:10.009 30727  2299 W libc    : Access denied finding property "vendor.camera.aux.packagelist"
06-22 11:24:10.009 30727  2299 W libc    : Access denied finding property "vendor.camera.aux.packagelistext"
06-22 11:24:10.015 30727  2299 D CameraInjector: updateCloudCameraControllerInfoAsync: canceled.
06-22 11:24:10.015 30727  2299 W libc    : Access denied finding property "vendor.camera.aux.packagelist"
06-22 11:24:10.015 30727  2299 W libc    : Access denied finding property "vendor.camera.aux.packagelistext"
06-22 11:24:10.023  5332  6188 D JavaheapMonitor: Java heap used=4M max=256M, proc: com.xiaomi.xmsf
06-22 11:24:10.023  5332  6188 V JavaheapMonitor: Check java heap usage finished! Next check delay: 300000
06-22 11:24:10.026 30727  2299 D CameraInjector: updateCloudCameraControllerInfoAsync: canceled.
06-22 11:24:10.027 30727  2299 W libc    : Access denied finding property "vendor.camera.aux.packagelist"
06-22 11:24:10.027 30727  2299 W libc    : Access denied finding property "vendor.camera.aux.packagelistext"
06-22 11:24:10.029 30727  2299 D CameraInjector: updateCloudCameraControllerInfoAsync: canceled.
06-22 11:24:10.030 30727  2299 W libc    : Access denied finding property "vendor.camera.aux.packagelist"
06-22 11:24:10.030 30727  2299 W libc    : Access denied finding property "vendor.camera.aux.packagelistext"
06-22 11:24:10.035 30727  2299 D CameraInjector: updateCloudCameraControllerInfoAsync: canceled.
06-22 11:24:10.036 30727  2299 W libc    : Access denied finding property "vendor.camera.aux.packagelist"
06-22 11:24:10.036 30727  2299 W libc    : Access denied finding property "vendor.camera.aux.packagelistext"
06-22 11:24:10.037 30727  2299 D CameraInjector: updateCloudCameraControllerInfoAsync: canceled.
06-22 11:24:10.038 30727  2299 W libc    : Access denied finding property "vendor.camera.aux.packagelist"
06-22 11:24:10.038 30727  2299 W libc    : Access denied finding property "vendor.camera.aux.packagelistext"
06-22 11:24:10.043 30727  2299 D CameraInjector: updateCloudCameraControllerInfoAsync: canceled.
06-22 11:24:10.044 30727  2299 W libc    : Access denied finding property "vendor.camera.aux.packagelist"
06-22 11:24:10.044 30727  2299 W libc    : Access denied finding property "vendor.camera.aux.packagelistext"
06-22 11:24:10.048 30727  2299 D CameraInjector: updateCloudCameraControllerInfoAsync: canceled.
06-22 11:24:10.048 30727  2299 W libc    : Access denied finding property "vendor.camera.aux.packagelist"
06-22 11:24:10.048 30727  2299 W libc    : Access denied finding property "vendor.camera.aux.packagelistext"
06-22 11:24:10.052 30727  2299 D CameraInjector: updateCloudCameraControllerInfoAsync: canceled.
06-22 11:24:10.052 30727  2299 W libc    : Access denied finding property "vendor.camera.aux.packagelist"
06-22 11:24:10.052 30727  2299 W libc    : Access denied finding property "vendor.camera.aux.packagelistext"
06-22 11:24:10.053 30727  2299 D CameraInjector: updateCloudCameraControllerInfoAsync: canceled.
06-22 11:24:10.053 30727  2299 W libc    : Access denied finding property "vendor.camera.aux.packagelist"
06-22 11:24:10.053 30727  2299 W libc    : Access denied finding property "vendor.camera.aux.packagelistext"
06-22 11:24:10.057 30727  2299 D CameraInjector: updateCloudCameraControllerInfoAsync: canceled.
06-22 11:24:10.057 30727  2299 W libc    : Access denied finding property "vendor.camera.aux.packagelist"
06-22 11:24:10.057 30727  2299 W libc    : Access denied finding property "vendor.camera.aux.packagelistext"
06-22 11:24:10.226  1045  1045 I BufferQueueProducer: [com.dibay.app/com.dibay.app.MainActivity#31171](this:0xb400007acb0e2610,id:-1,api:0,p:-1,c:1045) queueBuffer: fps=47.96 dur=1000.90 max=33.95 min=16.02
06-22 11:24:10.233  1045  1537 W libc    : Access denied finding property "ro.vendor.display.max_hdr_luminance"
06-22 11:24:10.242  1673  1960 D GreezeManager: Uid 10307 was show on screen, skip it
06-22 11:24:10.243  1673  1960 D PolicyMaker: uid =10307 pkg=com.dibay.app reason=VISIBLE_APP
06-22 11:24:10.287  1004  1077 I libPerfCtl: xgfGetFPS pid:2402 fps:-1
06-22 11:24:10.287  1004  1077 I libPerfCtl: xgfGetFPS pid:30727 fps:-1
06-22 11:24:10.406 30727  3562 D AudioTrackImpl: [audioTrackData][zero] 2s(f:3771 m:3 s:0 k:0 z:2000) : pid 30727 uid 10307 sessionId 50433 sr 48000 ch 2 fmt 5
06-22 11:24:10.465  1045  1537 W libc    : Access denied finding property "ro.vendor.display.max_hdr_luminance"
06-22 11:24:10.486  1139  1251 D connsyslogger: SD_LOG_ROOT is /data/debuglogger/connsyslog/fw.
06-22 11:24:10.486  1139  1251 D connsyslogger: systemReady:1
06-22 11:24:10.507  5692  5830 D JavaheapMonitor: Java heap used=5M max=256M, proc: com.miui.powerkeeper
06-22 11:24:10.508  5692  5830 V JavaheapMonitor: Check java heap usage finished! Next check delay: 300000
06-22 11:24:10.531   960  1114 D sixth_if_gift: sixth_vdd_proc : vdd = 4407996 
06-22 11:24:10.534   960  1114 D sixth_if_gift: sixth_wrap_vdd_msg: update vdd = 4407996
06-22 11:24:10.534   960  1431 W AudioALSAPlaybackHandlerBase: compensatePresentationPosition(), timestamp 651065.984821574 older then mPreviousTime 651065.985039190!!
06-22 11:24:10.535   960  1114 D sixth_if_gift: sixth_wrap_vdd_msg: update vdd = 4407996
06-22 11:24:10.557  1180  1236 I misight : OnEvent EventPrivacyCompliance event=911001001
06-22 11:24:10.557  1180  1236 D misight : ProcessEvent devVersion==OS3.0.302.0.WHYMIXM,faultLevel=2,prv=3 region=eea
06-22 11:24:10.557  1180  1236 I misight : OnEvent EventStorageManager event=911001001,2
06-22 11:24:10.557  1180  1236 D misight : ProcessNewDayEvent event happen time 1782098650,start time=1782057600,restart=1
06-22 11:24:10.558  1180  1236 D misight : ProcessNewDayEvent event happen time 1782098650, last=1782098648,start time=1782057600,next day =1782144000, interval=86400
06-22 11:24:10.558  1180  1236 D misight : Execute start execute sql /data/miuilog/misight/event.db:select id,event_id,daily_cnt,over_cnt,hour_cnt,next_expire_time,last_happen_time,last_log_time from event_daily where event_id = '911001001' limit 1
06-22 11:24:10.558  1180  1236 D misight : DetectDropByTime event 911001001 parser maxCnt=200 lastTime=1782097229 same=0, overCnt=44241,dailyCnt=186,hourCnt=1
06-22 11:24:10.558  1180  1236 I misight : DetectDropEvent event 911001001 over hour cnt drop it, hourCnt=2 halfCnt=1, maxCnt=200 punishSecond=3239,space=1421
06-22 11:24:10.558  1180  1236 D misight : Execute start execute sql /data/miuilog/misight/event.db:update event_daily set  daily_cnt=186, hour_cnt=1, next_expire_time=1782100829, over_cnt=44242, last_happen_time=1782097229, last_log_time=0  where id = '1'
06-22 11:24:10.562  1180  1236 I misight : OnEvent EventInfoPack event 911001001
06-22 11:24:10.565  1180  1236 I misight : OnEvent EventPrivacyCompliance event=811001001
06-22 11:24:10.565  1180  1236 D misight : ProcessEvent devVersion==OS3.0.302.0.WHYMIXM,faultLevel=2,prv=3 region=eea
06-22 11:24:10.565  1180  1236 I misight : OnEvent EventStorageManager event=811001001,3
06-22 11:24:10.565  1180  1236 D misight : ProcessNewDayEvent event happen time 1782098650,start time=1782057600,restart=1
06-22 11:24:10.565  1180  1236 D misight : ProcessNewDayEvent event happen time 1782098650, last=1782098650,start time=1782057600,next day =1782144000, interval=86400
06-22 11:24:10.565  1180  1236 D misight : Execute start execute sql /data/miuilog/misight/event.db:select id,event_id,daily_cnt,over_cnt,hour_cnt,next_expire_time,last_happen_time,last_log_time from event_daily where event_id = '811001001' limit 1
06-22 11:24:10.566  1180  1236 D misight : DetectDropByTime event 811001001 parser maxCnt=200 lastTime=1782097229 same=0, overCnt=44241,dailyCnt=186,hourCnt=1
06-22 11:24:10.566  1180  1236 I misight : DetectDropEvent event 811001001 over hour cnt drop it, hourCnt=2 halfCnt=1, maxCnt=200 punishSecond=3239,space=1421
06-22 11:24:10.566  1180  1236 D misight : Execute start execute sql /data/miuilog/misight/event.db:update event_daily set  daily_cnt=186, hour_cnt=1, next_expire_time=1782100829, over_cnt=44242, last_happen_time=1782097229, last_log_time=0  where id = '2'
06-22 11:24:10.568  1180  1236 I misight : OnEvent EventInfoPack event 811001001
06-22 11:24:10.651   960  1431 I android.hardware.audio.service-aidl.mediatek: misoundfx process numSamples: 48
06-22 11:24:10.681  1045  1537 W libc    : Access denied finding property "ro.vendor.display.max_hdr_luminance"
06-22 11:24:10.682  1673  2818 D PerfShielderService: com.dibay.app|com.dibay.app/com.dibay.app.MainActivity|2625|651066138451497|54|5|120
06-22 11:24:10.683  3805 16069 W MiuiPerfServiceClient: interceptAndQueuing:30727|com.dibay.app|2625|54|651066138451497|Slow issue draw commands|120
06-22 11:24:10.797   970   982 I hwcomposer: [HWCDisplay] (0 updateFps():3644), (type:1, mode:2) fps:44.936520,dur:1001.41,max:35.30,min:14.70  
06-22 11:24:10.852 18757 23545 D JavaheapMonitor: Java heap used=10M max=256M, proc: com.android.vending
06-22 11:24:10.852 18757 23545 V JavaheapMonitor: Check java heap usage finished! Next check delay: 300000
06-22 11:24:10.898  1045  1537 W libc    : Access denied finding property "ro.vendor.display.max_hdr_luminance"
06-22 11:24:11.098  1045  1537 W libc    : Access denied finding property "ro.vendor.display.max_hdr_luminance"
06-22 11:24:11.221  4061  4628 W BluetoothMetricsLogger: MetricsLogger isn't initialized
06-22 11:24:11.222  4061  4628 W BluetoothMetricsLogger: MetricsLogger isn't initialized
06-22 11:24:11.222  4061  4628 V BtGatt.ScanController: onScanResult() - eventType=0x0, addressType=1, address=XX:XX:XX:XX:EF:DB, primaryPhy=1, secondaryPhy=1, advertisingSid=0x1, txPower=127, rssi=-39, periodicAdvInt=0x0, originalAddress=00:00:00:00:00:00
06-22 11:24:11.222  4061  4628 V BtGatt.ScanController: Skipping client: permission=true matches=false
06-22 11:24:11.228  1045  1045 I BufferQueueProducer: [com.dibay.app/com.dibay.app.MainActivity#31171](this:0xb400007acb0e2610,id:-1,api:0,p:-1,c:1045) queueBuffer: fps=44.92 dur=1001.79 max=33.67 min=16.16
06-22 11:24:11.230  3578  3578 W getprop : type=1400 audit(0.0:241078): avc:  denied  { map } for  path="/dev/__properties__/u:object_r:vendor_charge_mishow_ctl_prop:s0" dev="tmpfs" ino=556 scontext=u:r:shell:s0 tcontext=u:object_r:vendor_charge_mishow_ctl_prop:s0 tclass=file permissive=0
06-22 11:24:11.238  3578  3578 W getprop : type=1400 audit(0.0:241079): avc:  denied  { open } for  path="/dev/__properties__/u:object_r:vendor_wpa_prop:s0" dev="tmpfs" ino=857 scontext=u:r:shell:s0 tcontext=u:object_r:vendor_wpa_prop:s0 tclass=file permissive=0
06-22 11:24:11.254  1226  1640 D ULogGuard: Monitoring: 7 threads, 0 requests, 0 time-bombs; 15 guards. ResetFlags = 0x7
06-22 11:24:11.287  1004  1077 I libPerfCtl: xgfGetFPS pid:2402 fps:-1
06-22 11:24:11.288  1004  1077 I libPerfCtl: xgfGetFPS pid:30727 fps:-1
06-22 11:24:11.299  1045  1537 W libc    : Access denied finding property "ro.vendor.display.max_hdr_luminance"
06-22 11:24:11.514  1045  1537 W libc    : Access denied finding property "ro.vendor.display.max_hdr_luminance"
06-22 11:24:11.617  1673  1907 D MiuiWifiCommonBase: band: 1, compensate: 0
06-22 11:24:11.620  1673  1907 E AmlWifiScoreReportInjector: AmlWifiScoreReportInjector was cleared
06-22 11:24:11.621  1673  1907 D WifiOptimizationImpl: AmlWifiScoreReportInjector.get() = null, stop reportTxBadOrRetryEvent
06-22 11:24:11.650  2402  2402 D ControlCenterHeaderExpandController: onExpansionChanged: progress =  0.0
06-22 11:24:11.652  2402  2402 D ControlCenterHeaderExpandController: onExpansionChanged: progress =  0.0
06-22 11:24:11.652  2402  2402 D ControlCenterHeaderExpandController: onExpansionChanged: progress =  0.0
06-22 11:24:11.654   960  1431 I android.hardware.audio.service-aidl.mediatek: misoundfx process numSamples: 48
06-22 11:24:11.661  1045  1045 I BufferQueueProducer: [StatusBar#123](this:0xb400007acb0c0350,id:-1,api:0,p:-1,c:1045) queueBuffer: fps=0.11 dur=9055.85 max=9055.85 min=9055.85
06-22 11:24:11.691  1241  1241 I thermal_src: recvmsg_expect 5, but get 2 
06-22 11:24:11.691  1241  1241 V thermal_src: TA_DAEMON_CMD_GET_TPCB:ERROR ret=-1
06-22 11:24:11.691  1241  1241 E thermal_src: get_tpcb_from_kernel:error -1. retry...
06-22 11:24:11.691  1241  1241 I thermal_src: recvmsg_expect 5, but get 2 
06-22 11:24:11.691  1241  1241 V thermal_src: TA_DAEMON_CMD_GET_TPCB:ERROR ret=-1
06-22 11:24:11.691  1241  1241 E thermal_src: get_tpcb_from_kernel:error -1. retry...
06-22 11:24:11.691  1241  1241 I thermal_src: recvmsg_expect 4, but get 2 
06-22 11:24:11.691  1241  1241 V thermal_src: TA_DAEMON_CMD_SET_TTJ:ERROR ret=-1
06-22 11:24:11.691  1241  1241 E thermal_src: set_ttj_to_kernel 1:error -1
06-22 11:24:11.691  1241  1241 I thermal_src: recvmsg_expect 2, but get 5 
06-22 11:24:11.691  1241  1241 V thermal_src: waiting NOTIFY from kernel miss, -1
06-22 11:24:11.691  1241  1241 I thermal_src: recvmsg_expect 2, but get 5 
06-22 11:24:11.691  1241  1241 V thermal_src: waiting NOTIFY from kernel miss, -1
06-22 11:24:11.691  1241  1241 I thermal_src: recvmsg_expect 2, but get 4 
06-22 11:24:11.692  1241  1241 V thermal_src: waiting NOTIFY from kernel miss, -1
06-22 11:24:11.716  1045  1537 W libc    : Access denied finding property "ro.vendor.display.max_hdr_luminance"
06-22 11:24:11.813   970   982 I hwcomposer: [HWCDisplay] (0 updateFps():3644), (type:1, mode:2) fps:53.171169,dur:1015.59,max:33.72,min:14.88  
06-22 11:24:11.893  2388  2891 D SatelliteController: iisInCarrierRoamingNbIotNtn: satellite is disabled
06-22 11:24:11.897  2388  2388 W Settings: Setting airplane_mode_on has moved from android.provider.Settings.System to android.provider.Settings.Global, returning read-only value.
06-22 11:24:11.904  2388  2918 D MiuiTelephonyDFS: msg.what = 2
06-22 11:24:11.904  2388  3107 D NetworkSpeedTracker: updateNwSignalInfo not allowed ,ignore
06-22 11:24:11.904  2388  3108 D HighSpeedTrainModeController: msg.what = 10
06-22 11:24:11.904  2388  2918 D MiuiTelephonyDFS: getVoiceRat = 13
06-22 11:24:11.904  2388  2918 D MiuiTelephonyDFS: getRsrp = -98
06-22 11:24:11.904  2388  2918 D MiuiTelephonyDFS: getVoiceRat = 13
06-22 11:24:11.904  2388  2918 D MiuiTelephonyDFS: getSnr = -5
06-22 11:24:11.904  2388  2918 D MiSight::  constructEvent id=915100005
06-22 11:24:11.905  2388  2918 D MiSight::  sendEvent id=915100005
06-22 11:24:11.905  2388  2918 D MiSightJni: MiSight: Java_com_miui_misight_MiSight_nativeSendEvent enter called. '{"SNRValue":-5}'
06-22 11:24:11.905  2388  2918 D MiEvent : MiEvent: this 0x763f073e20, paylod=0xb4000078c14ae680
06-22 11:24:11.906  2388  2918 D MiEvent : flatten EventId 915100005 -t 1782098651 -paraList {"SNRValue":-5}
06-22 11:24:11.906  2388  2918 D MiEvent : report:EventId 915100005 -t 1782098651 -paraList {"SNRValue":-5} success
06-22 11:24:11.906  2388  2918 D MiEvent : ~MiEvent: this 0x763f073e20, paylod=0xb4000078c14ae680
06-22 11:24:11.906  1180  1236 I misight : OnEvent EventPrivacyCompliance event=915100005
06-22 11:24:11.907  1180  1236 D misight : ProcessEvent devVersion==OS3.0.302.0.WHYMIXM,faultLevel=2,prv=3 region=eea
06-22 11:24:11.907  1180  1236 I misight : OnEvent EventStorageManager event=915100005,3
06-22 11:24:11.907  1180  1236 D misight : ProcessNewDayEvent event happen time 1782098651,start time=1782057600,restart=1
06-22 11:24:11.907  1180  1236 D misight : ProcessNewDayEvent event happen time 1782098651, last=1782098650,start time=1782057600,next day =1782144000, interval=86400
06-22 11:24:11.907  1180  1236 D misight : Execute start execute sql /data/miuilog/misight/event.db:select id,event_id,daily_cnt,over_cnt,hour_cnt,next_expire_time,last_happen_time,last_log_time from event_daily where event_id = '915100005' limit 1
06-22 11:24:11.907  1180  1236 D misight : DetectDropByTime event 915100005 parser maxCnt=200 lastTime=1782098553 same=0, overCnt=27751,dailyCnt=178,hourCnt=1
06-22 11:24:11.908  1180  1236 I misight : DetectDropEvent event 915100005 over hour cnt drop it, hourCnt=2 halfCnt=1, maxCnt=200 punishSecond=2061,space=98
06-22 11:24:11.908  1180  1236 D misight : Execute start execute sql /data/miuilog/misight/event.db:update event_daily set  daily_cnt=178, hour_cnt=1, next_expire_time=1782102153, over_cnt=27752, last_happen_time=1782098553, last_log_time=0  where id = '4'
06-22 11:24:11.911  1180  1236 I misight : OnEvent EventInfoPack event 915100005
06-22 11:24:11.949  1045  1537 W libc    : Access denied finding property "ro.vendor.display.max_hdr_luminance"
06-22 11:24:12.164  1045  1537 W libc    : Access denied finding property "ro.vendor.display.max_hdr_luminance"
06-22 11:24:12.209 30727  3562 D AudioTrackImpl: [audioTrackData][zero] 1s(f:4139 m:3 s:0 k:0 z:1004) : pid 30727 uid 10307 sessionId 50433 sr 48000 ch 2 fmt 5
06-22 11:24:12.219  1673  1960 D ActionExecute: setPkgData uid = 10307 time=8000
06-22 11:24:12.261  1045  1045 I BufferQueueProducer: [com.dibay.app/com.dibay.app.MainActivity#31171](this:0xb400007acb0e2610,id:-1,api:0,p:-1,c:1045) queueBuffer: fps=52.28 dur=1032.96 max=33.40 min=15.59
06-22 11:24:12.287  1004  1077 I libPerfCtl: xgfGetFPS pid:2402 fps:-1
06-22 11:24:12.288  1004  1077 I libPerfCtl: xgfGetFPS pid:30727 fps:-1
06-22 11:24:12.375  6972  7017 D JavaheapMonitor: Java heap used=24M max=256M, proc: com.google.android.gms.persistent
06-22 11:24:12.376  6972  7017 V JavaheapMonitor: Check java heap usage finished! Next check delay: 300000
06-22 11:24:12.385  1045  1537 W libc    : Access denied finding property "ro.vendor.display.max_hdr_luminance"
06-22 11:24:12.487  1139  1251 D connsyslogger: SD_LOG_ROOT is /data/debuglogger/connsyslog/fw.
06-22 11:24:12.487  1139  1251 D connsyslogger: systemReady:1
06-22 11:24:12.569  4061  4628 W BluetoothMetricsLogger: MetricsLogger isn't initialized
06-22 11:24:12.569  4061  4628 W BluetoothMetricsLogger: MetricsLogger isn't initialized
06-22 11:24:12.569  4061  4628 V BtGatt.ScanController: onScanResult() - eventType=0x0, addressType=1, address=XX:XX:XX:XX:EF:DB, primaryPhy=1, secondaryPhy=1, advertisingSid=0x1, txPower=127, rssi=-41, periodicAdvInt=0x0, originalAddress=00:00:00:00:00:00
06-22 11:24:12.569  4061  4628 V BtGatt.ScanController: Skipping client: permission=true matches=false
06-22 11:24:12.575  1180  1236 I misight : OnEvent EventPrivacyCompliance event=911001001
06-22 11:24:12.575  1180  1236 D misight : ProcessEvent devVersion==OS3.0.302.0.WHYMIXM,faultLevel=2,prv=3 region=eea
06-22 11:24:12.575  1180  1236 I misight : OnEvent EventStorageManager event=911001001,2
06-22 11:24:12.575  1180  1236 D misight : ProcessNewDayEvent event happen time 1782098652,start time=1782057600,restart=1
06-22 11:24:12.575  1180  1236 D misight : ProcessNewDayEvent event happen time 1782098652, last=1782098651,start time=1782057600,next day =1782144000, interval=86400
06-22 11:24:12.575  1180  1236 D misight : Execute start execute sql /data/miuilog/misight/event.db:select id,event_id,daily_cnt,over_cnt,hour_cnt,next_expire_time,last_happen_time,last_log_time from event_daily where event_id = '911001001' limit 1
06-22 11:24:12.575  1180  1236 D misight : DetectDropByTime event 911001001 parser maxCnt=200 lastTime=1782097229 same=0, overCnt=44242,dailyCnt=186,hourCnt=1
06-22 11:24:12.575  1180  1236 I misight : DetectDropEvent event 911001001 over hour cnt drop it, hourCnt=2 halfCnt=1, maxCnt=200 punishSecond=3239,space=1423
06-22 11:24:12.576  1180  1236 D misight : Execute start execute sql /data/miuilog/misight/event.db:update event_daily set  daily_cnt=186, hour_cnt=1, next_expire_time=1782100829, over_cnt=44243, last_happen_time=1782097229, last_log_time=0  where id = '1'
06-22 11:24:12.579  1180  1236 I misight : OnEvent EventInfoPack event 911001001
06-22 11:24:12.583  1180  1236 I misight : OnEvent EventPrivacyCompliance event=811001001
06-22 11:24:12.583  1180  1236 D misight : ProcessEvent devVersion==OS3.0.302.0.WHYMIXM,faultLevel=2,prv=3 region=eea
06-22 11:24:12.583  1180  1236 I misight : OnEvent EventStorageManager event=811001001,3
06-22 11:24:12.583  1180  1236 D misight : ProcessNewDayEvent event happen time 1782098652,start time=1782057600,restart=1
06-22 11:24:12.583  1180  1236 D misight : ProcessNewDayEvent event happen time 1782098652, last=1782098652,start time=1782057600,next day =1782144000, interval=86400
06-22 11:24:12.583  1180  1236 D misight : Execute start execute sql /data/miuilog/misight/event.db:select id,event_id,daily_cnt,over_cnt,hour_cnt,next_expire_time,last_happen_time,last_log_time from event_daily where event_id = '811001001' limit 1
06-22 11:24:12.584  1180  1236 D misight : DetectDropByTime event 811001001 parser maxCnt=200 lastTime=1782097229 same=0, overCnt=44242,dailyCnt=186,hourCnt=1
06-22 11:24:12.584  1180  1236 I misight : DetectDropEvent event 811001001 over hour cnt drop it, hourCnt=2 halfCnt=1, maxCnt=200 punishSecond=3239,space=1423
06-22 11:24:12.584  1180  1236 D misight : Execute start execute sql /data/miuilog/misight/event.db:update event_daily set  daily_cnt=186, hour_cnt=1, next_expire_time=1782100829, over_cnt=44243, last_happen_time=1782097229, last_log_time=0  where id = '2'
06-22 11:24:12.585  1180  1236 I misight : OnEvent EventInfoPack event 811001001
06-22 11:24:12.598  1045  1537 W libc    : Access denied finding property "ro.vendor.display.max_hdr_luminance"
06-22 11:24:12.630  2388  2891 D SatelliteController: iisInCarrierRoamingNbIotNtn: satellite is disabled
06-22 11:24:12.633  2388  2388 W Settings: Setting airplane_mode_on has moved from android.provider.Settings.System to android.provider.Settings.Global, returning read-only value.
06-22 11:24:12.639  2388  2918 D MiuiTelephonyDFS: msg.what = 2
06-22 11:24:12.639  2388  2918 D MiuiTelephonyDFS: getVoiceRat = 13
06-22 11:24:12.639  2388  2918 D MiuiTelephonyDFS: getRsrp = -99
06-22 11:24:12.640  2388  2918 D MiuiTelephonyDFS: getVoiceRat = 13
06-22 11:24:12.640  2388  2918 D MiuiTelephonyDFS: getSnr = -2
06-22 11:24:12.640  2388  3107 D NetworkSpeedTracker: updateSignalInfo lteRsrp=-99lteSnr=-2,phoneId=0
06-22 11:24:12.640  2388  2918 D MiSight::  constructEvent id=915100005
06-22 11:24:12.640  2388  3108 D HighSpeedTrainModeController: msg.what = 10
06-22 11:24:12.642  2388  2918 D MiSight::  sendEvent id=915100005
06-22 11:24:12.642  2388  2918 D MiSightJni: MiSight: Java_com_miui_misight_MiSight_nativeSendEvent enter called. '{"SNRValue":-2}'
06-22 11:24:12.642  2388  2918 D MiEvent : MiEvent: this 0x763f073e20, paylod=0xb4000078c14ae680
06-22 11:24:12.643  2388  2918 D MiEvent : flatten EventId 915100005 -t 1782098652 -paraList {"SNRValue":-2}
06-22 11:24:12.643  2388  2918 D MiEvent : report:EventId 915100005 -t 1782098652 -paraList {"SNRValue":-2} success
06-22 11:24:12.643  2388  2918 D MiEvent : ~MiEvent: this 0x763f073e20, paylod=0xb4000078c14ae680
06-22 11:24:12.643  1180  1236 I misight : OnEvent EventPrivacyCompliance event=915100005
06-22 11:24:12.643  1180  1236 D misight : ProcessEvent devVersion==OS3.0.302.0.WHYMIXM,faultLevel=2,prv=3 region=eea
06-22 11:24:12.643  1180  1236 I misight : OnEvent EventStorageManager event=915100005,3
06-22 11:24:12.643  1180  1236 D misight : ProcessNewDayEvent event happen time 1782098652,start time=1782057600,restart=1
06-22 11:24:12.643  1180  1236 D misight : ProcessNewDayEvent event happen time 1782098652, last=1782098652,start time=1782057600,next day =1782144000, interval=86400
06-22 11:24:12.643  1180  1236 D misight : Execute start execute sql /data/miuilog/misight/event.db:select id,event_id,daily_cnt,over_cnt,hour_cnt,next_expire_time,last_happen_time,last_log_time from event_daily where event_id = '915100005' limit 1
06-22 11:24:12.644  1180  1236 D misight : DetectDropByTime event 915100005 parser maxCnt=200 lastTime=1782098553 same=0, overCnt=27752,dailyCnt=178,hourCnt=1
06-22 11:24:12.644  1180  1236 I misight : DetectDropEvent event 915100005 over hour cnt drop it, hourCnt=2 halfCnt=1, maxCnt=200 punishSecond=2061,space=99
06-22 11:24:12.644  1180  1236 D misight : Execute start execute sql /data/miuilog/misight/event.db:update event_daily set  daily_cnt=178, hour_cnt=1, next_expire_time=1782102153, over_cnt=27753, last_happen_time=1782098553, last_log_time=0  where id = '4'
06-22 11:24:12.646  1180  1236 I misight : OnEvent EventInfoPack event 915100005
06-22 11:24:12.656   960  1431 I android.hardware.audio.service-aidl.mediatek: misoundfx process numSamples: 48
06-22 11:24:12.663  1045  1045 I BufferQueueProducer: [StatusBar#123](this:0xb400007acb0c0350,id:-1,api:0,p:-1,c:1045) queueBuffer: fps=1.00 dur=1001.99 max=1001.99 min=1001.99
06-22 11:24:12.801  1045  1537 W libc    : Access denied finding property "ro.vendor.display.max_hdr_luminance"
06-22 11:24:12.814   970   982 I hwcomposer: [HWCDisplay] (0 updateFps():3644), (type:1, mode:2) fps:46.955185,dur:1000.95,max:35.32,min:12.96  
06-22 11:24:12.919  8885  9406 D JavaheapMonitor: Java heap used=6M max=512M, proc: com.google.android.googlequicksearchbox:interactor
06-22 11:24:12.919  8885  9406 V JavaheapMonitor: Check java heap usage finished! Next check delay: 300000
06-22 11:24:13.049  1045  1537 W libc    : Access denied finding property "ro.vendor.display.max_hdr_luminance"
06-22 11:24:13.083  1673  4059 D PerfShielderService: com.dibay.app|com.dibay.app/com.dibay.app.MainActivity|2441|651068539531498|62|5|120
06-22 11:24:13.084  3805 16069 W MiuiPerfServiceClient: interceptAndQueuing:30727|com.dibay.app|2441|62|651068539531498|Slow issue draw commands|120
06-22 11:24:13.183  6058  6781 D JavaheapMonitor: Java heap used=2M max=256M, proc: com.lbe.security.miui
06-22 11:24:13.184  6058  6781 V JavaheapMonitor: Check java heap usage finished! Next check delay: 300000
06-22 11:24:13.206 30727  3562 D AudioTrackImpl: [audioTrackData][zero] 2s(f:4139 m:3 s:0 k:0 z:2000) : pid 30727 uid 10307 sessionId 50433 sr 48000 ch 2 fmt 5
06-22 11:24:13.261  1045  1045 I BufferQueueProducer: [com.dibay.app/com.dibay.app.MainActivity#31171](this:0xb400007acb0e2610,id:-1,api:0,p:-1,c:1045) queueBuffer: fps=48.98 dur=1000.48 max=34.35 min=14.57
06-22 11:24:13.267  1045  1537 W libc    : Access denied finding property "ro.vendor.display.max_hdr_luminance"
06-22 11:24:13.288  1004  1077 I libPerfCtl: xgfGetFPS pid:2402 fps:-1
06-22 11:24:13.288  1004  1077 I libPerfCtl: xgfGetFPS pid:30727 fps:-1
06-22 11:24:13.469  1045  1537 W libc    : Access denied finding property "ro.vendor.display.max_hdr_luminance"
06-22 11:24:13.660   960  1431 I android.hardware.audio.service-aidl.mediatek: misoundfx process numSamples: 48
06-22 11:24:13.693  1241  1241 I thermal_src: recvmsg_expect 5, but get 2 
06-22 11:24:13.693  1241  1241 V thermal_src: TA_DAEMON_CMD_GET_TPCB:ERROR ret=-1
06-22 11:24:13.693  1241  1241 E thermal_src: get_tpcb_from_kernel:error -1. retry...
06-22 11:24:13.693  1241  1241 I thermal_src: recvmsg_expect 4, but get 2 
06-22 11:24:13.693  1241  1241 V thermal_src: TA_DAEMON_CMD_SET_TTJ:ERROR ret=-1
06-22 11:24:13.693  1241  1241 E thermal_src: set_ttj_to_kernel 1:error -1
06-22 11:24:13.693  1241  1241 I thermal_src: recvmsg_expect 2, but get 5 
06-22 11:24:13.693  1241  1241 V thermal_src: waiting NOTIFY from kernel miss, -1
06-22 11:24:13.693  1241  1241 I thermal_src: recvmsg_expect 2, but get 4 
06-22 11:24:13.693  1241  1241 V thermal_src: waiting NOTIFY from kernel miss, -1
06-22 11:24:13.701  1045  1537 W libc    : Access denied finding property "ro.vendor.display.max_hdr_luminance"
06-22 11:24:13.816   970   982 I hwcomposer: [HWCDisplay] (0 updateFps():3644), (type:1, mode:2) fps:46.868336,dur:1002.81,max:38.24,min:14.05  
06-22 11:24:13.848  9858 17615 D JavaheapMonitor: Java heap used=17M max=256M, proc: com.google.android.apps.messaging
06-22 11:24:13.848  9858 17615 V JavaheapMonitor: Check java heap usage finished! Next check delay: 300000
06-22 11:24:13.917  1045  1537 W libc    : Access denied finding property "ro.vendor.display.max_hdr_luminance"
06-22 11:24:14.134  1045  1537 W libc    : Access denied finding property "ro.vendor.display.max_hdr_luminance"
06-22 11:24:14.255  1226  1640 D ULogGuard: Monitoring: 7 threads, 0 requests, 0 time-bombs; 15 guards. ResetFlags = 0x7
06-22 11:24:14.262  1045  1045 I BufferQueueProducer: [com.dibay.app/com.dibay.app.MainActivity#31171](this:0xb400007acb0e2610,id:-1,api:0,p:-1,c:1045) queueBuffer: fps=42.96 dur=1000.97 max=35.86 min=14.59
06-22 11:24:14.288  1004  1077 I libPerfCtl: xgfGetFPS pid:2402 fps:-1
06-22 11:24:14.288  1004  1077 I libPerfCtl: xgfGetFPS pid:30727 fps:-1
06-22 11:24:14.336  1045  1537 W libc    : Access denied finding property "ro.vendor.display.max_hdr_luminance"
06-22 11:24:14.415  4061  4564 D JavaheapMonitor: Java heap used=2M max=512M, proc: com.android.bluetooth
06-22 11:24:14.416  4061  4564 V JavaheapMonitor: Check java heap usage finished! Next check delay: 300000
06-22 11:24:14.488  1139  1251 D connsyslogger: SD_LOG_ROOT is /data/debuglogger/connsyslog/fw.
06-22 11:24:14.488  1139  1251 D connsyslogger: systemReady:1
06-22 11:24:14.586  1045  1537 W libc    : Access denied finding property "ro.vendor.display.max_hdr_luminance"
06-22 11:24:14.593  1180  1236 I misight : OnEvent EventPrivacyCompliance event=911001001
06-22 11:24:14.593  1180  1236 D misight : ProcessEvent devVersion==OS3.0.302.0.WHYMIXM,faultLevel=2,prv=3 region=eea
06-22 11:24:14.594  1180  1236 I misight : OnEvent EventStorageManager event=911001001,2
06-22 11:24:14.594  1180  1236 D misight : ProcessNewDayEvent event happen time 1782098654,start time=1782057600,restart=1
06-22 11:24:14.594  1180  1236 D misight : ProcessNewDayEvent event happen time 1782098654, last=1782098652,start time=1782057600,next day =1782144000, interval=86400
06-22 11:24:14.594  1180  1236 D misight : Execute start execute sql /data/miuilog/misight/event.db:select id,event_id,daily_cnt,over_cnt,hour_cnt,next_expire_time,last_happen_time,last_log_time from event_daily where event_id = '911001001' limit 1
06-22 11:24:14.594  1180  1236 D misight : DetectDropByTime event 911001001 parser maxCnt=200 lastTime=1782097229 same=0, overCnt=44243,dailyCnt=186,hourCnt=1
06-22 11:24:14.594  1180  1236 I misight : DetectDropEvent event 911001001 over hour cnt drop it, hourCnt=2 halfCnt=1, maxCnt=200 punishSecond=3239,space=1425
06-22 11:24:14.595  1180  1236 D misight : Execute start execute sql /data/miuilog/misight/event.db:update event_daily set  daily_cnt=186, hour_cnt=1, next_expire_time=1782100829, over_cnt=44244, last_happen_time=1782097229, last_log_time=0  where id = '1'
06-22 11:24:14.598  1180  1236 I misight : OnEvent EventInfoPack event 911001001
06-22 11:24:14.601  1180  1236 I misight : OnEvent EventPrivacyCompliance event=811001001
06-22 11:24:14.601  1180  1236 D misight : ProcessEvent devVersion==OS3.0.302.0.WHYMIXM,faultLevel=2,prv=3 region=eea
06-22 11:24:14.602  1180  1236 I misight : OnEvent EventStorageManager event=811001001,3
06-22 11:24:14.602  1180  1236 D misight : ProcessNewDayEvent event happen time 1782098654,start time=1782057600,restart=1
06-22 11:24:14.602  1180  1236 D misight : ProcessNewDayEvent event happen time 1782098654, last=1782098654,start time=1782057600,next day =1782144000, interval=86400
06-22 11:24:14.602  1180  1236 D misight : Execute start execute sql /data/miuilog/misight/event.db:select id,event_id,daily_cnt,over_cnt,hour_cnt,next_expire_time,last_happen_time,last_log_time from event_daily where event_id = '811001001' limit 1
06-22 11:24:14.602  1180  1236 D misight : DetectDropByTime event 811001001 parser maxCnt=200 lastTime=1782097229 same=0, overCnt=44243,dailyCnt=186,hourCnt=1
06-22 11:24:14.602  1180  1236 I misight : DetectDropEvent event 811001001 over hour cnt drop it, hourCnt=2 halfCnt=1, maxCnt=200 punishSecond=3239,space=1425
06-22 11:24:14.602  1180  1236 D misight : Execute start execute sql /data/miuilog/misight/event.db:update event_daily set  daily_cnt=186, hour_cnt=1, next_expire_time=1782100829, over_cnt=44244, last_happen_time=1782097229, last_log_time=0  where id = '2'
06-22 11:24:14.604  1180  1236 I misight : OnEvent EventInfoPack event 811001001
06-22 11:24:14.634  1673  1907 D MiuiWifiCommonBase: band: 1, compensate: 0
06-22 11:24:14.636  1673  1907 E AmlWifiScoreReportInjector: AmlWifiScoreReportInjector was cleared
06-22 11:24:14.636  1673  1907 D WifiOptimizationImpl: AmlWifiScoreReportInjector.get() = null, stop reportTxBadOrRetryEvent
06-22 11:24:14.652  2402  2402 D ControlCenterHeaderExpandController: onExpansionChanged: progress =  0.0
06-22 11:24:14.653  2402  2402 D ControlCenterHeaderExpandController: onExpansionChanged: progress =  0.0
06-22 11:24:14.653  2402  2402 D ControlCenterHeaderExpandController: onExpansionChanged: progress =  0.0
06-22 11:24:14.656   960  1431 I android.hardware.audio.service-aidl.mediatek: misoundfx process numSamples: 48
06-22 11:24:14.663  1045  1045 I BufferQueueProducer: [StatusBar#123](this:0xb400007acb0c0350,id:-1,api:0,p:-1,c:1045) queueBuffer: fps=0.50 dur=2000.55 max=2000.55 min=2000.55
06-22 11:24:14.802  1045  1537 W libc    : Access denied finding property "ro.vendor.display.max_hdr_luminance"
06-22 11:24:14.848   970   982 I hwcomposer: [HWCDisplay] (0 updateFps():3644), (type:1, mode:2) fps:43.619881,dur:1031.64,max:35.70,min:14.79  
06-22 11:24:14.974  1241  1241 I thermal_src: recvmsg_expect 5, but get 2 
06-22 11:24:14.974  1241  1241 V thermal_src: TA_DAEMON_CMD_GET_TPCB:ERROR ret=-1
06-22 11:24:14.974  1241  1241 E thermal_src: get_tpcb_from_kernel:error -1. retry...
06-22 11:24:14.974  1241  1241 I thermal_src: recvmsg_expect 5, but get 2 
06-22 11:24:14.974  1241  1241 V thermal_src: TA_DAEMON_CMD_GET_TPCB:ERROR ret=-1
06-22 11:24:14.974  1241  1241 E thermal_src: get_tpcb_from_kernel:error -1. retry...
06-22 11:24:14.974  1241  1241 I thermal_src: recvmsg_expect 5, but get 2 
06-22 11:24:14.974  1241  1241 V thermal_src: TA_DAEMON_CMD_GET_TPCB:ERROR ret=-1
06-22 11:24:14.974  1241  1241 E thermal_src: get_tpcb_from_kernel:error -1. retry...
06-22 11:24:14.974  1241  1241 I thermal_src: recvmsg_expect 4, but get 5 
06-22 11:24:14.974  1241  1241 V thermal_src: TA_DAEMON_CMD_SET_TTJ:ERROR ret=-1
06-22 11:24:14.974  1241  1241 E thermal_src: set_ttj_to_kernel 1:error -1
06-22 11:24:14.974  1241  1241 I thermal_src: recvmsg_expect 2, but get 5 
06-22 11:24:14.974  1241  1241 V thermal_src: waiting NOTIFY from kernel miss, -1
06-22 11:24:14.975  1241  1241 I thermal_src: recvmsg_expect 2, but get 5 
06-22 11:24:14.975  1241  1241 V thermal_src: waiting NOTIFY from kernel miss, -1
06-22 11:24:14.975  1241  1241 I thermal_src: recvmsg_expect 2, but get 4 
06-22 11:24:14.975  1241  1241 V thermal_src: waiting NOTIFY from kernel miss, -1
06-22 11:24:15.008 30727  3562 D AudioTrackImpl: [audioTrackData][zero] 1s(f:4506 m:3 s:0 k:0 z:1002) : pid 30727 uid 10307 sessionId 50433 sr 48000 ch 2 fmt 5
06-22 11:24:15.038  1045  1537 W libc    : Access denied finding property "ro.vendor.display.max_hdr_luminance"
06-22 11:24:15.263  1045  1045 I BufferQueueProducer: [com.dibay.app/com.dibay.app.MainActivity#31171](this:0xb400007acb0e2610,id:-1,api:0,p:-1,c:1045) queueBuffer: fps=43.98 dur=1000.51 max=34.70 min=15.34
06-22 11:24:15.268  1045  1537 W libc    : Access denied finding property "ro.vendor.display.max_hdr_luminance"
06-22 11:24:15.288  1004  1077 I libPerfCtl: xgfGetFPS pid:2402 fps:-1
06-22 11:24:15.288  1004  1077 I libPerfCtl: xgfGetFPS pid:30727 fps:-1
06-22 11:24:15.499  1045  1537 W libc    : Access denied finding property "ro.vendor.display.max_hdr_luminance"
06-22 11:24:15.528   960  1114 D sixth_if_gift: sixth_vdd_proc : vdd = 4407998 
06-22 11:24:15.530   960  1114 D sixth_if_gift: sixth_wrap_vdd_msg: update vdd = 4407998
06-22 11:24:15.531   960  1114 D sixth_if_gift: sixth_wrap_vdd_msg: update vdd = 4407998
06-22 11:24:15.531   960  1431 W AudioALSAPlaybackHandlerBase: compensatePresentationPosition(), timestamp 651070.982143113 older then mPreviousTime 651070.982312652!!
06-22 11:24:15.659   960  1431 I android.hardware.audio.service-aidl.mediatek: misoundfx process numSamples: 48
06-22 11:24:15.688  1223  1247 E WifiStandalone: conditional wait timedout
06-22 11:24:15.694  1241  1241 I thermal_src: recvmsg_expect 5, but get 2 
06-22 11:24:15.694  1241  1241 V thermal_src: TA_DAEMON_CMD_GET_TPCB:ERROR ret=-1
06-22 11:24:15.694  1241  1241 E thermal_src: get_tpcb_from_kernel:error -1. retry...
06-22 11:24:15.694  1241  1241 I thermal_src: recvmsg_expect 5, but get 2 
06-22 11:24:15.694  1241  1241 V thermal_src: TA_DAEMON_CMD_GET_TPCB:ERROR ret=-1
06-22 11:24:15.694  1241  1241 E thermal_src: get_tpcb_from_kernel:error -1. retry...
06-22 11:24:15.694  1241  1241 I thermal_src: recvmsg_expect 5, but get 2 
06-22 11:24:15.694  1241  1241 V thermal_src: TA_DAEMON_CMD_GET_TPCB:ERROR ret=-1
06-22 11:24:15.694  1241  1241 E thermal_src: get_tpcb_from_kernel:error -1. retry...
06-22 11:24:15.694  1241  1241 I thermal_src: recvmsg_expect 4, but get 5 
06-22 11:24:15.694  1241  1241 V thermal_src: TA_DAEMON_CMD_SET_TTJ:ERROR ret=-1
06-22 11:24:15.694  1241  1241 E thermal_src: set_ttj_to_kernel 1:error -1
06-22 11:24:15.694  1241  1241 I thermal_src: recvmsg_expect 2, but get 5 
06-22 11:24:15.694  1241  1241 V thermal_src: waiting NOTIFY from kernel miss, -1
06-22 11:24:15.694  1241  1241 I thermal_src: recvmsg_expect 2, but get 5 
06-22 11:24:15.694  1241  1241 V thermal_src: waiting NOTIFY from kernel miss, -1
06-22 11:24:15.694  1241  1241 I thermal_src: recvmsg_expect 2, but get 4 
06-22 11:24:15.694  1241  1241 V thermal_src: waiting NOTIFY from kernel miss, -1
06-22 11:24:15.703  1045  1537 W libc    : Access denied finding property "ro.vendor.display.max_hdr_luminance"
06-22 11:24:15.780  1673  4059 D PerfShielderService: com.dibay.app|com.dibay.app/com.dibay.app.MainActivity|2719|651071236323113|53|5|120
06-22 11:24:15.781  3805 16069 W MiuiPerfServiceClient: interceptAndQueuing:30727|com.dibay.app|2719|53|651071236323113|Slow issue draw commands|120
06-22 11:24:15.838  1673  1742 D AurogonBandwidthController: skinTemperature:29.503
06-22 11:24:15.850   970   982 I hwcomposer: [HWCDisplay] (0 updateFps():3644), (type:1, mode:2) fps:44.918209,dur:1001.82,max:35.72,min:14.42  
06-22 11:24:15.879  1228  1228 I thermal_repeater: [recvMdThermalInfo] ret=26, strLen=127,  3, 36, -50, 196, 32767, 0
06-22 11:24:15.919  1045  1537 W libc    : Access denied finding property "ro.vendor.display.max_hdr_luminance"
06-22 11:24:16.011 30727  3562 D AudioTrackImpl: [audioTrackData][zero] 2s(f:4506 m:3 s:0 k:0 z:2005) : pid 30727 uid 10307 sessionId 50433 sr 48000 ch 2 fmt 5
06-22 11:24:16.119  1045  1537 W libc    : Access denied finding property "ro.vendor.display.max_hdr_luminance"
06-22 11:24:16.280  1045  1045 I BufferQueueProducer: [com.dibay.app/com.dibay.app.MainActivity#31171](this:0xb400007acb0e2610,id:-1,api:0,p:-1,c:1045) queueBuffer: fps=45.21 dur=1017.46 max=34.42 min=15.94
06-22 11:24:16.288  1004  1077 I libPerfCtl: xgfGetFPS pid:2402 fps:-1
06-22 11:24:16.288  1004  1077 I libPerfCtl: xgfGetFPS pid:30727 fps:-1
06-22 11:24:16.324  2297  2421 D JavaheapMonitor: Java heap used=5M max=256M, proc: com.android.networkstack.process
06-22 11:24:16.324  2297  2421 V JavaheapMonitor: Check java heap usage finished! Next check delay: 300000
06-22 11:24:16.338  1045  1537 W libc    : Access denied finding property "ro.vendor.display.max_hdr_luminance"
06-22 11:24:16.488  1139  1251 D connsyslogger: SD_LOG_ROOT is /data/debuglogger/connsyslog/fw.
06-22 11:24:16.489  1139  1251 D connsyslogger: systemReady:1
06-22 11:24:16.568  1045  1537 W libc    : Access denied finding property "ro.vendor.display.max_hdr_luminance"
06-22 11:24:16.644  1180  1236 I misight : OnEvent EventPrivacyCompliance event=911001001
06-22 11:24:16.645  1180  1236 D misight : ProcessEvent devVersion==OS3.0.302.0.WHYMIXM,faultLevel=2,prv=3 region=eea
06-22 11:24:16.645  1180  1236 I misight : OnEvent EventStorageManager event=911001001,2
06-22 11:24:16.645  1180  1236 D misight : ProcessNewDayEvent event happen time 1782098656,start time=1782057600,restart=1
06-22 11:24:16.645  1180  1236 D misight : ProcessNewDayEvent event happen time 1782098656, last=1782098654,start time=1782057600,next day =1782144000, interval=86400
06-22 11:24:16.645  1180  1236 D misight : Execute start execute sql /data/miuilog/misight/event.db:select id,event_id,daily_cnt,over_cnt,hour_cnt,next_expire_time,last_happen_time,last_log_time from event_daily where event_id = '911001001' limit 1
06-22 11:24:16.646  1180  1236 D misight : DetectDropByTime event 911001001 parser maxCnt=200 lastTime=1782097229 same=0, overCnt=44244,dailyCnt=186,hourCnt=1
06-22 11:24:16.646  1180  1236 I misight : DetectDropEvent event 911001001 over hour cnt drop it, hourCnt=2 halfCnt=1, maxCnt=200 punishSecond=3238,space=1427
06-22 11:24:16.646  1180  1236 D misight : Execute start execute sql /data/miuilog/misight/event.db:update event_daily set  daily_cnt=186, hour_cnt=1, next_expire_time=1782100829, over_cnt=44245, last_happen_time=1782097229, last_log_time=0  where id = '1'
06-22 11:24:16.653  1180  1236 I misight : OnEvent EventInfoPack event 911001001
06-22 11:24:16.653  1180  1236 I misight : OnEvent EventPrivacyCompliance event=811001001
06-22 11:24:16.654  1180  1236 D misight : ProcessEvent devVersion==OS3.0.302.0.WHYMIXM,faultLevel=2,prv=3 region=eea
06-22 11:24:16.654  1180  1236 I misight : OnEvent EventStorageManager event=811001001,3
06-22 11:24:16.654  1180  1236 D misight : ProcessNewDayEvent event happen time 1782098656,start time=1782057600,restart=1
06-22 11:24:16.654  1180  1236 D misight : ProcessNewDayEvent event happen time 1782098656, last=1782098656,start time=1782057600,next day =1782144000, interval=86400
06-22 11:24:16.654  1180  1236 D misight : Execute start execute sql /data/miuilog/misight/event.db:select id,event_id,daily_cnt,over_cnt,hour_cnt,next_expire_time,last_happen_time,last_log_time from event_daily where event_id = '811001001' limit 1
06-22 11:24:16.655  1180  1236 D misight : DetectDropByTime event 811001001 parser maxCnt=200 lastTime=1782097229 same=0, overCnt=44244,dailyCnt=186,hourCnt=1
06-22 11:24:16.655  1180  1236 I misight : DetectDropEvent event 811001001 over hour cnt drop it, hourCnt=2 halfCnt=1, maxCnt=200 punishSecond=3238,space=1427
06-22 11:24:16.655  1180  1236 D misight : Execute start execute sql /data/miuilog/misight/event.db:update event_daily set  daily_cnt=186, hour_cnt=1, next_expire_time=1782100829, over_cnt=44245, last_happen_time=1782097229, last_log_time=0  where id = '2'
06-22 11:24:16.657  1180  1236 I misight : OnEvent EventInfoPack event 811001001
06-22 11:24:16.662   960  1431 I android.hardware.audio.service-aidl.mediatek: misoundfx process numSamples: 48
06-22 11:24:16.771  1045  1537 W libc    : Access denied finding property "ro.vendor.display.max_hdr_luminance"
06-22 11:24:16.852   970   982 I hwcomposer: [HWCDisplay] (0 updateFps():3644), (type:1, mode:2) fps:44.886528,dur:1002.53,max:35.37,min:14.93  
06-22 11:24:16.986  1045  1537 W libc    : Access denied finding property "ro.vendor.display.max_hdr_luminance"
06-22 11:24:17.013  2388  2891 D SatelliteController: iisInCarrierRoamingNbIotNtn: satellite is disabled
06-22 11:24:17.016  2388  2388 W Settings: Setting airplane_mode_on has moved from android.provider.Settings.System to android.provider.Settings.Global, returning read-only value.
06-22 11:24:17.021  2388  2918 D MiuiTelephonyDFS: msg.what = 2
06-22 11:24:17.022  2388  3108 D HighSpeedTrainModeController: msg.what = 10
06-22 11:24:17.022  2388  3107 D NetworkSpeedTracker: updateNwSignalInfo not allowed ,ignore
06-22 11:24:17.022  2388  2918 D MiuiTelephonyDFS: getVoiceRat = 13
06-22 11:24:17.022  2388  2918 D MiuiTelephonyDFS: getRsrp = -97
06-22 11:24:17.022  2388  2918 D MiuiTelephonyDFS: getVoiceRat = 13
06-22 11:24:17.022  2388  2918 D MiuiTelephonyDFS: getSnr = -4
06-22 11:24:17.022  2388  2918 D MiSight::  constructEvent id=915100005
06-22 11:24:17.023  2388  2918 D MiSight::  sendEvent id=915100005
06-22 11:24:17.023  2388  2918 D MiSightJni: MiSight: Java_com_miui_misight_MiSight_nativeSendEvent enter called. '{"SNRValue":-4}'
06-22 11:24:17.023  2388  2918 D MiEvent : MiEvent: this 0x763f073e20, paylod=0xb4000078c14ae680
06-22 11:24:17.024  2388  2918 D MiEvent : flatten EventId 915100005 -t 1782098657 -paraList {"SNRValue":-4}
06-22 11:24:17.024  2388  2918 D MiEvent : report:EventId 915100005 -t 1782098657 -paraList {"SNRValue":-4} success
06-22 11:24:17.024  1180  1236 I misight : OnEvent EventPrivacyCompliance event=915100005
06-22 11:24:17.024  2388  2918 D MiEvent : ~MiEvent: this 0x763f073e20, paylod=0xb4000078c14ae680
06-22 11:24:17.024  1180  1236 D misight : ProcessEvent devVersion==OS3.0.302.0.WHYMIXM,faultLevel=2,prv=3 region=eea
06-22 11:24:17.024  1180  1236 I misight : OnEvent EventStorageManager event=915100005,3
06-22 11:24:17.024  1180  1236 D misight : ProcessNewDayEvent event happen time 1782098657,start time=1782057600,restart=1
06-22 11:24:17.024  1180  1236 D misight : ProcessNewDayEvent event happen time 1782098657, last=1782098656,start time=1782057600,next day =1782144000, interval=86400
06-22 11:24:17.024  1180  1236 D misight : Execute start execute sql /data/miuilog/misight/event.db:select id,event_id,daily_cnt,over_cnt,hour_cnt,next_expire_time,last_happen_time,last_log_time from event_daily where event_id = '915100005' limit 1
06-22 11:24:17.025  1180  1236 D misight : DetectDropByTime event 915100005 parser maxCnt=200 lastTime=1782098553 same=0, overCnt=27753,dailyCnt=178,hourCnt=1
06-22 11:24:17.025  1180  1236 I misight : DetectDropEvent event 915100005 over hour cnt drop it, hourCnt=2 halfCnt=1, maxCnt=200 punishSecond=2061,space=104
06-22 11:24:17.025  1180  1236 D misight : Execute start execute sql /data/miuilog/misight/event.db:update event_daily set  daily_cnt=178, hour_cnt=1, next_expire_time=1782102153, over_cnt=27754, last_happen_time=1782098553, last_log_time=0  where id = '4'
06-22 11:24:17.028  1180  1236 I misight : OnEvent EventInfoPack event 915100005
06-22 11:24:17.202  1139  1255 D connsyslogger: data recycle:time out
06-22 11:24:17.202  1139  1255 D connsyslogger: idx=0 Bootup Log: 2 log files! filecount=3 
06-22 11:24:17.221  1045  1537 W libc    : Access denied finding property "ro.vendor.display.max_hdr_luminance"
06-22 11:24:17.256  1226  1640 D ULogGuard: Monitoring: 7 threads, 0 requests, 0 time-bombs; 15 guards. ResetFlags = 0x7
06-22 11:24:17.281  1045  1045 I BufferQueueProducer: [com.dibay.app/com.dibay.app.MainActivity#31171](this:0xb400007acb0e2610,id:-1,api:0,p:-1,c:1045) queueBuffer: fps=47.96 dur=1000.73 max=34.53 min=14.90
06-22 11:24:17.288  1004  1077 I libPerfCtl: xgfGetFPS pid:2402 fps:-1
06-22 11:24:17.288  1004  1077 I libPerfCtl: xgfGetFPS pid:30727 fps:-1
06-22 11:24:17.422  1045  1537 W libc    : Access denied finding property "ro.vendor.display.max_hdr_luminance"
06-22 11:24:17.635  1045  1537 W libc    : Access denied finding property "ro.vendor.display.max_hdr_luminance"
06-22 11:24:17.648  1673  1907 D MiuiWifiCommonBase: band: 1, compensate: 0
06-22 11:24:17.651  1673  1907 E AmlWifiScoreReportInjector: AmlWifiScoreReportInjector was cleared
06-22 11:24:17.651  1673  1907 D WifiOptimizationImpl: AmlWifiScoreReportInjector.get() = null, stop reportTxBadOrRetryEvent
06-22 11:24:17.660   960  1431 I android.hardware.audio.service-aidl.mediatek: misoundfx process numSamples: 48
06-22 11:24:17.695  1241  1241 I thermal_src: recvmsg_expect 5, but get 2 
06-22 11:24:17.695  1241  1241 V thermal_src: TA_DAEMON_CMD_GET_TPCB:ERROR ret=-1
06-22 11:24:17.695  1241  1241 E thermal_src: get_tpcb_from_kernel:error -1. retry...
06-22 11:24:17.696  1241  1241 I thermal_src: recvmsg_expect 5, but get 2 
06-22 11:24:17.696  1241  1241 V thermal_src: TA_DAEMON_CMD_GET_TPCB:ERROR ret=-1
06-22 11:24:17.696  1241  1241 E thermal_src: get_tpcb_from_kernel:error -1. retry...
06-22 11:24:17.696  1241  1241 I thermal_src: recvmsg_expect 5, but get 2 
06-22 11:24:17.696  1241  1241 V thermal_src: TA_DAEMON_CMD_GET_TPCB:ERROR ret=-1
06-22 11:24:17.696  1241  1241 E thermal_src: get_tpcb_from_kernel:error -1. retry...
06-22 11:24:17.696  1241  1241 I thermal_src: recvmsg_expect 4, but get 5 
06-22 11:24:17.696  1241  1241 V thermal_src: TA_DAEMON_CMD_SET_TTJ:ERROR ret=-1
06-22 11:24:17.696  1241  1241 E thermal_src: set_ttj_to_kernel 1:error -1
06-22 11:24:17.696  1241  1241 I thermal_src: recvmsg_expect 2, but get 5 
06-22 11:24:17.696  1241  1241 V thermal_src: waiting NOTIFY from kernel miss, -1
06-22 11:24:17.696  1241  1241 I thermal_src: recvmsg_expect 2, but get 5 
06-22 11:24:17.697  1241  1241 V thermal_src: waiting NOTIFY from kernel miss, -1
06-22 11:24:17.697  1241  1241 I thermal_src: recvmsg_expect 2, but get 4 
06-22 11:24:17.697  1241  1241 V thermal_src: waiting NOTIFY from kernel miss, -1
06-22 11:24:17.751  2388  2891 D SatelliteController: iisInCarrierRoamingNbIotNtn: satellite is disabled
06-22 11:24:17.754  2388  2388 W Settings: Setting airplane_mode_on has moved from android.provider.Settings.System to android.provider.Settings.Global, returning read-only value.
06-22 11:24:17.809 30727  3562 D AudioTrackImpl: [audioTrackData][zero] 1s(f:4874 m:3 s:0 k:0 z:1002) : pid 30727 uid 10307 sessionId 50433 sr 48000 ch 2 fmt 5
06-22 11:24:17.868   970   982 I hwcomposer: [HWCDisplay] (0 updateFps():3644), (type:1, mode:2) fps:47.283714,dur:1015.15,max:34.91,min:12.72  
06-22 11:24:17.871  1045  1537 W libc    : Access denied finding property "ro.vendor.display.max_hdr_luminance"
06-22 11:24:18.103  1045  1537 W libc    : Access denied finding property "ro.vendor.display.max_hdr_luminance"
06-22 11:24:18.248  4061  4628 W BluetoothMetricsLogger: MetricsLogger isn't initialized
06-22 11:24:18.248  4061  4628 W BluetoothMetricsLogger: MetricsLogger isn't initialized
06-22 11:24:18.248  4061  4628 V BtGatt.ScanController: onScanResult() - eventType=0x0, addressType=1, address=XX:XX:XX:XX:EF:DB, primaryPhy=1, secondaryPhy=1, advertisingSid=0x1, txPower=127, rssi=-40, periodicAdvInt=0x0, originalAddress=00:00:00:00:00:00
06-22 11:24:18.248  4061  4628 V BtGatt.ScanController: Skipping client: permission=true matches=false
06-22 11:24:18.289  1004  1077 I libPerfCtl: xgfGetFPS pid:2402 fps:-1
06-22 11:24:18.289  1004  1077 I libPerfCtl: xgfGetFPS pid:30727 fps:-1
06-22 11:24:18.298  1045  1045 I BufferQueueProducer: [com.dibay.app/com.dibay.app.MainActivity#31171](this:0xb400007acb0e2610,id:-1,api:0,p:-1,c:1045) queueBuffer: fps=43.26 dur=1017.01 max=33.91 min=15.75
06-22 11:24:18.338  1045  1537 W libc    : Access denied finding property "ro.vendor.display.max_hdr_luminance"
06-22 11:24:18.425  1673  4059 D PerfShielderService: com.dibay.app|com.dibay.app/com.dibay.app.MainActivity|2679|651073881063498|59|5|120
06-22 11:24:18.425  3805 16069 W MiuiPerfServiceClient: interceptAndQueuing:30727|com.dibay.app|2679|59|651073881063498|Slow issue draw commands|120
06-22 11:24:18.489  1139  1251 D connsyslogger: SD_LOG_ROOT is /data/debuglogger/connsyslog/fw.
06-22 11:24:18.489  1139  1251 D connsyslogger: systemReady:1
06-22 11:24:18.554  1045  1537 W libc    : Access denied finding property "ro.vendor.display.max_hdr_luminance"
06-22 11:24:18.662   960  1431 I android.hardware.audio.service-aidl.mediatek: misoundfx process numSamples: 48
06-22 11:24:18.696  1180  1236 I misight : OnEvent EventPrivacyCompliance event=911001001
06-22 11:24:18.696  1180  1236 D misight : ProcessEvent devVersion==OS3.0.302.0.WHYMIXM,faultLevel=2,prv=3 region=eea
06-22 11:24:18.696  1180  1236 I misight : OnEvent EventStorageManager event=911001001,2
06-22 11:24:18.697  1180  1236 D misight : ProcessNewDayEvent event happen time 1782098658,start time=1782057600,restart=1
06-22 11:24:18.697  1180  1236 D misight : ProcessNewDayEvent event happen time 1782098658, last=1782098657,start time=1782057600,next day =1782144000, interval=86400
06-22 11:24:18.697  1180  1236 D misight : Execute start execute sql /data/miuilog/misight/event.db:select id,event_id,daily_cnt,over_cnt,hour_cnt,next_expire_time,last_happen_time,last_log_time from event_daily where event_id = '911001001' limit 1
06-22 11:24:18.698  1180  1236 D misight : DetectDropByTime event 911001001 parser maxCnt=200 lastTime=1782097229 same=0, overCnt=44245,dailyCnt=186,hourCnt=1
06-22 11:24:18.698  1180  1236 I misight : DetectDropEvent event 911001001 over hour cnt drop it, hourCnt=2 halfCnt=1, maxCnt=200 punishSecond=3238,space=1429
06-22 11:24:18.698  1180  1236 D misight : Execute start execute sql /data/miuilog/misight/event.db:update event_daily set  daily_cnt=186, hour_cnt=1, next_expire_time=1782100829, over_cnt=44246, last_happen_time=1782097229, last_log_time=0  where id = '1'
06-22 11:24:18.701  1180  1236 I misight : OnEvent EventInfoPack event 911001001
06-22 11:24:18.704  1180  1236 I misight : OnEvent EventPrivacyCompliance event=811001001
06-22 11:24:18.704  1180  1236 D misight : ProcessEvent devVersion==OS3.0.302.0.WHYMIXM,faultLevel=2,prv=3 region=eea
06-22 11:24:18.704  1180  1236 I misight : OnEvent EventStorageManager event=811001001,3
06-22 11:24:18.704  1180  1236 D misight : ProcessNewDayEvent event happen time 1782098658,start time=1782057600,restart=1
06-22 11:24:18.704  1180  1236 D misight : ProcessNewDayEvent event happen time 1782098658, last=1782098658,start time=1782057600,next day =1782144000, interval=86400
06-22 11:24:18.704  1180  1236 D misight : Execute start execute sql /data/miuilog/misight/event.db:select id,event_id,daily_cnt,over_cnt,hour_cnt,next_expire_time,last_happen_time,last_log_time from event_daily where event_id = '811001001' limit 1
06-22 11:24:18.705  1180  1236 D misight : DetectDropByTime event 811001001 parser maxCnt=200 lastTime=1782097229 same=0, overCnt=44245,dailyCnt=186,hourCnt=1
06-22 11:24:18.705  1180  1236 I misight : DetectDropEvent event 811001001 over hour cnt drop it, hourCnt=2 halfCnt=1, maxCnt=200 punishSecond=3238,space=1429
06-22 11:24:18.705  1180  1236 D misight : Execute start execute sql /data/miuilog/misight/event.db:update event_daily set  daily_cnt=186, hour_cnt=1, next_expire_time=1782100829, over_cnt=44246, last_happen_time=1782097229, last_log_time=0  where id = '2'
06-22 11:24:18.707  1180  1236 I misight : OnEvent EventInfoPack event 811001001
06-22 11:24:18.770  1045  1537 W libc    : Access denied finding property "ro.vendor.display.max_hdr_luminance"
06-22 11:24:18.806 30727  3562 D AudioTrackImpl: [audioTrackData][zero] 2s(f:4874 m:3 s:0 k:0 z:2000) : pid 30727 uid 10307 sessionId 50433 sr 48000 ch 2 fmt 5
06-22 11:24:18.869   970   982 I hwcomposer: [HWCDisplay] (0 updateFps():3644), (type:1, mode:2) fps:41.939674,dur:1001.44,max:36.56,min:14.68  
06-22 11:24:18.971  1045  1537 W libc    : Access denied finding property "ro.vendor.display.max_hdr_luminance"
06-22 11:24:19.135 25061 25193 D JavaheapMonitor: Java heap used=8M max=512M, proc: com.google.android.googlequicksearchbox:search
06-22 11:24:19.135 25061 25193 V JavaheapMonitor: Check java heap usage finished! Next check delay: 300000
06-22 11:24:19.189  1045  1537 W libc    : Access denied finding property "ro.vendor.display.max_hdr_luminance"
06-22 11:24:19.231  2123  3400 D JavaheapMonitor: Java heap used=2M max=256M, proc: com.miui.miwallpaper
06-22 11:24:19.231  2123  3400 V JavaheapMonitor: Check java heap usage finished! Next check delay: 300000
06-22 11:24:19.289  1004  1077 I libPerfCtl: xgfGetFPS pid:2402 fps:-1
06-22 11:24:19.289  1004  1077 I libPerfCtl: xgfGetFPS pid:30727 fps:-1
06-22 11:24:19.298  1045  1045 I BufferQueueProducer: [com.dibay.app/com.dibay.app.MainActivity#31171](this:0xb400007acb0e2610,id:-1,api:0,p:-1,c:1045) queueBuffer: fps=41.97 dur=1000.69 max=33.90 min=16.12
06-22 11:24:19.361 30727  3562 D AudioTrackImpl: [audioTrackData][fine] 5s(f:5002 m:0 s:0 k:0 z:0) : pid 30727 uid 10307 sessionId 50433 sr 48000 ch 2 fmt 5 maxAmplitude 1226783150
06-22 11:24:19.407  1045  1537 W libc    : Access denied finding property "ro.vendor.display.max_hdr_luminance"
06-22 11:24:19.588  4061  4628 W BluetoothMetricsLogger: MetricsLogger isn't initialized
06-22 11:24:19.588  4061  4628 W BluetoothMetricsLogger: MetricsLogger isn't initialized
06-22 11:24:19.588  4061  4628 V BtGatt.ScanController: onScanResult() - eventType=0x0, addressType=1, address=XX:XX:XX:XX:EF:DB, primaryPhy=1, secondaryPhy=1, advertisingSid=0x1, txPower=127, rssi=-39, periodicAdvInt=0x0, originalAddress=00:00:00:00:00:00
06-22 11:24:19.589  4061  4628 V BtGatt.ScanController: Skipping client: permission=true matches=false
06-22 11:24:19.607  2402  2719 D JavaheapMonitor: Java heap used=72M max=256M, proc: com.android.systemui
06-22 11:24:19.607  2402  2719 V JavaheapMonitor: Check java heap usage finished! Next check delay: 180000
06-22 11:24:19.658  1045  1537 W libc    : Access denied finding property "ro.vendor.display.max_hdr_luminance"
06-22 11:24:19.665   960  1431 I android.hardware.audio.service-aidl.mediatek: misoundfx process numSamples: 48
06-22 11:24:19.683  8575  9558 D JavaheapMonitor: Java heap used=2M max=256M, proc: com.xiaomi.bluetooth
06-22 11:24:19.684  8575  9558 V JavaheapMonitor: Check java heap usage finished! Next check delay: 300000
06-22 11:24:19.696  1241  1241 I thermal_src: recvmsg_expect 5, but get 2 
06-22 11:24:19.696  1241  1241 V thermal_src: TA_DAEMON_CMD_GET_TPCB:ERROR ret=-1
06-22 11:24:19.696  1241  1241 E thermal_src: get_tpcb_from_kernel:error -1. retry...
06-22 11:24:19.696  1241  1241 I thermal_src: recvmsg_expect 5, but get 2 
06-22 11:24:19.696  1241  1241 V thermal_src: TA_DAEMON_CMD_GET_TPCB:ERROR ret=-1
06-22 11:24:19.696  1241  1241 E thermal_src: get_tpcb_from_kernel:error -1. retry...
06-22 11:24:19.696  1241  1241 I thermal_src: recvmsg_expect 5, but get 2 
06-22 11:24:19.696  1241  1241 V thermal_src: TA_DAEMON_CMD_GET_TPCB:ERROR ret=-1
06-22 11:24:19.696  1241  1241 E thermal_src: get_tpcb_from_kernel:error -1. retry...
06-22 11:24:19.696  1241  1241 I thermal_src: recvmsg_expect 4, but get 5 
06-22 11:24:19.696  1241  1241 V thermal_src: TA_DAEMON_CMD_SET_TTJ:ERROR ret=-1
06-22 11:24:19.696  1241  1241 E thermal_src: set_ttj_to_kernel 1:error -1
06-22 11:24:19.696  1241  1241 I thermal_src: recvmsg_expect 2, but get 5 
06-22 11:24:19.696  1241  1241 V thermal_src: waiting NOTIFY from kernel miss, -1
06-22 11:24:19.696  1241  1241 I thermal_src: recvmsg_expect 2, but get 5 
06-22 11:24:19.696  1241  1241 V thermal_src: waiting NOTIFY from kernel miss, -1
06-22 11:24:19.696  1241  1241 I thermal_src: recvmsg_expect 2, but get 4 
06-22 11:24:19.696  1241  1241 V thermal_src: waiting NOTIFY from kernel miss, -1
06-22 11:24:19.723  1009  1050 D power@timer: [mtkPowerTimer] visRead:0
06-22 11:24:19.814  2388  2573 D JavaheapMonitor: Java heap used=13M max=256M, proc: com.android.phone
06-22 11:24:19.814  2388  2573 V JavaheapMonitor: Check java heap usage finished! Next check delay: 300000
06-22 11:24:19.869   970   982 I hwcomposer: [HWCDisplay] (0 updateFps():3644), (type:1, mode:2) fps:44.984730,dur:1000.34,max:35.85,min:14.88  
06-22 11:24:19.902  1045  1537 W libc    : Access denied finding property "ro.vendor.display.max_hdr_luminance"
06-22 11:24:19.964 30727  2299 D CameraInjector: updateCloudCameraControllerInfoAsync: canceled.
06-22 11:24:19.965 30727  2299 W libc    : Access denied finding property "vendor.camera.aux.packagelist"
06-22 11:24:19.965 30727  2299 W libc    : Access denied finding property "vendor.camera.aux.packagelistext"
06-22 11:24:19.966 30727  2299 D CameraInjector: updateCloudCameraControllerInfoAsync: canceled.
06-22 11:24:19.967 30727  2299 W libc    : Access denied finding property "vendor.camera.aux.packagelist"
06-22 11:24:19.967 30727  2299 W libc    : Access denied finding property "vendor.camera.aux.packagelistext"
06-22 11:24:19.972 30727  2299 D CameraInjector: updateCloudCameraControllerInfoAsync: canceled.
06-22 11:24:19.972 30727  2299 W libc    : Access denied finding property "vendor.camera.aux.packagelist"
06-22 11:24:19.972 30727  2299 W libc    : Access denied finding property "vendor.camera.aux.packagelistext"
06-22 11:24:19.973 30727  2299 D CameraInjector: updateCloudCameraControllerInfoAsync: canceled.
06-22 11:24:19.973 30727  2299 W libc    : Access denied finding property "vendor.camera.aux.packagelist"
06-22 11:24:19.973 30727  2299 W libc    : Access denied finding property "vendor.camera.aux.packagelistext"
06-22 11:24:19.976 30727  2299 D CameraInjector: updateCloudCameraControllerInfoAsync: canceled.
06-22 11:24:19.977 30727  2299 W libc    : Access denied finding property "vendor.camera.aux.packagelist"
06-22 11:24:19.977 30727  2299 W libc    : Access denied finding property "vendor.camera.aux.packagelistext"
06-22 11:24:19.980 30727  2299 D CameraInjector: updateCloudCameraControllerInfoAsync: canceled.
06-22 11:24:19.980 30727  2299 W libc    : Access denied finding property "vendor.camera.aux.packagelist"
06-22 11:24:19.980 30727  2299 W libc    : Access denied finding property "vendor.camera.aux.packagelistext"
06-22 11:24:19.983 30727  2299 D CameraInjector: updateCloudCameraControllerInfoAsync: canceled.
06-22 11:24:19.983 30727  2299 W libc    : Access denied finding property "vendor.camera.aux.packagelist"
06-22 11:24:19.983 30727  2299 W libc    : Access denied finding property "vendor.camera.aux.packagelistext"
06-22 11:24:19.985 30727  2299 D CameraInjector: updateCloudCameraControllerInfoAsync: canceled.
06-22 11:24:19.985 30727  2299 W libc    : Access denied finding property "vendor.camera.aux.packagelist"
06-22 11:24:19.985 30727  2299 W libc    : Access denied finding property "vendor.camera.aux.packagelistext"
06-22 11:24:19.989 30727  2299 D CameraInjector: updateCloudCameraControllerInfoAsync: canceled.
06-22 11:24:19.989 30727  2299 W libc    : Access denied finding property "vendor.camera.aux.packagelist"
06-22 11:24:19.989 30727  2299 W libc    : Access denied finding property "vendor.camera.aux.packagelistext"
06-22 11:24:20.014 30727  2299 D CameraInjector: updateCloudCameraControllerInfoAsync: canceled.
06-22 11:24:20.015 30727  2299 W libc    : Access denied finding property "vendor.camera.aux.packagelist"
06-22 11:24:20.015 30727  2299 W libc    : Access denied finding property "vendor.camera.aux.packagelistext"
06-22 11:24:20.017 30727  2299 D CameraInjector: updateCloudCameraControllerInfoAsync: canceled.
06-22 11:24:20.017 30727  2299 W libc    : Access denied finding property "vendor.camera.aux.packagelist"
06-22 11:24:20.017 30727  2299 W libc    : Access denied finding property "vendor.camera.aux.packagelistext"
06-22 11:24:20.021 30727  2299 D CameraInjector: updateCloudCameraControllerInfoAsync: canceled.
06-22 11:24:20.021 30727  2299 W libc    : Access denied finding property "vendor.camera.aux.packagelist"
06-22 11:24:20.021 30727  2299 W libc    : Access denied finding property "vendor.camera.aux.packagelistext"
06-22 11:24:20.022 30727  2299 D CameraInjector: updateCloudCameraControllerInfoAsync: canceled.
06-22 11:24:20.022 30727  2299 W libc    : Access denied finding property "vendor.camera.aux.packagelist"
06-22 11:24:20.023 30727  2299 W libc    : Access denied finding property "vendor.camera.aux.packagelistext"
06-22 11:24:20.027 30727  2299 D CameraInjector: updateCloudCameraControllerInfoAsync: canceled.
06-22 11:24:20.027 30727  2299 W libc    : Access denied finding property "vendor.camera.aux.packagelist"
06-22 11:24:20.027 30727  2299 W libc    : Access denied finding property "vendor.camera.aux.packagelistext"
06-22 11:24:20.032 30727  2299 D CameraInjector: updateCloudCameraControllerInfoAsync: canceled.
06-22 11:24:20.032 30727  2299 W libc    : Access denied finding property "vendor.camera.aux.packagelist"
06-22 11:24:20.032 30727  2299 W libc    : Access denied finding property "vendor.camera.aux.packagelistext"
06-22 11:24:20.037 30727  2299 D CameraInjector: updateCloudCameraControllerInfoAsync: canceled.
06-22 11:24:20.038 30727  2299 W libc    : Access denied finding property "vendor.camera.aux.packagelist"
06-22 11:24:20.038 30727  2299 W libc    : Access denied finding property "vendor.camera.aux.packagelistext"
06-22 11:24:20.040 30727  2299 D CameraInjector: updateCloudCameraControllerInfoAsync: canceled.
06-22 11:24:20.040 30727  2299 W libc    : Access denied finding property "vendor.camera.aux.packagelist"
06-22 11:24:20.040 30727  2299 W libc    : Access denied finding property "vendor.camera.aux.packagelistext"
06-22 11:24:20.045 30727  2299 D CameraInjector: updateCloudCameraControllerInfoAsync: canceled.
06-22 11:24:20.045 30727  2299 W libc    : Access denied finding property "vendor.camera.aux.packagelist"
06-22 11:24:20.045 30727  2299 W libc    : Access denied finding property "vendor.camera.aux.packagelistext"
06-22 11:24:20.105  1045  1537 W libc    : Access denied finding property "ro.vendor.display.max_hdr_luminance"
06-22 11:24:20.109  2085  2717 D JavaheapMonitor: Java heap used=16M max=512M, proc: com.miui.home
06-22 11:24:20.109  2085  2717 V JavaheapMonitor: Check java heap usage finished! Next check delay: 300000
06-22 11:24:20.256  1226  1640 D ULogGuard: Monitoring: 7 threads, 0 requests, 0 time-bombs; 15 guards. ResetFlags = 0x7
06-22 11:24:20.289  1004  1077 I libPerfCtl: xgfGetFPS pid:2402 fps:-1
06-22 11:24:20.289  1004  1077 I libPerfCtl: xgfGetFPS pid:30727 fps:-1
06-22 11:24:20.300  1045  1045 I BufferQueueProducer: [com.dibay.app/com.dibay.app.MainActivity#31171](this:0xb400007acb0e2610,id:-1,api:0,p:-1,c:1045) queueBuffer: fps=48.94 dur=1001.31 max=34.04 min=16.11
06-22 11:24:20.340  1045  1537 W libc    : Access denied finding property "ro.vendor.display.max_hdr_luminance"
06-22 11:24:20.364 25107 25188 D JavaheapMonitor: Java heap used=13M max=512M, proc: com.google.android.googlequicksearchbox:googleapp
06-22 11:24:20.364 25107 25188 V JavaheapMonitor: Check java heap usage finished! Next check delay: 300000
06-22 11:24:20.388  1673  1974 D HyperStabilitySdkService: checkDmabufStatus done, exceedLimitsList:[], totalDmabufSize:0
06-22 11:24:20.490  1139  1251 D connsyslogger: SD_LOG_ROOT is /data/debuglogger/connsyslog/fw.
06-22 11:24:20.490  1139  1251 D connsyslogger: systemReady:1
06-22 11:24:20.526   960  1114 D sixth_if_gift: sixth_vdd_proc : vdd = 4407999 
06-22 11:24:20.527   960  1114 D sixth_if_gift: sixth_wrap_vdd_msg: update vdd = 4407999
06-22 11:24:20.529   960  1431 W AudioALSAPlaybackHandlerBase: compensatePresentationPosition(), timestamp 651075.979470267 older then mPreviousTime 651075.979705267!!
06-22 11:24:20.529   960  1114 D sixth_if_gift: sixth_wrap_vdd_msg: update vdd = 4407999
06-22 11:24:20.571  1045  1537 W libc    : Access denied finding property "ro.vendor.display.max_hdr_luminance"
06-22 11:24:20.609 30727  3562 D AudioTrackImpl: [audioTrackData][zero] 1s(f:5242 m:3 s:0 k:0 z:1002) : pid 30727 uid 10307 sessionId 50433 sr 48000 ch 2 fmt 5
06-22 11:24:20.661  1673  1907 D MiuiWifiCommonBase: band: 1, compensate: 0
06-22 11:24:20.663   960  1431 I android.hardware.audio.service-aidl.mediatek: misoundfx process numSamples: 48
06-22 11:24:20.664  1673  1907 E AmlWifiScoreReportInjector: AmlWifiScoreReportInjector was cleared
06-22 11:24:20.664  1673  1907 D WifiOptimizationImpl: AmlWifiScoreReportInjector.get() = null, stop reportTxBadOrRetryEvent
06-22 11:24:20.747  1180  1236 I misight : OnEvent EventPrivacyCompliance event=911001001
06-22 11:24:20.748  1180  1236 D misight : ProcessEvent devVersion==OS3.0.302.0.WHYMIXM,faultLevel=2,prv=3 region=eea
06-22 11:24:20.748  1180  1236 I misight : OnEvent EventStorageManager event=911001001,2
06-22 11:24:20.748  1180  1236 D misight : ProcessNewDayEvent event happen time 1782098660,start time=1782057600,restart=1
06-22 11:24:20.748  1180  1236 D misight : ProcessNewDayEvent event happen time 1782098660, last=1782098658,start time=1782057600,next day =1782144000, interval=86400
06-22 11:24:20.749  1180  1236 D misight : Execute start execute sql /data/miuilog/misight/event.db:select id,event_id,daily_cnt,over_cnt,hour_cnt,next_expire_time,last_happen_time,last_log_time from event_daily where event_id = '911001001' limit 1
06-22 11:24:20.749  1180  1236 D misight : DetectDropByTime event 911001001 parser maxCnt=200 lastTime=1782097229 same=0, overCnt=44246,dailyCnt=186,hourCnt=1
06-22 11:24:20.750  1180  1236 I misight : DetectDropEvent event 911001001 over hour cnt drop it, hourCnt=2 halfCnt=1, maxCnt=200 punishSecond=3238,space=1431
06-22 11:24:20.750  1180  1236 D misight : Execute start execute sql /data/miuilog/misight/event.db:update event_daily set  daily_cnt=186, hour_cnt=1, next_expire_time=1782100829, over_cnt=44247, last_happen_time=1782097229, last_log_time=0  where id = '1'
06-22 11:24:20.754  1180  1236 I misight : OnEvent EventInfoPack event 911001001
06-22 11:24:20.756  1180  1236 I misight : OnEvent EventPrivacyCompliance event=811001001
06-22 11:24:20.756  1180  1236 D misight : ProcessEvent devVersion==OS3.0.302.0.WHYMIXM,faultLevel=2,prv=3 region=eea
06-22 11:24:20.756  1180  1236 I misight : OnEvent EventStorageManager event=811001001,3
06-22 11:24:20.756  1180  1236 D misight : ProcessNewDayEvent event happen time 1782098660,start time=1782057600,restart=1
06-22 11:24:20.756  1180  1236 D misight : ProcessNewDayEvent event happen time 1782098660, last=1782098660,start time=1782057600,next day =1782144000, interval=86400
06-22 11:24:20.757  1180  1236 D misight : Execute start execute sql /data/miuilog/misight/event.db:select id,event_id,daily_cnt,over_cnt,hour_cnt,next_expire_time,last_happen_time,last_log_time from event_daily where event_id = '811001001' limit 1
06-22 11:24:20.758  1180  1236 D misight : DetectDropByTime event 811001001 parser maxCnt=200 lastTime=1782097229 same=0, overCnt=44246,dailyCnt=186,hourCnt=1
06-22 11:24:20.758  1180  1236 I misight : DetectDropEvent event 811001001 over hour cnt drop it, hourCnt=2 halfCnt=1, maxCnt=200 punishSecond=3238,space=1431
06-22 11:24:20.758  1180  1236 D misight : Execute start execute sql /data/miuilog/misight/event.db:update event_daily set  daily_cnt=186, hour_cnt=1, next_expire_time=1782100829, over_cnt=44247, last_happen_time=1782097229, last_log_time=0  where id = '2'
06-22 11:24:20.760  1180  1236 I misight : OnEvent EventInfoPack event 811001001
06-22 11:24:20.772  1045  1537 W libc    : Access denied finding property "ro.vendor.display.max_hdr_luminance"
06-22 11:24:20.871  4617  5588 D JavaheapMonitor: Java heap used=9M max=256M, proc: com.miui.securitycenter.remote
06-22 11:24:20.871  4617  5588 V JavaheapMonitor: Check java heap usage finished! Next check delay: 300000
06-22 11:24:20.885   970   982 I hwcomposer: [HWCDisplay] (0 updateFps():3644), (type:1, mode:2) fps:47.254169,dur:1015.78,max:34.66,min:14.72  
06-22 11:24:20.974  1045  1537 W libc    : Access denied finding property "ro.vendor.display.max_hdr_luminance"
06-22 11:24:21.106  1673  4059 D PerfShielderService: com.dibay.app|com.dibay.app/com.dibay.app.MainActivity|2725|651076562248421|70|5|120
06-22 11:24:21.107  3805 16069 W MiuiPerfServiceClient: interceptAndQueuing:30727|com.dibay.app|2725|70|651076562248421|Slow issue draw commands|120
06-22 11:24:21.189  1045  1537 W libc    : Access denied finding property "ro.vendor.display.max_hdr_luminance"
06-22 11:24:21.289  5692  5830 D JavaheapMonitor: Java heap used=5M max=256M, proc: com.miui.powerkeeper
06-22 11:24:21.289  5692  5830 V JavaheapMonitor: Check java heap usage finished! Next check delay: 300000
06-22 11:24:21.290  1004  1077 I libPerfCtl: xgfGetFPS pid:2402 fps:-1
06-22 11:24:21.290  1004  1077 I libPerfCtl: xgfGetFPS pid:30727 fps:-1
06-22 11:24:21.317  1045  1045 I BufferQueueProducer: [com.dibay.app/com.dibay.app.MainActivity#31171](this:0xb400007acb0e2610,id:-1,api:0,p:-1,c:1045) queueBuffer: fps=43.24 dur=1017.57 max=34.28 min=16.06
06-22 11:24:21.390  1045  1537 W libc    : Access denied finding property "ro.vendor.display.max_hdr_luminance"
06-22 11:24:21.604  1045  1537 W libc    : Access denied finding property "ro.vendor.display.max_hdr_luminance"
06-22 11:24:21.611 30727  3562 D AudioTrackImpl: [audioTrackData][zero] 2s(f:5242 m:3 s:0 k:0 z:2005) : pid 30727 uid 10307 sessionId 50433 sr 48000 ch 2 fmt 5
06-22 11:24:21.631  1051  1059 D ccci_mdinit: (1):monitor_time_update_thread round:34305 ########
06-22 11:24:21.633  2297  2604 D IpClient/wlan0: interfaceLinkStateChanged: ifindex 36 up
06-22 11:24:21.665   960  1431 I android.hardware.audio.service-aidl.mediatek: misoundfx process numSamples: 48
06-22 11:24:21.696  1241  1241 I thermal_src: recvmsg_expect 5, but get 2 
06-22 11:24:21.696  1241  1241 V thermal_src: TA_DAEMON_CMD_GET_TPCB:ERROR ret=-1
06-22 11:24:21.696  1241  1241 E thermal_src: get_tpcb_from_kernel:error -1. retry...
06-22 11:24:21.697  1241  1241 I thermal_src: recvmsg_expect 5, but get 2 
06-22 11:24:21.697  1241  1241 V thermal_src: TA_DAEMON_CMD_GET_TPCB:ERROR ret=-1
06-22 11:24:21.697  1241  1241 E thermal_src: get_tpcb_from_kernel:error -1. retry...
06-22 11:24:21.697  1241  1241 I thermal_src: recvmsg_expect 5, but get 2 
06-22 11:24:21.697  1241  1241 V thermal_src: TA_DAEMON_CMD_GET_TPCB:ERROR ret=-1
06-22 11:24:21.697  1241  1241 E thermal_src: get_tpcb_from_kernel:error -1. retry...
06-22 11:24:21.697  1241  1241 I thermal_src: recvmsg_expect 4, but get 5 
06-22 11:24:21.697  1241  1241 V thermal_src: TA_DAEMON_CMD_SET_TTJ:ERROR ret=-1
06-22 11:24:21.697  1241  1241 E thermal_src: set_ttj_to_kernel 1:error -1
06-22 11:24:21.697  1241  1241 I thermal_src: recvmsg_expect 2, but get 5 
06-22 11:24:21.697  1241  1241 V thermal_src: waiting NOTIFY from kernel miss, -1
06-22 11:24:21.697  1241  1241 I thermal_src: recvmsg_expect 2, but get 5 
06-22 11:24:21.697  1241  1241 V thermal_src: waiting NOTIFY from kernel miss, -1
06-22 11:24:21.697  1241  1241 I thermal_src: recvmsg_expect 2, but get 4 
06-22 11:24:21.697  1241  1241 V thermal_src: waiting NOTIFY from kernel miss, -1
06-22 11:24:21.809  1045  1537 W libc    : Access denied finding property "ro.vendor.display.max_hdr_luminance"
06-22 11:24:21.887   970   982 I hwcomposer: [HWCDisplay] (0 updateFps():3644), (type:1, mode:2) fps:41.940392,dur:1001.42,max:36.67,min:14.90  
06-22 11:24:22.043  1045  1537 W libc    : Access denied finding property "ro.vendor.display.max_hdr_luminance"
06-22 11:24:22.131  2388  2891 D SatelliteController: iisInCarrierRoamingNbIotNtn: satellite is disabled
06-22 11:24:22.134  2388  2388 W Settings: Setting airplane_mode_on has moved from android.provider.Settings.System to android.provider.Settings.Global, returning read-only value.
06-22 11:24:22.139  2388  2918 D MiuiTelephonyDFS: msg.what = 2
06-22 11:24:22.139  2388  3108 D HighSpeedTrainModeController: msg.what = 10
06-22 11:24:22.139  2388  2918 D MiuiTelephonyDFS: getVoiceRat = 13
06-22 11:24:22.139  2388  2918 D MiuiTelephonyDFS: getRsrp = -97
06-22 11:24:22.139  2388  2918 D MiuiTelephonyDFS: getVoiceRat = 13
06-22 11:24:22.139  2388  2918 D MiuiTelephonyDFS: getSnr = -4
06-22 11:24:22.139  2388  2918 D MiSight::  constructEvent id=915100005
06-22 11:24:22.140  2388  3107 D NetworkSpeedTracker: updateNwSignalInfo not allowed ,ignore
06-22 11:24:22.140  2388  2918 D MiSight::  sendEvent id=915100005
06-22 11:24:22.140  2388  2918 D MiSightJni: MiSight: Java_com_miui_misight_MiSight_nativeSendEvent enter called. '{"SNRValue":-4}'
06-22 11:24:22.140  2388  2918 D MiEvent : MiEvent: this 0x763f073e20, paylod=0xb4000078c14ae680
06-22 11:24:22.141  2388  2918 D MiEvent : flatten EventId 915100005 -t 1782098662 -paraList {"SNRValue":-4}
06-22 11:24:22.141  2388  2918 D MiEvent : report:EventId 915100005 -t 1782098662 -paraList {"SNRValue":-4} success
06-22 11:24:22.141  2388  2918 D MiEvent : ~MiEvent: this 0x763f073e20, paylod=0xb4000078c14ae680
06-22 11:24:22.141  1180  1236 I misight : OnEvent EventPrivacyCompliance event=915100005
06-22 11:24:22.141  1180  1236 D misight : ProcessEvent devVersion==OS3.0.302.0.WHYMIXM,faultLevel=2,prv=3 region=eea
06-22 11:24:22.141  1180  1236 I misight : OnEvent EventStorageManager event=915100005,3
06-22 11:24:22.141  1180  1236 D misight : ProcessNewDayEvent event happen time 1782098662,start time=1782057600,restart=1
06-22 11:24:22.141  1180  1236 D misight : ProcessNewDayEvent event happen time 1782098662, last=1782098660,start time=1782057600,next day =1782144000, interval=86400
06-22 11:24:22.142  1180  1236 D misight : Execute start execute sql /data/miuilog/misight/event.db:select id,event_id,daily_cnt,over_cnt,hour_cnt,next_expire_time,last_happen_time,last_log_time from event_daily where event_id = '915100005' limit 1
06-22 11:24:22.142  1180  1236 D misight : DetectDropByTime event 915100005 parser maxCnt=200 lastTime=1782098553 same=0, overCnt=27754,dailyCnt=178,hourCnt=1
06-22 11:24:22.142  1180  1236 I misight : DetectDropEvent event 915100005 over hour cnt drop it, hourCnt=2 halfCnt=1, maxCnt=200 punishSecond=2060,space=109
06-22 11:24:22.142  1180  1236 D misight : Execute start execute sql /data/miuilog/misight/event.db:update event_daily set  daily_cnt=178, hour_cnt=1, next_expire_time=1782102153, over_cnt=27755, last_happen_time=1782098553, last_log_time=0  where id = '4'
06-22 11:24:22.144  1180  1236 I misight : OnEvent EventInfoPack event 915100005
06-22 11:24:22.222  1673  1960 D GreezeManager: Uid 10307 was show on screen, skip it
06-22 11:24:22.223  1673  1960 D PolicyMaker: uid =10307 pkg=com.dibay.app reason=VISIBLE_APP
06-22 11:24:22.255  1045  1537 W libc    : Access denied finding property "ro.vendor.display.max_hdr_luminance"
06-22 11:24:22.289  1004  1077 I libPerfCtl: xgfGetFPS pid:2402 fps:-1
06-22 11:24:22.289  1004  1077 I libPerfCtl: xgfGetFPS pid:30727 fps:-1
06-22 11:24:22.317  1045  1045 I BufferQueueProducer: [com.dibay.app/com.dibay.app.MainActivity#31171](this:0xb400007acb0e2610,id:-1,api:0,p:-1,c:1045) queueBuffer: fps=43.00 dur=1000.08 max=34.12 min=16.08
06-22 11:24:22.456  1045  1537 W libc    : Access denied finding property "ro.vendor.display.max_hdr_luminance"
06-22 11:24:22.490  1139  1251 D connsyslogger: SD_LOG_ROOT is /data/debuglogger/connsyslog/fw.
06-22 11:24:22.490  1139  1251 D connsyslogger: systemReady:1
06-22 11:24:22.500 10084 10229 D JavaheapMonitor: Java heap used=2M max=256M, proc: com.google.android.adservices.api
06-22 11:24:22.500 10084 10229 V JavaheapMonitor: Check java heap usage finished! Next check delay: 300000
06-22 11:24:22.645  7468  8542 D JavaheapMonitor: Java heap used=17M max=256M, proc: com.google.android.inputmethod.latin
06-22 11:24:22.645  7468  8542 V JavaheapMonitor: Check java heap usage finished! Next check delay: 300000
06-22 11:24:22.658  1045  1537 W libc    : Access denied finding property "ro.vendor.display.max_hdr_luminance"
06-22 11:24:22.667   960  1431 I android.hardware.audio.service-aidl.mediatek: misoundfx process numSamples: 48
06-22 11:24:22.798  1180  1236 I misight : OnEvent EventPrivacyCompliance event=911001001
06-22 11:24:22.799  1180  1236 D misight : ProcessEvent devVersion==OS3.0.302.0.WHYMIXM,faultLevel=2,prv=3 region=eea
06-22 11:24:22.799  1180  1236 I misight : OnEvent EventStorageManager event=911001001,2
06-22 11:24:22.799  1180  1236 D misight : ProcessNewDayEvent event happen time 1782098662,start time=1782057600,restart=1
06-22 11:24:22.799  1180  1236 D misight : ProcessNewDayEvent event happen time 1782098662, last=1782098662,start time=1782057600,next day =1782144000, interval=86400
06-22 11:24:22.799  1180  1236 D misight : Execute start execute sql /data/miuilog/misight/event.db:select id,event_id,daily_cnt,over_cnt,hour_cnt,next_expire_time,last_happen_time,last_log_time from event_daily where event_id = '911001001' limit 1
06-22 11:24:22.800  1180  1236 D misight : DetectDropByTime event 911001001 parser maxCnt=200 lastTime=1782097229 same=0, overCnt=44247,dailyCnt=186,hourCnt=1
06-22 11:24:22.800  1180  1236 I misight : DetectDropEvent event 911001001 over hour cnt drop it, hourCnt=2 halfCnt=1, maxCnt=200 punishSecond=3238,space=1433
06-22 11:24:22.800  1180  1236 D misight : Execute start execute sql /data/miuilog/misight/event.db:update event_daily set  daily_cnt=186, hour_cnt=1, next_expire_time=1782100829, over_cnt=44248, last_happen_time=1782097229, last_log_time=0  where id = '1'
06-22 11:24:22.804  1180  1236 I misight : OnEvent EventInfoPack event 911001001
06-22 11:24:22.807  1180  1236 I misight : OnEvent EventPrivacyCompliance event=811001001
06-22 11:24:22.807  1180  1236 D misight : ProcessEvent devVersion==OS3.0.302.0.WHYMIXM,faultLevel=2,prv=3 region=eea
06-22 11:24:22.808  1180  1236 I misight : OnEvent EventStorageManager event=811001001,3
06-22 11:24:22.808  1180  1236 D misight : ProcessNewDayEvent event happen time 1782098662,start time=1782057600,restart=1
06-22 11:24:22.808  1180  1236 D misight : ProcessNewDayEvent event happen time 1782098662, last=1782098662,start time=1782057600,next day =1782144000, interval=86400
06-22 11:24:22.808  1180  1236 D misight : Execute start execute sql /data/miuilog/misight/event.db:select id,event_id,daily_cnt,over_cnt,hour_cnt,next_expire_time,last_happen_time,last_log_time from event_daily where event_id = '811001001' limit 1
06-22 11:24:22.809  1180  1236 D misight : DetectDropByTime event 811001001 parser maxCnt=200 lastTime=1782097229 same=0, overCnt=44247,dailyCnt=186,hourCnt=1
06-22 11:24:22.809  1180  1236 I misight : DetectDropEvent event 811001001 over hour cnt drop it, hourCnt=2 halfCnt=1, maxCnt=200 punishSecond=3238,space=1433
06-22 11:24:22.809  1180  1236 D misight : Execute start execute sql /data/miuilog/misight/event.db:update event_daily set  daily_cnt=186, hour_cnt=1, next_expire_time=1782100829, over_cnt=44248, last_happen_time=1782097229, last_log_time=0  where id = '2'
06-22 11:24:22.811  1180  1236 I misight : OnEvent EventInfoPack event 811001001
06-22 11:24:22.871  2388  2891 D SatelliteController: iisInCarrierRoamingNbIotNtn: satellite is disabled
06-22 11:24:22.873  1045  1537 W libc    : Access denied finding property "ro.vendor.display.max_hdr_luminance"
06-22 11:24:22.874  2388  2388 W Settings: Setting airplane_mode_on has moved from android.provider.Settings.System to android.provider.Settings.Global, returning read-only value.
06-22 11:24:22.879  2388  2918 D MiuiTelephonyDFS: msg.what = 2
06-22 11:24:22.879  2388  2918 D MiuiTelephonyDFS: getVoiceRat = 13
06-22 11:24:22.879  2388  2918 D MiuiTelephonyDFS: getRsrp = -99
06-22 11:24:22.879  2388  2918 D MiuiTelephonyDFS: getVoiceRat = 13
06-22 11:24:22.879  2388  2918 D MiuiTelephonyDFS: getSnr = -2
06-22 11:24:22.879  2388  2918 D MiSight::  constructEvent id=915100005
06-22 11:24:22.880  2388  3108 D HighSpeedTrainModeController: msg.what = 10
06-22 11:24:22.880  2388  2918 D MiSight::  sendEvent id=915100005
06-22 11:24:22.880  2388  3107 D NetworkSpeedTracker: updateSignalInfo lteRsrp=-99lteSnr=-2,phoneId=0
06-22 11:24:22.880  2388  2918 D MiSightJni: MiSight: Java_com_miui_misight_MiSight_nativeSendEvent enter called. '{"SNRValue":-2}'
06-22 11:24:22.880  2388  2918 D MiEvent : MiEvent: this 0x763f073e20, paylod=0xb4000078c14ae680
06-22 11:24:22.880  2388  2918 D MiEvent : flatten EventId 915100005 -t 1782098662 -paraList {"SNRValue":-2}
06-22 11:24:22.881  2388  2918 D MiEvent : report:EventId 915100005 -t 1782098662 -paraList {"SNRValue":-2} success
06-22 11:24:22.881  2388  2918 D MiEvent : ~MiEvent: this 0x763f073e20, paylod=0xb4000078c14ae680
06-22 11:24:22.881  1180  1236 I misight : OnEvent EventPrivacyCompliance event=915100005
06-22 11:24:22.881  1180  1236 D misight : ProcessEvent devVersion==OS3.0.302.0.WHYMIXM,faultLevel=2,prv=3 region=eea
06-22 11:24:22.881  1180  1236 I misight : OnEvent EventStorageManager event=915100005,3
06-22 11:24:22.881  1180  1236 D misight : ProcessNewDayEvent event happen time 1782098662,start time=1782057600,restart=1
06-22 11:24:22.881  1180  1236 D misight : ProcessNewDayEvent event happen time 1782098662, last=1782098662,start time=1782057600,next day =1782144000, interval=86400
06-22 11:24:22.881  1180  1236 D misight : Execute start execute sql /data/miuilog/misight/event.db:select id,event_id,daily_cnt,over_cnt,hour_cnt,next_expire_time,last_happen_time,last_log_time from event_daily where event_id = '915100005' limit 1
06-22 11:24:22.882  1180  1236 D misight : DetectDropByTime event 915100005 parser maxCnt=200 lastTime=1782098553 same=0, overCnt=27755,dailyCnt=178,hourCnt=1
06-22 11:24:22.882  1180  1236 I misight : DetectDropEvent event 915100005 over hour cnt drop it, hourCnt=2 halfCnt=1, maxCnt=200 punishSecond=2060,space=109
06-22 11:24:22.882  1180  1236 D misight : Execute start execute sql /data/miuilog/misight/event.db:update event_daily set  daily_cnt=178, hour_cnt=1, next_expire_time=1782102153, over_cnt=27756, last_happen_time=1782098553, last_log_time=0  where id = '4'
06-22 11:24:22.884  1180  1236 I misight : OnEvent EventInfoPack event 915100005
06-22 11:24:22.887   970   982 I hwcomposer: [HWCDisplay] (0 updateFps():3644), (type:1, mode:2) fps:47.983685,dur:1000.34,max:34.94,min:14.84  
06-22 11:24:23.094  1045  1537 W libc    : Access denied finding property "ro.vendor.display.max_hdr_luminance"
06-22 11:24:23.219  3805  4226 D JavaheapMonitor: Java heap used=6M max=256M, proc: com.miui.daemon
06-22 11:24:23.220  3805  4226 V JavaheapMonitor: Check java heap usage finished! Next check delay: 300000
06-22 11:24:23.232  6488  6566 D JavaheapMonitor: Java heap used=27M max=256M, proc: com.google.android.gms
06-22 11:24:23.232  6488  6566 V JavaheapMonitor: Check java heap usage finished! Next check delay: 300000
06-22 11:24:23.257  1226  1640 D ULogGuard: Monitoring: 7 threads, 0 requests, 0 time-bombs; 15 guards. ResetFlags = 0x7
06-22 11:24:23.290  1004  1077 I libPerfCtl: xgfGetFPS pid:2402 fps:-1
06-22 11:24:23.290  1004  1077 I libPerfCtl: xgfGetFPS pid:30727 fps:-1
06-22 11:24:23.307  1045  1537 W libc    : Access denied finding property "ro.vendor.display.max_hdr_luminance"
06-22 11:24:23.335  1045  1045 I BufferQueueProducer: [com.dibay.app/com.dibay.app.MainActivity#31171](this:0xb400007acb0e2610,id:-1,api:0,p:-1,c:1045) queueBuffer: fps=47.17 dur=1017.50 max=33.91 min=16.05
06-22 11:24:23.408 30727  3562 D AudioTrackImpl: [audioTrackData][zero] 1s(f:5609 m:3 s:0 k:0 z:1003) : pid 30727 uid 10307 sessionId 50433 sr 48000 ch 2 fmt 5
06-22 11:24:23.524  1045  1537 W libc    : Access denied finding property "ro.vendor.display.max_hdr_luminance"
06-22 11:24:23.664   960  1431 I android.hardware.audio.service-aidl.mediatek: misoundfx process numSamples: 48
06-22 11:24:23.676  1673  1907 D MiuiWifiCommonBase: band: 1, compensate: 0
06-22 11:24:23.678  1673  1907 E AmlWifiScoreReportInjector: AmlWifiScoreReportInjector was cleared
06-22 11:24:23.678  1673  1907 D WifiOptimizationImpl: AmlWifiScoreReportInjector.get() = null, stop reportTxBadOrRetryEvent
06-22 11:24:23.688 30727  2104 I com.dibay.app: Background young concurrent mark compact GC freed 5097KB AllocSpace bytes, 7(332KB) LOS objects, 48% free, 5734KB/10MB, paused 496us,6.161ms total 34.829ms
06-22 11:24:23.691  2402  2402 D ControlCenterHeaderExpandController: onExpansionChanged: progress =  0.0
06-22 11:24:23.693  2402  2402 D ControlCenterHeaderExpandController: onExpansionChanged: progress =  0.0
06-22 11:24:23.693  2402  2402 D ControlCenterHeaderExpandController: onExpansionChanged: progress =  0.0
06-22 11:24:23.697  1241  1241 I thermal_src: recvmsg_expect 5, but get 2 
06-22 11:24:23.697  1241  1241 V thermal_src: TA_DAEMON_CMD_GET_TPCB:ERROR ret=-1
06-22 11:24:23.697  1241  1241 E thermal_src: get_tpcb_from_kernel:error -1. retry...
06-22 11:24:23.697  1241  1241 I thermal_src: recvmsg_expect 5, but get 2 
06-22 11:24:23.697  1241  1241 V thermal_src: TA_DAEMON_CMD_GET_TPCB:ERROR ret=-1
06-22 11:24:23.697  1241  1241 E thermal_src: get_tpcb_from_kernel:error -1. retry...
06-22 11:24:23.697  1241  1241 I thermal_src: recvmsg_expect 5, but get 2 
06-22 11:24:23.697  1241  1241 V thermal_src: TA_DAEMON_CMD_GET_TPCB:ERROR ret=-1
06-22 11:24:23.697  1241  1241 E thermal_src: get_tpcb_from_kernel:error -1. retry...
06-22 11:24:23.697  1241  1241 I thermal_src: recvmsg_expect 4, but get 5 
06-22 11:24:23.697  1241  1241 V thermal_src: TA_DAEMON_CMD_SET_TTJ:ERROR ret=-1
06-22 11:24:23.697  1241  1241 E thermal_src: set_ttj_to_kernel 1:error -1
06-22 11:24:23.697  1241  1241 I thermal_src: recvmsg_expect 2, but get 5 
06-22 11:24:23.697  1241  1241 V thermal_src: waiting NOTIFY from kernel miss, -1
06-22 11:24:23.697  1241  1241 I thermal_src: recvmsg_expect 2, but get 5 
06-22 11:24:23.697  1241  1241 V thermal_src: waiting NOTIFY from kernel miss, -1
06-22 11:24:23.697  1241  1241 I thermal_src: recvmsg_expect 2, but get 4 
06-22 11:24:23.697  1241  1241 V thermal_src: waiting NOTIFY from kernel miss, -1
06-22 11:24:23.703  1045  1045 I BufferQueueProducer: [StatusBar#123](this:0xb400007acb0c0350,id:-1,api:0,p:-1,c:1045) queueBuffer: fps=0.11 dur=9039.49 max=9039.49 min=9039.49
06-22 11:24:23.741  1045  1537 W libc    : Access denied finding property "ro.vendor.display.max_hdr_luminance"
06-22 11:24:23.747  2331  3359 D JavaheapMonitor: Java heap used=3M max=256M, proc: com.mediatek.ims
06-22 11:24:23.747  2331  3359 V JavaheapMonitor: Check java heap usage finished! Next check delay: 300000
06-22 11:24:23.753  1673  2817 D PerfShielderService: com.dibay.app|com.dibay.app/com.dibay.app.MainActivity|2687|651079209468344|61|5|120
06-22 11:24:23.755  3805 16069 W MiuiPerfServiceClient: interceptAndQueuing:30727|com.dibay.app|2687|61|651079209468344|Slow issue draw commands|120
06-22 11:24:23.889   970   982 I hwcomposer: [HWCDisplay] (0 updateFps():3644), (type:1, mode:2) fps:45.916855,dur:1001.81,max:36.32,min:14.44  
06-22 11:24:23.956  1045  1537 W libc    : Access denied finding property "ro.vendor.display.max_hdr_luminance"
06-22 11:24:24.175  1045  1537 W libc    : Access denied finding property "ro.vendor.display.max_hdr_luminance"
06-22 11:24:24.200  1673  1960 D ActionExecute: setPkgData uid = 10307 time=8000
06-22 11:24:24.290  1004  1077 I libPerfCtl: xgfGetFPS pid:2402 fps:-1
06-22 11:24:24.290  1004  1077 I libPerfCtl: xgfGetFPS pid:30727 fps:-1
06-22 11:24:24.336  1045  1045 I BufferQueueProducer: [com.dibay.app/com.dibay.app.MainActivity#31171](this:0xb400007acb0e2610,id:-1,api:0,p:-1,c:1045) queueBuffer: fps=46.95 dur=1001.08 max=33.97 min=15.27
06-22 11:24:24.406 30727  3562 D AudioTrackImpl: [audioTrackData][zero] 2s(f:5609 m:3 s:0 k:0 z:2001) : pid 30727 uid 10307 sessionId 50433 sr 48000 ch 2 fmt 5
06-22 11:24:24.410  1045  1537 W libc    : Access denied finding property "ro.vendor.display.max_hdr_luminance"
06-22 11:24:24.475  9858 17615 D JavaheapMonitor: Java heap used=17M max=256M, proc: com.google.android.apps.messaging
06-22 11:24:24.475  9858 17615 V JavaheapMonitor: Check java heap usage finished! Next check delay: 300000
06-22 11:24:24.491  1139  1251 D connsyslogger: SD_LOG_ROOT is /data/debuglogger/connsyslog/fw.
06-22 11:24:24.491  1139  1251 D connsyslogger: systemReady:1
06-22 11:24:24.661  1045  1537 W libc    : Access denied finding property "ro.vendor.display.max_hdr_luminance"
06-22 11:24:24.668   960  1431 I android.hardware.audio.service-aidl.mediatek: misoundfx process numSamples: 48
06-22 11:24:24.833  1180  1236 I misight : OnEvent EventPrivacyCompliance event=911001001
06-22 11:24:24.834  1180  1236 D misight : ProcessEvent devVersion==OS3.0.302.0.WHYMIXM,faultLevel=2,prv=3 region=eea
06-22 11:24:24.834  1180  1236 I misight : OnEvent EventStorageManager event=911001001,2
06-22 11:24:24.834  1180  1236 D misight : ProcessNewDayEvent event happen time 1782098664,start time=1782057600,restart=1
06-22 11:24:24.834  1180  1236 D misight : ProcessNewDayEvent event happen time 1782098664, last=1782098662,start time=1782057600,next day =1782144000, interval=86400
06-22 11:24:24.835  1180  1236 D misight : Execute start execute sql /data/miuilog/misight/event.db:select id,event_id,daily_cnt,over_cnt,hour_cnt,next_expire_time,last_happen_time,last_log_time from event_daily where event_id = '911001001' limit 1
06-22 11:24:24.835  1180  1236 D misight : DetectDropByTime event 911001001 parser maxCnt=200 lastTime=1782097229 same=0, overCnt=44248,dailyCnt=186,hourCnt=1
06-22 11:24:24.836  1180  1236 I misight : DetectDropEvent event 911001001 over hour cnt drop it, hourCnt=2 halfCnt=1, maxCnt=200 punishSecond=3238,space=1435
06-22 11:24:24.836  1180  1236 D misight : Execute start execute sql /data/miuilog/misight/event.db:update event_daily set  daily_cnt=186, hour_cnt=1, next_expire_time=1782100829, over_cnt=44249, last_happen_time=1782097229, last_log_time=0  where id = '1'
06-22 11:24:24.839  1180  1236 I misight : OnEvent EventInfoPack event 911001001
06-22 11:24:24.841  1180  1236 I misight : OnEvent EventPrivacyCompliance event=811001001
06-22 11:24:24.842  1180  1236 D misight : ProcessEvent devVersion==OS3.0.302.0.WHYMIXM,faultLevel=2,prv=3 region=eea
06-22 11:24:24.842  1180  1236 I misight : OnEvent EventStorageManager event=811001001,3
06-22 11:24:24.842  1180  1236 D misight : ProcessNewDayEvent event happen time 1782098664,start time=1782057600,restart=1
06-22 11:24:24.843  1180  1236 D misight : ProcessNewDayEvent event happen time 1782098664, last=1782098664,start time=1782057600,next day =1782144000, interval=86400
06-22 11:24:24.843  1180  1236 D misight : Execute start execute sql /data/miuilog/misight/event.db:select id,event_id,daily_cnt,over_cnt,hour_cnt,next_expire_time,last_happen_time,last_log_time from event_daily where event_id = '811001001' limit 1
06-22 11:24:24.843  1180  1236 D misight : DetectDropByTime event 811001001 parser maxCnt=200 lastTime=1782097229 same=0, overCnt=44248,dailyCnt=186,hourCnt=1
06-22 11:24:24.844  1180  1236 I misight : DetectDropEvent event 811001001 over hour cnt drop it, hourCnt=2 halfCnt=1, maxCnt=200 punishSecond=3238,space=1435
06-22 11:24:24.844  1180  1236 D misight : Execute start execute sql /data/miuilog/misight/event.db:update event_daily set  daily_cnt=186, hour_cnt=1, next_expire_time=1782100829, over_cnt=44249, last_happen_time=1782097229, last_log_time=0  where id = '2'
06-22 11:24:24.846  1180  1236 I misight : OnEvent EventInfoPack event 811001001
06-22 11:24:24.875  1045  1537 W libc    : Access denied finding property "ro.vendor.display.max_hdr_luminance"
06-22 11:24:24.906   970   982 I hwcomposer: [HWCDisplay] (0 updateFps():3644), (type:1, mode:2) fps:46.190166,dur:1017.53,max:34.92,min:13.85  
06-22 11:24:25.049 30727 30727 I DIBAY_WebView: webview_console_message level=LOG line=1 source=https://samarket.vercel.app/_next/static/chunks/519c3575a0e223c1.js msg=[notify-badge] ui_set {"total":2,"chatMessage":0,"groupMessage":0,"tradeMessage":0,"tradeStatus":0,"orderStatus":0,"deliveryStatus":0,"communityActivity":0,"adminMarketingBanner":0,"adminNotice":2,"chat":0,"group":0,"trade":0,"store":0,"missedCall":0}
06-22 11:24:25.050 30727 30727 I Capacitor/Console: File: https://samarket.vercel.app/_next/static/chunks/519c3575a0e223c1.js - Line 1 - Msg: [notify-badge] ui_set {"total":2,"chatMessage":0,"groupMessage":0,"tradeMessage":0,"tradeStatus":0,"orderStatus":0,"deliveryStatus":0,"communityActivity":0,"adminMarketingBanner":0,"adminNotice":2,"chat":0,"group":0,"trade":0,"store":0,"missedCall":0}
06-22 11:24:25.107  1045  1537 W libc    : Access denied finding property "ro.vendor.display.max_hdr_luminance"
06-22 11:24:25.238  4061  4628 W BluetoothMetricsLogger: MetricsLogger isn't initialized
06-22 11:24:25.238  4061  4628 W BluetoothMetricsLogger: MetricsLogger isn't initialized
06-22 11:24:25.238  4061  4628 V BtGatt.ScanController: onScanResult() - eventType=0x0, addressType=1, address=XX:XX:XX:XX:EF:DB, primaryPhy=1, secondaryPhy=1, advertisingSid=0x1, txPower=127, rssi=-40, periodicAdvInt=0x0, originalAddress=00:00:00:00:00:00
06-22 11:24:25.239  4061  4628 V BtGatt.ScanController: Skipping client: permission=true matches=false
06-22 11:24:25.290  1004  1077 I libPerfCtl: xgfGetFPS pid:2402 fps:-1
06-22 11:24:25.290  1004  1077 I libPerfCtl: xgfGetFPS pid:30727 fps:-1
06-22 11:24:25.326  1045  1537 W libc    : Access denied finding property "ro.vendor.display.max_hdr_luminance"
06-22 11:24:25.337  1045  1045 I BufferQueueProducer: [com.dibay.app/com.dibay.app.MainActivity#31171](this:0xb400007acb0e2610,id:-1,api:0,p:-1,c:1045) queueBuffer: fps=47.97 dur=1000.58 max=34.12 min=15.73
06-22 11:24:25.523   960  1114 D sixth_if_gift: sixth_vdd_proc : vdd = 4407999 
06-22 11:24:25.558  1045  1537 W libc    : Access denied finding property "ro.vendor.display.max_hdr_luminance"
06-22 11:24:25.587  1673  1717 D AES     : AEEIOCTL_GET/SET_SF_STATE IOCTL,cmd= 1074294797, lParam=0. 
06-22 11:24:25.588  1673  1717 D AES     : AEEIOCTL_RT_MON_Kick IOCTL,cmd= 2147774474, lParam=300. 
06-22 11:24:25.670   960  1431 I android.hardware.audio.service-aidl.mediatek: misoundfx process numSamples: 48
06-22 11:24:25.698  1241  1241 I thermal_src: recvmsg_expect 5, but get 2 
06-22 11:24:25.698  1241  1241 V thermal_src: TA_DAEMON_CMD_GET_TPCB:ERROR ret=-1
06-22 11:24:25.698  1241  1241 E thermal_src: get_tpcb_from_kernel:error -1. retry...
06-22 11:24:25.698  1241  1241 I thermal_src: recvmsg_expect 4, but get 2 
06-22 11:24:25.698  1241  1241 V thermal_src: TA_DAEMON_CMD_SET_TTJ:ERROR ret=-1
06-22 11:24:25.698  1241  1241 E thermal_src: set_ttj_to_kernel 1:error -1
06-22 11:24:25.699  1241  1241 I thermal_src: recvmsg_expect 2, but get 5 
06-22 11:24:25.699  1241  1241 V thermal_src: waiting NOTIFY from kernel miss, -1
06-22 11:24:25.699  1241  1241 I thermal_src: recvmsg_expect 2, but get 4 
06-22 11:24:25.699  1241  1241 V thermal_src: waiting NOTIFY from kernel miss, -1
06-22 11:24:25.751  4061  4564 D JavaheapMonitor: Java heap used=2M max=512M, proc: com.android.bluetooth
06-22 11:24:25.751  4061  4564 V JavaheapMonitor: Check java heap usage finished! Next check delay: 300000
06-22 11:24:25.775  1045  1537 W libc    : Access denied finding property "ro.vendor.display.max_hdr_luminance"
06-22 11:24:25.839  1673  1742 D AurogonBandwidthController: skinTemperature:29.482
06-22 11:24:25.898  1228  1228 I thermal_repeater: [recvMdThermalInfo] ret=26, strLen=127,  3, 36, -50, 196, 32767, 0
06-22 11:24:25.907   970   982 I hwcomposer: [HWCDisplay] (0 updateFps():3644), (type:1, mode:2) fps:47.980160,dur:1000.41,max:35.01,min:15.30  
06-22 11:24:25.977  1045  1537 W libc    : Access denied finding property "ro.vendor.display.max_hdr_luminance"
06-22 11:24:25.983  9622 10417 D JavaheapMonitor: Java heap used=3M max=256M, proc: com.xiaomi.mi_connect_service
06-22 11:24:25.984  9622 10417 V JavaheapMonitor: Check java heap usage finished! Next check delay: 300000
06-22 11:24:26.111  3916  6065 D JavaheapMonitor: Java heap used=2M max=256M, proc: com.miui.face
06-22 11:24:26.112  3916  6065 V JavaheapMonitor: Check java heap usage finished! Next check delay: 300000
06-22 11:24:26.209  1045  1537 W libc    : Access denied finding property "ro.vendor.display.max_hdr_luminance"
06-22 11:24:26.210 30727  3562 D AudioTrackImpl: [audioTrackData][zero] 1s(f:5976 m:3 s:0 k:0 z:1003) : pid 30727 uid 10307 sessionId 50433 sr 48000 ch 2 fmt 5
06-22 11:24:26.258  1226  1640 D ULogGuard: Monitoring: 7 threads, 0 requests, 0 time-bombs; 15 guards. ResetFlags = 0x7
06-22 11:24:26.290  1004  1077 I libPerfCtl: xgfGetFPS pid:2402 fps:-1
06-22 11:24:26.290  1004  1077 I libPerfCtl: xgfGetFPS pid:30727 fps:-1
06-22 11:24:26.298  1673  2817 D PerfShielderService: com.dibay.app|com.dibay.app/com.dibay.app.MainActivity|2580|651081754916345|57|5|120
06-22 11:24:26.299  3805 16069 W MiuiPerfServiceClient: interceptAndQueuing:30727|com.dibay.app|2580|57|651081754916345|Slow issue draw commands|120
06-22 11:24:26.337  1045  1045 I BufferQueueProducer: [com.dibay.app/com.dibay.app.MainActivity#31171](this:0xb400007acb0e2610,id:-1,api:0,p:-1,c:1045) queueBuffer: fps=46.97 dur=1000.60 max=33.89 min=15.70
06-22 11:24:26.411  1045  1537 W libc    : Access denied finding property "ro.vendor.display.max_hdr_luminance"
06-22 11:24:26.491  1139  1251 D connsyslogger: SD_LOG_ROOT is /data/debuglogger/connsyslog/fw.
06-22 11:24:26.492  1139  1251 D connsyslogger: systemReady:1
06-22 11:24:26.588  4061  4628 W BluetoothMetricsLogger: MetricsLogger isn't initialized
06-22 11:24:26.588  4061  4628 W BluetoothMetricsLogger: MetricsLogger isn't initialized
06-22 11:24:26.588  4061  4628 V BtGatt.ScanController: onScanResult() - eventType=0x0, addressType=1, address=XX:XX:XX:XX:EF:DB, primaryPhy=1, secondaryPhy=1, advertisingSid=0x1, txPower=127, rssi=-40, periodicAdvInt=0x0, originalAddress=00:00:00:00:00:00
06-22 11:24:26.588  4061  4628 V BtGatt.ScanController: Skipping client: permission=true matches=false
06-22 11:24:26.625  1045  1537 W libc    : Access denied finding property "ro.vendor.display.max_hdr_luminance"
06-22 11:24:26.667   960  1431 I android.hardware.audio.service-aidl.mediatek: misoundfx process numSamples: 48
06-22 11:24:26.691  1673  1907 D MiuiWifiCommonBase: band: 1, compensate: 0
06-22 11:24:26.692  1673  1907 E AmlWifiScoreReportInjector: AmlWifiScoreReportInjector was cleared
06-22 11:24:26.692  1673  1907 D WifiOptimizationImpl: AmlWifiScoreReportInjector.get() = null, stop reportTxBadOrRetryEvent
06-22 11:24:26.710  2402  2402 D ControlCenterHeaderExpandController: onExpansionChanged: progress =  0.0
06-22 11:24:26.712  2402  2402 D ControlCenterHeaderExpandController: onExpansionChanged: progress =  0.0
06-22 11:24:26.713  2402  2402 D ControlCenterHeaderExpandController: onExpansionChanged: progress =  0.0
06-22 11:24:26.721  1045  1045 I BufferQueueProducer: [StatusBar#123](this:0xb400007acb0c0350,id:-1,api:0,p:-1,c:1045) queueBuffer: fps=0.33 dur=3018.70 max=3018.70 min=3018.70
06-22 11:24:26.861  1045  1537 W libc    : Access denied finding property "ro.vendor.display.max_hdr_luminance"
06-22 11:24:26.885  1180  1236 I misight : OnEvent EventPrivacyCompliance event=911001001
06-22 11:24:26.885  1180  1236 D misight : ProcessEvent devVersion==OS3.0.302.0.WHYMIXM,faultLevel=2,prv=3 region=eea
06-22 11:24:26.885  1180  1236 I misight : OnEvent EventStorageManager event=911001001,2
06-22 11:24:26.885  1180  1236 D misight : ProcessNewDayEvent event happen time 1782098666,start time=1782057600,restart=1
06-22 11:24:26.885  1180  1236 D misight : ProcessNewDayEvent event happen time 1782098666, last=1782098664,start time=1782057600,next day =1782144000, interval=86400
06-22 11:24:26.885  1180  1236 D misight : Execute start execute sql /data/miuilog/misight/event.db:select id,event_id,daily_cnt,over_cnt,hour_cnt,next_expire_time,last_happen_time,last_log_time from event_daily where event_id = '911001001' limit 1
06-22 11:24:26.886  1180  1236 D misight : DetectDropByTime event 911001001 parser maxCnt=200 lastTime=1782097229 same=0, overCnt=44249,dailyCnt=186,hourCnt=1
06-22 11:24:26.886  1180  1236 I misight : DetectDropEvent event 911001001 over hour cnt drop it, hourCnt=2 halfCnt=1, maxCnt=200 punishSecond=3238,space=1437
06-22 11:24:26.886  1180  1236 D misight : Execute start execute sql /data/miuilog/misight/event.db:update event_daily set  daily_cnt=186, hour_cnt=1, next_expire_time=1782100829, over_cnt=44250, last_happen_time=1782097229, last_log_time=0  where id = '1'
06-22 11:24:26.890  1180  1236 I misight : OnEvent EventInfoPack event 911001001
06-22 11:24:26.894  1180  1236 I misight : OnEvent EventPrivacyCompliance event=811001001
06-22 11:24:26.894  1180  1236 D misight : ProcessEvent devVersion==OS3.0.302.0.WHYMIXM,faultLevel=2,prv=3 region=eea
06-22 11:24:26.894  1180  1236 I misight : OnEvent EventStorageManager event=811001001,3
06-22 11:24:26.895  1180  1236 D misight : ProcessNewDayEvent event happen time 1782098666,start time=1782057600,restart=1
06-22 11:24:26.895  1180  1236 D misight : ProcessNewDayEvent event happen time 1782098666, last=1782098666,start time=1782057600,next day =1782144000, interval=86400
06-22 11:24:26.895  1180  1236 D misight : Execute start execute sql /data/miuilog/misight/event.db:select id,event_id,daily_cnt,over_cnt,hour_cnt,next_expire_time,last_happen_time,last_log_time from event_daily where event_id = '811001001' limit 1
06-22 11:24:26.895  1180  1236 D misight : DetectDropByTime event 811001001 parser maxCnt=200 lastTime=1782097229 same=0, overCnt=44249,dailyCnt=186,hourCnt=1
06-22 11:24:26.896  1180  1236 I misight : DetectDropEvent event 811001001 over hour cnt drop it, hourCnt=2 halfCnt=1, maxCnt=200 punishSecond=3238,space=1437
06-22 11:24:26.896  1180  1236 D misight : Execute start execute sql /data/miuilog/misight/event.db:update event_daily set  daily_cnt=186, hour_cnt=1, next_expire_time=1782100829, over_cnt=44250, last_happen_time=1782097229, last_log_time=0  where id = '2'
06-22 11:24:26.898  1180  1236 I misight : OnEvent EventInfoPack event 811001001
06-22 11:24:26.923   970   982 I hwcomposer: [HWCDisplay] (0 updateFps():3644), (type:1, mode:2) fps:46.259270,dur:1016.01,max:34.72,min:15.35  
06-22 11:24:27.093  1045  1537 W libc    : Access denied finding property "ro.vendor.display.max_hdr_luminance"
06-22 11:24:27.202  1139  1255 D connsyslogger: data recycle:time out
06-22 11:24:27.203  1139  1255 D connsyslogger: idx=0 Bootup Log: 2 log files! filecount=3 
06-22 11:24:27.206 30727  3562 D AudioTrackImpl: [audioTrackData][zero] 2s(f:5976 m:3 s:0 k:0 z:2000) : pid 30727 uid 10307 sessionId 50433 sr 48000 ch 2 fmt 5
06-22 11:24:27.250  2388  2891 D SatelliteController: iisInCarrierRoamingNbIotNtn: satellite is disabled
06-22 11:24:27.253  2388  2388 W Settings: Setting airplane_mode_on has moved from android.provider.Settings.System to android.provider.Settings.Global, returning read-only value.
06-22 11:24:27.258  2388  3108 D HighSpeedTrainModeController: msg.what = 10
06-22 11:24:27.258  2388  2918 D MiuiTelephonyDFS: msg.what = 2
06-22 11:24:27.258  2388  3107 D NetworkSpeedTracker: updateNwSignalInfo not allowed ,ignore
06-22 11:24:27.258  2388  2918 D MiuiTelephonyDFS: getVoiceRat = 13
06-22 11:24:27.258  2388  2918 D MiuiTelephonyDFS: getRsrp = -99
06-22 11:24:27.258  2388  2918 D MiuiTelephonyDFS: getVoiceRat = 13
06-22 11:24:27.258  2388  2918 D MiuiTelephonyDFS: getSnr = -5
06-22 11:24:27.258  2388  2918 D MiSight::  constructEvent id=915100005
06-22 11:24:27.259  2388  2918 D MiSight::  sendEvent id=915100005
06-22 11:24:27.259  2388  2918 D MiSightJni: MiSight: Java_com_miui_misight_MiSight_nativeSendEvent enter called. '{"SNRValue":-5}'
06-22 11:24:27.259  2388  2918 D MiEvent : MiEvent: this 0x763f073e20, paylod=0xb4000078c14ae680
06-22 11:24:27.259  2388  2918 D MiEvent : flatten EventId 915100005 -t 1782098667 -paraList {"SNRValue":-5}
06-22 11:24:27.260  2388  2918 D MiEvent : report:EventId 915100005 -t 1782098667 -paraList {"SNRValue":-5} success
06-22 11:24:27.260  2388  2918 D MiEvent : ~MiEvent: this 0x763f073e20, paylod=0xb4000078c14ae680
06-22 11:24:27.260  1180  1236 I misight : OnEvent EventPrivacyCompliance event=915100005
06-22 11:24:27.260  1180  1236 D misight : ProcessEvent devVersion==OS3.0.302.0.WHYMIXM,faultLevel=2,prv=3 region=eea
06-22 11:24:27.261  1180  1236 I misight : OnEvent EventStorageManager event=915100005,3
06-22 11:24:27.261  1180  1236 D misight : ProcessNewDayEvent event happen time 1782098667,start time=1782057600,restart=1
06-22 11:24:27.261  1180  1236 D misight : ProcessNewDayEvent event happen time 1782098667, last=1782098666,start time=1782057600,next day =1782144000, interval=86400
06-22 11:24:27.261  1180  1236 D misight : Execute start execute sql /data/miuilog/misight/event.db:select id,event_id,daily_cnt,over_cnt,hour_cnt,next_expire_time,last_happen_time,last_log_time from event_daily where event_id = '915100005' limit 1
06-22 11:24:27.262  1180  1236 D misight : DetectDropByTime event 915100005 parser maxCnt=200 lastTime=1782098553 same=0, overCnt=27756,dailyCnt=178,hourCnt=1
06-22 11:24:27.262  1180  1236 I misight : DetectDropEvent event 915100005 over hour cnt drop it, hourCnt=2 halfCnt=1, maxCnt=200 punishSecond=2060,space=114
06-22 11:24:27.262  1180  1236 D misight : Execute start execute sql /data/miuilog/misight/event.db:update event_daily set  daily_cnt=178, hour_cnt=1, next_expire_time=1782102153, over_cnt=27757, last_happen_time=1782098553, last_log_time=0  where id = '4'
06-22 11:24:27.265  1180  1236 I misight : OnEvent EventInfoPack event 915100005
06-22 11:24:27.290  1004  1077 I libPerfCtl: xgfGetFPS pid:2402 fps:-1
06-22 11:24:27.290  1004  1077 I libPerfCtl: xgfGetFPS pid:30727 fps:-1
06-22 11:24:27.309  1045  1537 W libc    : Access denied finding property "ro.vendor.display.max_hdr_luminance"
06-22 11:24:27.355  1045  1045 I BufferQueueProducer: [com.dibay.app/com.dibay.app.MainActivity#31171](this:0xb400007acb0e2610,id:-1,api:0,p:-1,c:1045) queueBuffer: fps=46.19 dur=1017.54 max=33.93 min=16.13
06-22 11:24:27.480  1139  1255 D connsyslogger: idx=0 Bootup Log: 2 log files! filecount=3 
06-22 11:24:27.482  1139  1253 I connsyslogger: thrLogWriter: LogBuf=225.737305KB,idx=0
06-22 11:24:27.526  1045  1537 W libc    : Access denied finding property "ro.vendor.display.max_hdr_luminance"
06-22 11:24:27.591  2297  2421 D JavaheapMonitor: Java heap used=5M max=256M, proc: com.android.networkstack.process
06-22 11:24:27.591  2297  2421 V JavaheapMonitor: Check java heap usage finished! Next check delay: 300000
06-22 11:24:27.670   960  1431 I android.hardware.audio.service-aidl.mediatek: misoundfx process numSamples: 48
06-22 11:24:27.699  1241  1241 I thermal_src: recvmsg_expect 5, but get 2 
06-22 11:24:27.699  1241  1241 V thermal_src: TA_DAEMON_CMD_GET_TPCB:ERROR ret=-1
06-22 11:24:27.699  1241  1241 E thermal_src: get_tpcb_from_kernel:error -1. retry...
06-22 11:24:27.699  1241  1241 I thermal_src: recvmsg_expect 5, but get 2 
06-22 11:24:27.699  1241  1241 V thermal_src: TA_DAEMON_CMD_GET_TPCB:ERROR ret=-1
06-22 11:24:27.699  1241  1241 E thermal_src: get_tpcb_from_kernel:error -1. retry...
06-22 11:24:27.699  1241  1241 I thermal_src: recvmsg_expect 4, but get 2 
06-22 11:24:27.699  1241  1241 V thermal_src: TA_DAEMON_CMD_SET_TTJ:ERROR ret=-1
06-22 11:24:27.699  1241  1241 E thermal_src: set_ttj_to_kernel 1:error -1
06-22 11:24:27.699  1241  1241 I thermal_src: recvmsg_expect 2, but get 5 
06-22 11:24:27.699  1241  1241 V thermal_src: waiting NOTIFY from kernel miss, -1
06-22 11:24:27.699  1241  1241 I thermal_src: recvmsg_expect 2, but get 5 
06-22 11:24:27.699  1241  1241 V thermal_src: waiting NOTIFY from kernel miss, -1
06-22 11:24:27.699  1241  1241 I thermal_src: recvmsg_expect 2, but get 4 
06-22 11:24:27.699  1241  1241 V thermal_src: waiting NOTIFY from kernel miss, -1
06-22 11:24:27.711 17462 18839 D JavaheapMonitor: Java heap used=4M max=256M, proc: com.google.android.apps.messaging:rcs
06-22 11:24:27.711 17462 18839 V JavaheapMonitor: Check java heap usage finished! Next check delay: 300000
06-22 11:24:27.729  1045  1537 W libc    : Access denied finding property "ro.vendor.display.max_hdr_luminance"
06-22 11:24:27.923   970   982 I hwcomposer: [HWCDisplay] (0 updateFps():3644), (type:1, mode:2) fps:47.965450,dur:1000.72,max:35.44,min:13.90  
06-22 11:24:27.961  1045  1537 W libc    : Access denied finding property "ro.vendor.display.max_hdr_luminance"
06-22 11:24:27.993  2388  2891 D SatelliteController: iisInCarrierRoamingNbIotNtn: satellite is disabled
06-22 11:24:27.996  2388  2388 W Settings: Setting airplane_mode_on has moved from android.provider.Settings.System to android.provider.Settings.Global, returning read-only value.
06-22 11:24:28.003  2388  2918 D MiuiTelephonyDFS: msg.what = 2
06-22 11:24:28.003  2388  2918 D MiuiTelephonyDFS: getVoiceRat = 13
06-22 11:24:28.003  2388  2918 D MiuiTelephonyDFS: getRsrp = -99
06-22 11:24:28.003  2388  3107 D NetworkSpeedTracker: updateSignalInfo lteRsrp=-99lteSnr=-3,phoneId=0
06-22 11:24:28.003  2388  3108 D HighSpeedTrainModeController: msg.what = 10
06-22 11:24:28.003  2388  2918 D MiuiTelephonyDFS: getVoiceRat = 13
06-22 11:24:28.003  2388  2918 D MiuiTelephonyDFS: getSnr = -3
06-22 11:24:28.003  2388  2918 D MiSight::  constructEvent id=915100005
06-22 11:24:28.005  2388  2918 D MiSight::  sendEvent id=915100005
06-22 11:24:28.005  2388  2918 D MiSightJni: MiSight: Java_com_miui_misight_MiSight_nativeSendEvent enter called. '{"SNRValue":-3}'
06-22 11:24:28.005  2388  2918 D MiEvent : MiEvent: this 0x763f073e20, paylod=0xb4000078c14ae680
06-22 11:24:28.005  2388  2918 D MiEvent : flatten EventId 915100005 -t 1782098668 -paraList {"SNRValue":-3}
06-22 11:24:28.005  2388  2918 D MiEvent : report:EventId 915100005 -t 1782098668 -paraList {"SNRValue":-3} success
06-22 11:24:28.005  2388  2918 D MiEvent : ~MiEvent: this 0x763f073e20, paylod=0xb4000078c14ae680
06-22 11:24:28.005  1180  1236 I misight : OnEvent EventPrivacyCompliance event=915100005
06-22 11:24:28.006  1180  1236 D misight : ProcessEvent devVersion==OS3.0.302.0.WHYMIXM,faultLevel=2,prv=3 region=eea
06-22 11:24:28.006  1180  1236 I misight : OnEvent EventStorageManager event=915100005,3
06-22 11:24:28.006  1180  1236 D misight : ProcessNewDayEvent event happen time 1782098668,start time=1782057600,restart=1
06-22 11:24:28.006  1180  1236 D misight : ProcessNewDayEvent event happen time 1782098668, last=1782098667,start time=1782057600,next day =1782144000, interval=86400
06-22 11:24:28.006  1180  1236 D misight : Execute start execute sql /data/miuilog/misight/event.db:select id,event_id,daily_cnt,over_cnt,hour_cnt,next_expire_time,last_happen_time,last_log_time from event_daily where event_id = '915100005' limit 1
06-22 11:24:28.006  1180  1236 D misight : DetectDropByTime event 915100005 parser maxCnt=200 lastTime=1782098553 same=0, overCnt=27757,dailyCnt=178,hourCnt=1
06-22 11:24:28.007  1180  1236 I misight : DetectDropEvent event 915100005 over hour cnt drop it, hourCnt=2 halfCnt=1, maxCnt=200 punishSecond=2060,space=115
06-22 11:24:28.007  1180  1236 D misight : Execute start execute sql /data/miuilog/misight/event.db:update event_daily set  daily_cnt=178, hour_cnt=1, next_expire_time=1782102153, over_cnt=27758, last_happen_time=1782098553, last_log_time=0  where id = '4'
06-22 11:24:28.009  1180  1236 I misight : OnEvent EventInfoPack event 915100005
06-22 11:24:28.162  1045  1537 W libc    : Access denied finding property "ro.vendor.display.max_hdr_luminance"
06-22 11:24:28.290  1004  1077 I libPerfCtl: xgfGetFPS pid:2402 fps:-1
06-22 11:24:28.290  1004  1077 I libPerfCtl: xgfGetFPS pid:30727 fps:-1
06-22 11:24:28.355  1045  1045 I BufferQueueProducer: [com.dibay.app/com.dibay.app.MainActivity#31171](this:0xb400007acb0e2610,id:-1,api:0,p:-1,c:1045) queueBuffer: fps=48.00 dur=1000.07 max=35.11 min=14.73
06-22 11:24:28.393  1045  1537 W libc    : Access denied finding property "ro.vendor.display.max_hdr_luminance"
06-22 11:24:28.492  1139  1251 D connsyslogger: SD_LOG_ROOT is /data/debuglogger/connsyslog/fw.
06-22 11:24:28.492  1139  1251 D connsyslogger: systemReady:1
06-22 11:24:28.610  1045  1537 W libc    : Access denied finding property "ro.vendor.display.max_hdr_luminance"
06-22 11:24:28.673   960  1431 I android.hardware.audio.service-aidl.mediatek: misoundfx process numSamples: 48
06-22 11:24:28.810  1045  1537 W libc    : Access denied finding property "ro.vendor.display.max_hdr_luminance"
06-22 11:24:28.843  1673  2818 D PerfShielderService: com.dibay.app|com.dibay.app/com.dibay.app.MainActivity|2573|651084299505345|56|5|120
06-22 11:24:28.844  3805 16069 W MiuiPerfServiceClient: interceptAndQueuing:30727|com.dibay.app|2573|56|651084299505345|Slow issue draw commands|120
06-22 11:24:28.925   970   982 I hwcomposer: [HWCDisplay] (0 updateFps():3644), (type:1, mode:2) fps:47.948277,dur:1001.08,max:34.65,min:14.93  
06-22 11:24:28.936  1180  1236 I misight : OnEvent EventPrivacyCompliance event=911001001
06-22 11:24:28.936  1180  1236 D misight : ProcessEvent devVersion==OS3.0.302.0.WHYMIXM,faultLevel=2,prv=3 region=eea
06-22 11:24:28.937  1180  1236 I misight : OnEvent EventStorageManager event=911001001,2
06-22 11:24:28.937  1180  1236 D misight : ProcessNewDayEvent event happen time 1782098668,start time=1782057600,restart=1
06-22 11:24:28.937  1180  1236 D misight : ProcessNewDayEvent event happen time 1782098668, last=1782098668,start time=1782057600,next day =1782144000, interval=86400
06-22 11:24:28.937  1180  1236 D misight : Execute start execute sql /data/miuilog/misight/event.db:select id,event_id,daily_cnt,over_cnt,hour_cnt,next_expire_time,last_happen_time,last_log_time from event_daily where event_id = '911001001' limit 1
06-22 11:24:28.938  1180  1236 D misight : DetectDropByTime event 911001001 parser maxCnt=200 lastTime=1782097229 same=0, overCnt=44250,dailyCnt=186,hourCnt=1
06-22 11:24:28.938  1180  1236 I misight : DetectDropEvent event 911001001 over hour cnt drop it, hourCnt=2 halfCnt=1, maxCnt=200 punishSecond=3238,space=1439
06-22 11:24:28.938  1180  1236 D misight : Execute start execute sql /data/miuilog/misight/event.db:update event_daily set  daily_cnt=186, hour_cnt=1, next_expire_time=1782100829, over_cnt=44251, last_happen_time=1782097229, last_log_time=0  where id = '1'
06-22 11:24:28.942  1180  1236 I misight : OnEvent EventInfoPack event 911001001
06-22 11:24:28.944  1180  1236 I misight : OnEvent EventPrivacyCompliance event=811001001
06-22 11:24:28.945  1180  1236 D misight : ProcessEvent devVersion==OS3.0.302.0.WHYMIXM,faultLevel=2,prv=3 region=eea
06-22 11:24:28.945  1180  1236 I misight : OnEvent EventStorageManager event=811001001,3
06-22 11:24:28.945  1180  1236 D misight : ProcessNewDayEvent event happen time 1782098668,start time=1782057600,restart=1
06-22 11:24:28.945  1180  1236 D misight : ProcessNewDayEvent event happen time 1782098668, last=1782098668,start time=1782057600,next day =1782144000, interval=86400
06-22 11:24:28.946  1180  1236 D misight : Execute start execute sql /data/miuilog/misight/event.db:select id,event_id,daily_cnt,over_cnt,hour_cnt,next_expire_time,last_happen_time,last_log_time from event_daily where event_id = '811001001' limit 1
06-22 11:24:28.946  1180  1236 D misight : DetectDropByTime event 811001001 parser maxCnt=200 lastTime=1782097229 same=0, overCnt=44250,dailyCnt=186,hourCnt=1
06-22 11:24:28.946  1180  1236 I misight : DetectDropEvent event 811001001 over hour cnt drop it, hourCnt=2 halfCnt=1, maxCnt=200 punishSecond=3238,space=1439
06-22 11:24:28.946  1180  1236 D misight : Execute start execute sql /data/miuilog/misight/event.db:update event_daily set  daily_cnt=186, hour_cnt=1, next_expire_time=1782100829, over_cnt=44251, last_happen_time=1782097229, last_log_time=0  where id = '2'
06-22 11:24:28.947  1180  1236 I misight : OnEvent EventInfoPack event 811001001
06-22 11:24:29.009 30727  3562 D AudioTrackImpl: [audioTrackData][zero] 1s(f:6345 m:2 s:0 k:0 z:1003) : pid 30727 uid 10307 sessionId 50433 sr 48000 ch 2 fmt 5
06-22 11:24:29.012  1045  1537 W libc    : Access denied finding property "ro.vendor.display.max_hdr_luminance"
06-22 11:24:29.229  1045  1537 W libc    : Access denied finding property "ro.vendor.display.max_hdr_luminance"
06-22 11:24:29.258  1226  1640 D ULogGuard: Monitoring: 7 threads, 0 requests, 0 time-bombs; 15 guards. ResetFlags = 0x7
06-22 11:24:29.290  1004  1077 I libPerfCtl: xgfGetFPS pid:2402 fps:-1
06-22 11:24:29.291  1004  1077 I libPerfCtl: xgfGetFPS pid:30727 fps:-1
06-22 11:24:29.356  1045  1045 I BufferQueueProducer: [com.dibay.app/com.dibay.app.MainActivity#31171](this:0xb400007acb0e2610,id:-1,api:0,p:-1,c:1045) queueBuffer: fps=45.95 dur=1001.01 max=33.93 min=16.14
06-22 11:24:29.418 23156 23912 D JavaheapMonitor: Java heap used=3M max=512M, proc: com.android.camera
06-22 11:24:29.418 23156 23912 V JavaheapMonitor: Check java heap usage finished! Next check delay: 300000
06-22 11:24:29.464  1045  1537 W libc    : Access denied finding property "ro.vendor.display.max_hdr_luminance"
06-22 11:24:29.487  6972  7017 D JavaheapMonitor: Java heap used=24M max=256M, proc: com.google.android.gms.persistent
06-22 11:24:29.488  6972  7017 V JavaheapMonitor: Check java heap usage finished! Next check delay: 300000
06-22 11:24:29.676   960  1431 I android.hardware.audio.service-aidl.mediatek: misoundfx process numSamples: 48
06-22 11:24:29.695  1045  1537 W libc    : Access denied finding property "ro.vendor.display.max_hdr_luminance"
06-22 11:24:29.701  1241  1241 I thermal_src: recvmsg_expect 5, but get 2 
06-22 11:24:29.701  1241  1241 V thermal_src: TA_DAEMON_CMD_GET_TPCB:ERROR ret=-1
06-22 11:24:29.701  1241  1241 E thermal_src: get_tpcb_from_kernel:error -1. retry...
06-22 11:24:29.701  1241  1241 I thermal_src: recvmsg_expect 5, but get 2 
06-22 11:24:29.701  1241  1241 V thermal_src: TA_DAEMON_CMD_GET_TPCB:ERROR ret=-1
06-22 11:24:29.701  1241  1241 E thermal_src: get_tpcb_from_kernel:error -1. retry...
06-22 11:24:29.701  1241  1241 I thermal_src: recvmsg_expect 4, but get 5 
06-22 11:24:29.701  1241  1241 V thermal_src: TA_DAEMON_CMD_SET_TTJ:ERROR ret=-1
06-22 11:24:29.701  1241  1241 E thermal_src: set_ttj_to_kernel 1:error -1
06-22 11:24:29.701  1241  1241 I thermal_src: recvmsg_expect 2, but get 5 
06-22 11:24:29.702  1241  1241 V thermal_src: waiting NOTIFY from kernel miss, -1
06-22 11:24:29.702  1241  1241 I thermal_src: recvmsg_expect 2, but get 4 
06-22 11:24:29.702  1241  1241 V thermal_src: waiting NOTIFY from kernel miss, -1
06-22 11:24:29.703  1673  1907 D MiuiWifiCommonBase: band: 1, compensate: 0
06-22 11:24:29.705  1673  1907 E AmlWifiScoreReportInjector: AmlWifiScoreReportInjector was cleared
06-22 11:24:29.705  1673  1907 D WifiOptimizationImpl: AmlWifiScoreReportInjector.get() = null, stop reportTxBadOrRetryEvent
06-22 11:24:29.825  2297  2604 D IpClient/wlan0: interfaceLinkStateChanged: ifindex 36 up
06-22 11:24:29.897  1045  1537 W libc    : Access denied finding property "ro.vendor.display.max_hdr_luminance"
06-22 11:24:29.926   970   982 I hwcomposer: [HWCDisplay] (0 updateFps():3644), (type:1, mode:2) fps:44.922470,dur:1001.73,max:34.50,min:14.97  
06-22 11:24:29.977 30727  2299 D CameraInjector: updateCloudCameraControllerInfoAsync: canceled.
06-22 11:24:29.977 30727  2299 W libc    : Access denied finding property "vendor.camera.aux.packagelist"
06-22 11:24:29.979 30727  2299 W libc    : Access denied finding property "vendor.camera.aux.packagelistext"
06-22 11:24:29.980 30727  2299 D CameraInjector: updateCloudCameraControllerInfoAsync: canceled.
06-22 11:24:29.980 30727  2299 W libc    : Access denied finding property "vendor.camera.aux.packagelist"
06-22 11:24:29.981 30727  2299 W libc    : Access denied finding property "vendor.camera.aux.packagelistext"
06-22 11:24:29.985 30727  2299 D CameraInjector: updateCloudCameraControllerInfoAsync: canceled.
06-22 11:24:29.986 30727  2299 W libc    : Access denied finding property "vendor.camera.aux.packagelist"
06-22 11:24:29.986 30727  2299 W libc    : Access denied finding property "vendor.camera.aux.packagelistext"
06-22 11:24:29.987 30727  2299 D CameraInjector: updateCloudCameraControllerInfoAsync: canceled.
06-22 11:24:29.987 30727  2299 W libc    : Access denied finding property "vendor.camera.aux.packagelist"
06-22 11:24:29.987 30727  2299 W libc    : Access denied finding property "vendor.camera.aux.packagelistext"
06-22 11:24:29.991 30727  2299 D CameraInjector: updateCloudCameraControllerInfoAsync: canceled.
06-22 11:24:29.992 30727  2299 W libc    : Access denied finding property "vendor.camera.aux.packagelist"
06-22 11:24:29.992 30727  2299 W libc    : Access denied finding property "vendor.camera.aux.packagelistext"
06-22 11:24:29.996 30727  2299 D CameraInjector: updateCloudCameraControllerInfoAsync: canceled.
06-22 11:24:29.996 30727  2299 W libc    : Access denied finding property "vendor.camera.aux.packagelist"
06-22 11:24:29.996 30727  2299 W libc    : Access denied finding property "vendor.camera.aux.packagelistext"
06-22 11:24:29.999 30727  2299 D CameraInjector: updateCloudCameraControllerInfoAsync: canceled.
06-22 11:24:30.000 30727  2299 W libc    : Access denied finding property "vendor.camera.aux.packagelist"
06-22 11:24:30.000 30727  2299 W libc    : Access denied finding property "vendor.camera.aux.packagelistext"
06-22 11:24:30.001 30727  2299 D CameraInjector: updateCloudCameraControllerInfoAsync: canceled.
06-22 11:24:30.001 30727  2299 W libc    : Access denied finding property "vendor.camera.aux.packagelist"
06-22 11:24:30.001 30727  2299 W libc    : Access denied finding property "vendor.camera.aux.packagelistext"
06-22 11:24:30.005 30727  2299 D CameraInjector: updateCloudCameraControllerInfoAsync: canceled.
06-22 11:24:30.005 30727  2299 W libc    : Access denied finding property "vendor.camera.aux.packagelist"
06-22 11:24:30.005 30727  2299 W libc    : Access denied finding property "vendor.camera.aux.packagelistext"
06-22 11:24:30.006 30727  3562 D AudioTrackImpl: [audioTrackData][zero] 2s(f:6345 m:2 s:0 k:0 z:2000) : pid 30727 uid 10307 sessionId 50433 sr 48000 ch 2 fmt 5
06-22 11:24:30.073 30727  2299 D CameraInjector: updateCloudCameraControllerInfoAsync: canceled.
06-22 11:24:30.073 30727  2299 W libc    : Access denied finding property "vendor.camera.aux.packagelist"
06-22 11:24:30.073 30727  2299 W libc    : Access denied finding property "vendor.camera.aux.packagelistext"
06-22 11:24:30.075 30727  2299 D CameraInjector: updateCloudCameraControllerInfoAsync: canceled.
06-22 11:24:30.075 30727  2299 W libc    : Access denied finding property "vendor.camera.aux.packagelist"
06-22 11:24:30.076 30727  2299 W libc    : Access denied finding property "vendor.camera.aux.packagelistext"
06-22 11:24:30.081 30727  2299 D CameraInjector: updateCloudCameraControllerInfoAsync: canceled.
06-22 11:24:30.081 30727  2299 W libc    : Access denied finding property "vendor.camera.aux.packagelist"
06-22 11:24:30.081 30727  2299 W libc    : Access denied finding property "vendor.camera.aux.packagelistext"
06-22 11:24:30.082 30727  2299 D CameraInjector: updateCloudCameraControllerInfoAsync: canceled.
06-22 11:24:30.082 30727  2299 W libc    : Access denied finding property "vendor.camera.aux.packagelist"
06-22 11:24:30.083 30727  2299 W libc    : Access denied finding property "vendor.camera.aux.packagelistext"
06-22 11:24:30.086 30727  2299 D CameraInjector: updateCloudCameraControllerInfoAsync: canceled.
06-22 11:24:30.086 30727  2299 W libc    : Access denied finding property "vendor.camera.aux.packagelist"
06-22 11:24:30.087 30727  2299 W libc    : Access denied finding property "vendor.camera.aux.packagelistext"
06-22 11:24:30.090 30727  2299 D CameraInjector: updateCloudCameraControllerInfoAsync: canceled.
06-22 11:24:30.091 30727  2299 W libc    : Access denied finding property "vendor.camera.aux.packagelist"
06-22 11:24:30.091 30727  2299 W libc    : Access denied finding property "vendor.camera.aux.packagelistext"
06-22 11:24:30.095 30727  2299 D CameraInjector: updateCloudCameraControllerInfoAsync: canceled.
06-22 11:24:30.095 30727  2299 W libc    : Access denied finding property "vendor.camera.aux.packagelist"
06-22 11:24:30.095 30727  2299 W libc    : Access denied finding property "vendor.camera.aux.packagelistext"
06-22 11:24:30.097 30727  2299 D CameraInjector: updateCloudCameraControllerInfoAsync: canceled.
06-22 11:24:30.097 30727  2299 W libc    : Access denied finding property "vendor.camera.aux.packagelist"
06-22 11:24:30.097 30727  2299 W libc    : Access denied finding property "vendor.camera.aux.packagelistext"
06-22 11:24:30.101 30727  2299 D CameraInjector: updateCloudCameraControllerInfoAsync: canceled.
06-22 11:24:30.102 30727  2299 W libc    : Access denied finding property "vendor.camera.aux.packagelist"
06-22 11:24:30.102 30727  2299 W libc    : Access denied finding property "vendor.camera.aux.packagelistext"
06-22 11:24:30.112  1045  1537 W libc    : Access denied finding property "ro.vendor.display.max_hdr_luminance"
06-22 11:24:30.291  1004  1077 I libPerfCtl: xgfGetFPS pid:2402 fps:-1
06-22 11:24:30.291  1004  1077 I libPerfCtl: xgfGetFPS pid:30727 fps:-1
06-22 11:24:30.345  1045  1537 W libc    : Access denied finding property "ro.vendor.display.max_hdr_luminance"
06-22 11:24:30.373  1045  1045 I BufferQueueProducer: [com.dibay.app/com.dibay.app.MainActivity#31171](this:0xb400007acb0e2610,id:-1,api:0,p:-1,c:1045) queueBuffer: fps=45.21 dur=1017.46 max=33.75 min=16.03
06-22 11:24:30.493  1139  1251 D connsyslogger: SD_LOG_ROOT is /data/debuglogger/connsyslog/fw.
06-22 11:24:30.493  1139  1251 D connsyslogger: systemReady:1
06-22 11:24:30.505  2388  2573 D JavaheapMonitor: Java heap used=13M max=256M, proc: com.android.phone
06-22 11:24:30.505  2388  2573 V JavaheapMonitor: Check java heap usage finished! Next check delay: 300000
06-22 11:24:30.520   960  1114 D sixth_if_gift: sixth_vdd_proc : vdd = 4407999 
06-22 11:24:30.581  1045  1537 W libc    : Access denied finding property "ro.vendor.display.max_hdr_luminance"
06-22 11:24:30.673   960  1431 I android.hardware.audio.service-aidl.mediatek: misoundfx process numSamples: 48
06-22 11:24:30.813  1045  1537 W libc    : Access denied finding property "ro.vendor.display.max_hdr_luminance"
06-22 11:24:30.944   970   982 I hwcomposer: [HWCDisplay] (0 updateFps():3644), (type:1, mode:2) fps:43.242630,dur:1017.51,max:35.40,min:14.71  
06-22 11:24:30.988  1180  1236 I misight : OnEvent EventPrivacyCompliance event=911001001
06-22 11:24:30.988  1180  1236 D misight : ProcessEvent devVersion==OS3.0.302.0.WHYMIXM,faultLevel=2,prv=3 region=eea
06-22 11:24:30.989  1180  1236 I misight : OnEvent EventStorageManager event=911001001,2
06-22 11:24:30.989  1180  1236 D misight : ProcessNewDayEvent event happen time 1782098670,start time=1782057600,restart=1
06-22 11:24:30.989  1180  1236 D misight : ProcessNewDayEvent event happen time 1782098670, last=1782098668,start time=1782057600,next day =1782144000, interval=86400
06-22 11:24:30.989  1180  1236 D misight : Execute start execute sql /data/miuilog/misight/event.db:select id,event_id,daily_cnt,over_cnt,hour_cnt,next_expire_time,last_happen_time,last_log_time from event_daily where event_id = '911001001' limit 1
06-22 11:24:30.990  1180  1236 D misight : DetectDropByTime event 911001001 parser maxCnt=200 lastTime=1782097229 same=0, overCnt=44251,dailyCnt=186,hourCnt=1
06-22 11:24:30.990  1180  1236 I misight : DetectDropEvent event 911001001 over hour cnt drop it, hourCnt=2 halfCnt=1, maxCnt=200 punishSecond=3237,space=1441
06-22 11:24:30.990  1180  1236 D misight : Execute start execute sql /data/miuilog/misight/event.db:update event_daily set  daily_cnt=186, hour_cnt=1, next_expire_time=1782100829, over_cnt=44252, last_happen_time=1782097229, last_log_time=0  where id = '1'
06-22 11:24:30.996  1180  1236 I misight : OnEvent EventInfoPack event 911001001
06-22 11:24:30.996  1180  1236 I misight : OnEvent EventPrivacyCompliance event=811001001
06-22 11:24:30.996  1180  1236 D misight : ProcessEvent devVersion==OS3.0.302.0.WHYMIXM,faultLevel=2,prv=3 region=eea
06-22 11:24:30.996  1180  1236 I misight : OnEvent EventStorageManager event=811001001,3
06-22 11:24:30.996  1180  1236 D misight : ProcessNewDayEvent event happen time 1782098670,start time=1782057600,restart=1
06-22 11:24:30.996  1180  1236 D misight : ProcessNewDayEvent event happen time 1782098670, last=1782098670,start time=1782057600,next day =1782144000, interval=86400
06-22 11:24:30.997  1180  1236 D misight : Execute start execute sql /data/miuilog/misight/event.db:select id,event_id,daily_cnt,over_cnt,hour_cnt,next_expire_time,last_happen_time,last_log_time from event_daily where event_id = '811001001' limit 1
06-22 11:24:30.997  1180  1236 D misight : DetectDropByTime event 811001001 parser maxCnt=200 lastTime=1782097229 same=0, overCnt=44251,dailyCnt=186,hourCnt=1
06-22 11:24:30.997  1180  1236 I misight : DetectDropEvent event 811001001 over hour cnt drop it, hourCnt=2 halfCnt=1, maxCnt=200 punishSecond=3237,space=1441
06-22 11:24:30.997  1180  1236 D misight : Execute start execute sql /data/miuilog/misight/event.db:update event_daily set  daily_cnt=186, hour_cnt=1, next_expire_time=1782100829, over_cnt=44252, last_happen_time=1782097229, last_log_time=0  where id = '2'
06-22 11:24:31.000  1180  1236 I misight : OnEvent EventInfoPack event 811001001
06-22 11:24:31.030  1045  1537 W libc    : Access denied finding property "ro.vendor.display.max_hdr_luminance"
06-22 11:24:31.263  1045  1537 W libc    : Access denied finding property "ro.vendor.display.max_hdr_luminance"
06-22 11:24:31.291  1004  1077 I libPerfCtl: xgfGetFPS pid:2402 fps:-1
06-22 11:24:31.292  1004  1077 I libPerfCtl: xgfGetFPS pid:30727 fps:-1
06-22 11:24:31.390  1045  1045 I BufferQueueProducer: [com.dibay.app/com.dibay.app.MainActivity#31171](this:0xb400007acb0e2610,id:-1,api:0,p:-1,c:1045) queueBuffer: fps=42.27 dur=1017.17 max=33.91 min=16.01
06-22 11:24:31.415 32318 32463 D JavaheapMonitor: Java heap used=4M max=256M, proc: com.xiaomi.discover
06-22 11:24:31.415 32318 32463 V JavaheapMonitor: Check java heap usage finished! Next check delay: 300000
06-22 11:24:31.496  1045  1537 W libc    : Access denied finding property "ro.vendor.display.max_hdr_luminance"
06-22 11:24:31.540 25061 25193 D JavaheapMonitor: Java heap used=8M max=512M, proc: com.google.android.googlequicksearchbox:search
06-22 11:24:31.540 25061 25193 V JavaheapMonitor: Check java heap usage finished! Next check delay: 300000
06-22 11:24:31.559  1673  2817 D PerfShielderService: com.dibay.app|com.dibay.app/com.dibay.app.MainActivity|2737|651087015233883|55|5|120
06-22 11:24:31.560  3805 16069 W MiuiPerfServiceClient: interceptAndQueuing:30727|com.dibay.app|2737|55|651087015233883|Slow issue draw commands|120
06-22 11:24:31.675   960  1431 I android.hardware.audio.service-aidl.mediatek: misoundfx process numSamples: 48
06-22 11:24:31.698  1045  1537 W libc    : Access denied finding property "ro.vendor.display.max_hdr_luminance"
06-22 11:24:31.702  1241  1241 I thermal_src: recvmsg_expect 4, but get 2 
06-22 11:24:31.702  1241  1241 V thermal_src: TA_DAEMON_CMD_SET_TTJ:ERROR ret=-1
06-22 11:24:31.702  1241  1241 E thermal_src: set_ttj_to_kernel 1:error -1
06-22 11:24:31.702  1241  1241 I thermal_src: recvmsg_expect 2, but get 4 
06-22 11:24:31.702  1241  1241 V thermal_src: waiting NOTIFY from kernel miss, -1
06-22 11:24:31.702  1241  1241 I thermal_src: recvmsg_expect 5, but get 2 
06-22 11:24:31.702  1241  1241 V thermal_src: TA_DAEMON_CMD_GET_TPCB:ERROR ret=-1
06-22 11:24:31.702  1241  1241 E thermal_src: get_tpcb_from_kernel:error -1. retry...
06-22 11:24:31.702  1241  1241 I thermal_src: recvmsg_expect 4, but get 5 
06-22 11:24:31.702  1241  1241 V thermal_src: TA_DAEMON_CMD_SET_TTJ:ERROR ret=-1
06-22 11:24:31.702  1241  1241 E thermal_src: set_ttj_to_kernel 1:error -1
06-22 11:24:31.702  1241  1241 I thermal_src: recvmsg_expect 2, but get 4 
06-22 11:24:31.702  1241  1241 V thermal_src: waiting NOTIFY from kernel miss, -1
06-22 11:24:31.809 30727  3562 D AudioTrackImpl: [audioTrackData][zero] 1s(f:6713 m:3 s:0 k:0 z:1003) : pid 30727 uid 10307 sessionId 50433 sr 48000 ch 2 fmt 5
06-22 11:24:31.930  1045  1537 W libc    : Access denied finding property "ro.vendor.display.max_hdr_luminance"
06-22 11:24:31.960   970   982 I hwcomposer: [HWCDisplay] (0 updateFps():3644), (type:1, mode:2) fps:45.251415,dur:1016.54,max:34.71,min:14.02  
06-22 11:24:32.147  1045  1537 W libc    : Access denied finding property "ro.vendor.display.max_hdr_luminance"
06-22 11:24:32.259  1226  1640 D ULogGuard: Monitoring: 7 threads, 0 requests, 0 time-bombs; 15 guards. ResetFlags = 0x7
06-22 11:24:32.291  1004  1077 I libPerfCtl: xgfGetFPS pid:2402 fps:-1
06-22 11:24:32.292  1004  1077 I libPerfCtl: xgfGetFPS pid:30727 fps:-1
06-22 11:24:32.363  1045  1537 W libc    : Access denied finding property "ro.vendor.display.max_hdr_luminance"
06-22 11:24:32.372  2388  2891 D SatelliteController: iisInCarrierRoamingNbIotNtn: satellite is disabled
06-22 11:24:32.375  2388  2388 W Settings: Setting airplane_mode_on has moved from android.provider.Settings.System to android.provider.Settings.Global, returning read-only value.
06-22 11:24:32.379  2388  2918 D MiuiTelephonyDFS: msg.what = 2
06-22 11:24:32.380  2388  3108 D HighSpeedTrainModeController: msg.what = 10
06-22 11:24:32.380  2388  2918 D MiuiTelephonyDFS: getVoiceRat = 13
06-22 11:24:32.380  2388  2918 D MiuiTelephonyDFS: getRsrp = -98
06-22 11:24:32.380  2388  2918 D MiuiTelephonyDFS: getVoiceRat = 13
06-22 11:24:32.380  2388  2918 D MiuiTelephonyDFS: getSnr = -5
06-22 11:24:32.380  2388  2918 D MiSight::  constructEvent id=915100005
06-22 11:24:32.381  2388  3107 D NetworkSpeedTracker: updateNwSignalInfo not allowed ,ignore
06-22 11:24:32.381  2388  2918 D MiSight::  sendEvent id=915100005
06-22 11:24:32.381  2388  2918 D MiSightJni: MiSight: Java_com_miui_misight_MiSight_nativeSendEvent enter called. '{"SNRValue":-5}'
06-22 11:24:32.381  2388  2918 D MiEvent : MiEvent: this 0x763f073e20, paylod=0xb4000078c14ae680
06-22 11:24:32.381  2388  2918 D MiEvent : flatten EventId 915100005 -t 1782098672 -paraList {"SNRValue":-5}
06-22 11:24:32.382  2388  2918 D MiEvent : report:EventId 915100005 -t 1782098672 -paraList {"SNRValue":-5} success
06-22 11:24:32.382  2388  2918 D MiEvent : ~MiEvent: this 0x763f073e20, paylod=0xb4000078c14ae680
06-22 11:24:32.382  1180  1236 I misight : OnEvent EventPrivacyCompliance event=915100005
06-22 11:24:32.382  1180  1236 D misight : ProcessEvent devVersion==OS3.0.302.0.WHYMIXM,faultLevel=2,prv=3 region=eea
06-22 11:24:32.382  1180  1236 I misight : OnEvent EventStorageManager event=915100005,3
06-22 11:24:32.382  1180  1236 D misight : ProcessNewDayEvent event happen time 1782098672,start time=1782057600,restart=1
06-22 11:24:32.382  1180  1236 D misight : ProcessNewDayEvent event happen time 1782098672, last=1782098670,start time=1782057600,next day =1782144000, interval=86400
06-22 11:24:32.382  1180  1236 D misight : Execute start execute sql /data/miuilog/misight/event.db:select id,event_id,daily_cnt,over_cnt,hour_cnt,next_expire_time,last_happen_time,last_log_time from event_daily where event_id = '915100005' limit 1
06-22 11:24:32.383  1180  1236 D misight : DetectDropByTime event 915100005 parser maxCnt=200 lastTime=1782098553 same=0, overCnt=27758,dailyCnt=178,hourCnt=1
06-22 11:24:32.383  1180  1236 I misight : DetectDropEvent event 915100005 over hour cnt drop it, hourCnt=2 halfCnt=1, maxCnt=200 punishSecond=2060,space=119
06-22 11:24:32.383  1180  1236 D misight : Execute start execute sql /data/miuilog/misight/event.db:update event_daily set  daily_cnt=178, hour_cnt=1, next_expire_time=1782102153, over_cnt=27759, last_happen_time=1782098553, last_log_time=0  where id = '4'
06-22 11:24:32.386  1180  1236 I misight : OnEvent EventInfoPack event 915100005
06-22 11:24:32.391  1045  1045 I BufferQueueProducer: [com.dibay.app/com.dibay.app.MainActivity#31171](this:0xb400007acb0e2610,id:-1,api:0,p:-1,c:1045) queueBuffer: fps=46.97 dur=1000.68 max=34.11 min=15.47
06-22 11:24:32.493  1139  1251 D connsyslogger: SD_LOG_ROOT is /data/debuglogger/connsyslog/fw.
06-22 11:24:32.493  1139  1251 D connsyslogger: systemReady:1
06-22 11:24:32.563  1045  1537 W libc    : Access denied finding property "ro.vendor.display.max_hdr_luminance"
06-22 11:24:32.678   960  1431 I android.hardware.audio.service-aidl.mediatek: misoundfx process numSamples: 48
06-22 11:24:32.717  1673  1907 D MiuiWifiCommonBase: band: 1, compensate: 0
06-22 11:24:32.719  1673  1907 E AmlWifiScoreReportInjector: AmlWifiScoreReportInjector was cleared
06-22 11:24:32.719  1673  1907 D WifiOptimizationImpl: AmlWifiScoreReportInjector.get() = null, stop reportTxBadOrRetryEvent
06-22 11:24:32.763  1045  1537 W libc    : Access denied finding property "ro.vendor.display.max_hdr_luminance"
06-22 11:24:32.806 30727  3562 D AudioTrackImpl: [audioTrackData][zero] 2s(f:6713 m:3 s:0 k:0 z:2000) : pid 30727 uid 10307 sessionId 50433 sr 48000 ch 2 fmt 5
06-22 11:24:32.911  3695  4248 D JavaheapMonitor: Java heap used=2M max=256M, proc: com.google.android.providers.media.module
06-22 11:24:32.912  3695  4248 V JavaheapMonitor: Check java heap usage finished! Next check delay: 300000
06-22 11:24:32.978   970   982 I hwcomposer: [HWCDisplay] (0 updateFps():3644), (type:1, mode:2) fps:46.196526,dur:1017.39,max:34.47,min:13.46  
06-22 11:24:32.980  1045  1537 W libc    : Access denied finding property "ro.vendor.display.max_hdr_luminance"
06-22 11:24:33.039  1180  1236 I misight : OnEvent EventPrivacyCompliance event=911001001
06-22 11:24:33.039  1180  1236 D misight : ProcessEvent devVersion==OS3.0.302.0.WHYMIXM,faultLevel=2,prv=3 region=eea
06-22 11:24:33.040  1180  1236 I misight : OnEvent EventStorageManager event=911001001,2
06-22 11:24:33.040  1180  1236 D misight : ProcessNewDayEvent event happen time 1782098673,start time=1782057600,restart=1
06-22 11:24:33.040  1180  1236 D misight : ProcessNewDayEvent event happen time 1782098673, last=1782098672,start time=1782057600,next day =1782144000, interval=86400
06-22 11:24:33.040  1180  1236 D misight : Execute start execute sql /data/miuilog/misight/event.db:select id,event_id,daily_cnt,over_cnt,hour_cnt,next_expire_time,last_happen_time,last_log_time from event_daily where event_id = '911001001' limit 1
06-22 11:24:33.040  1180  1236 D misight : DetectDropByTime event 911001001 parser maxCnt=200 lastTime=1782097229 same=0, overCnt=44252,dailyCnt=186,hourCnt=1
06-22 11:24:33.040  1180  1236 I misight : DetectDropEvent event 911001001 over hour cnt drop it, hourCnt=2 halfCnt=1, maxCnt=200 punishSecond=3237,space=1444
06-22 11:24:33.040  1180  1236 D misight : Execute start execute sql /data/miuilog/misight/event.db:update event_daily set  daily_cnt=186, hour_cnt=1, next_expire_time=1782100829, over_cnt=44253, last_happen_time=1782097229, last_log_time=0  where id = '1'
06-22 11:24:33.042  1180  1236 I misight : OnEvent EventInfoPack event 911001001
06-22 11:24:33.047  1180  1236 I misight : OnEvent EventPrivacyCompliance event=811001001
06-22 11:24:33.048  1180  1236 D misight : ProcessEvent devVersion==OS3.0.302.0.WHYMIXM,faultLevel=2,prv=3 region=eea
06-22 11:24:33.048  1180  1236 I misight : OnEvent EventStorageManager event=811001001,3
06-22 11:24:33.048  1180  1236 D misight : ProcessNewDayEvent event happen time 1782098673,start time=1782057600,restart=1
06-22 11:24:33.048  1180  1236 D misight : ProcessNewDayEvent event happen time 1782098673, last=1782098673,start time=1782057600,next day =1782144000, interval=86400
06-22 11:24:33.048  1180  1236 D misight : Execute start execute sql /data/miuilog/misight/event.db:select id,event_id,daily_cnt,over_cnt,hour_cnt,next_expire_time,last_happen_time,last_log_time from event_daily where event_id = '811001001' limit 1
06-22 11:24:33.049  1180  1236 D misight : DetectDropByTime event 811001001 parser maxCnt=200 lastTime=1782097229 same=0, overCnt=44252,dailyCnt=186,hourCnt=1
06-22 11:24:33.049  1180  1236 I misight : DetectDropEvent event 811001001 over hour cnt drop it, hourCnt=2 halfCnt=1, maxCnt=200 punishSecond=3237,space=1444
06-22 11:24:33.049  1180  1236 D misight : Execute start execute sql /data/miuilog/misight/event.db:update event_daily set  daily_cnt=186, hour_cnt=1, next_expire_time=1782100829, over_cnt=44253, last_happen_time=1782097229, last_log_time=0  where id = '2'
06-22 11:24:33.050  1180  1236 I misight : OnEvent EventInfoPack event 811001001
06-22 11:24:33.113  2388  2891 D SatelliteController: iisInCarrierRoamingNbIotNtn: satellite is disabled
06-22 11:24:33.116  2388  2388 W Settings: Setting airplane_mode_on has moved from android.provider.Settings.System to android.provider.Settings.Global, returning read-only value.
06-22 11:24:33.121  2388  2918 D MiuiTelephonyDFS: msg.what = 2
06-22 11:24:33.121  2388  2918 D MiuiTelephonyDFS: getVoiceRat = 13
06-22 11:24:33.121  2388  2918 D MiuiTelephonyDFS: getRsrp = -99
06-22 11:24:33.121  2388  2918 D MiuiTelephonyDFS: getVoiceRat = 13
06-22 11:24:33.122  2388  3108 D HighSpeedTrainModeController: msg.what = 10
06-22 11:24:33.122  2388  2918 D MiuiTelephonyDFS: getSnr = -3
06-22 11:24:33.122  2388  3107 D NetworkSpeedTracker: updateSignalInfo lteRsrp=-99lteSnr=-3,phoneId=0
06-22 11:24:33.122  2388  2918 D MiSight::  constructEvent id=915100005
06-22 11:24:33.123  2388  2918 D MiSight::  sendEvent id=915100005
06-22 11:24:33.124  2388  2918 D MiSightJni: MiSight: Java_com_miui_misight_MiSight_nativeSendEvent enter called. '{"SNRValue":-3}'
06-22 11:24:33.124  2388  2918 D MiEvent : MiEvent: this 0x763f073e20, paylod=0xb4000078c14ae680
06-22 11:24:33.124  2388  2918 D MiEvent : flatten EventId 915100005 -t 1782098673 -paraList {"SNRValue":-3}
06-22 11:24:33.124  2388  2918 D MiEvent : report:EventId 915100005 -t 1782098673 -paraList {"SNRValue":-3} success
06-22 11:24:33.124  2388  2918 D MiEvent : ~MiEvent: this 0x763f073e20, paylod=0xb4000078c14ae680
06-22 11:24:33.124  1180  1236 I misight : OnEvent EventPrivacyCompliance event=915100005
06-22 11:24:33.124  1180  1236 D misight : ProcessEvent devVersion==OS3.0.302.0.WHYMIXM,faultLevel=2,prv=3 region=eea
06-22 11:24:33.124  1180  1236 I misight : OnEvent EventStorageManager event=915100005,3
06-22 11:24:33.124  1180  1236 D misight : ProcessNewDayEvent event happen time 1782098673,start time=1782057600,restart=1
06-22 11:24:33.124  1180  1236 D misight : ProcessNewDayEvent event happen time 1782098673, last=1782098673,start time=1782057600,next day =1782144000, interval=86400
06-22 11:24:33.125  1180  1236 D misight : Execute start execute sql /data/miuilog/misight/event.db:select id,event_id,daily_cnt,over_cnt,hour_cnt,next_expire_time,last_happen_time,last_log_time from event_daily where event_id = '915100005' limit 1
06-22 11:24:33.125  1180  1236 D misight : DetectDropByTime event 915100005 parser maxCnt=200 lastTime=1782098553 same=0, overCnt=27759,dailyCnt=178,hourCnt=1
06-22 11:24:33.125  1180  1236 I misight : DetectDropEvent event 915100005 over hour cnt drop it, hourCnt=2 halfCnt=1, maxCnt=200 punishSecond=2060,space=120
06-22 11:24:33.125  1180  1236 D misight : Execute start execute sql /data/miuilog/misight/event.db:update event_daily set  daily_cnt=178, hour_cnt=1, next_expire_time=1782102153, over_cnt=27760, last_happen_time=1782098553, last_log_time=0  where id = '4'
06-22 11:24:33.127  1180  1236 I misight : OnEvent EventInfoPack event 915100005
06-22 11:24:33.182  1045  1537 W libc    : Access denied finding property "ro.vendor.display.max_hdr_luminance"
06-22 11:24:33.292  1004  1077 I libPerfCtl: xgfGetFPS pid:2402 fps:-1
06-22 11:24:33.292  1004  1077 I libPerfCtl: xgfGetFPS pid:30727 fps:-1
06-22 11:24:33.392  1045  1045 I BufferQueueProducer: [com.dibay.app/com.dibay.app.MainActivity#31171](this:0xb400007acb0e2610,id:-1,api:0,p:-1,c:1045) queueBuffer: fps=47.96 dur=1000.93 max=33.85 min=15.88
06-22 11:24:33.398  1045  1537 W libc    : Access denied finding property "ro.vendor.display.max_hdr_luminance"
06-22 11:24:33.595 10084 10229 D JavaheapMonitor: Java heap used=2M max=256M, proc: com.google.android.adservices.api
06-22 11:24:33.596 10084 10229 V JavaheapMonitor: Check java heap usage finished! Next check delay: 300000
06-22 11:24:33.613  4061  4628 W BluetoothMetricsLogger: MetricsLogger isn't initialized
06-22 11:24:33.614  4061  4628 W BluetoothMetricsLogger: MetricsLogger isn't initialized
06-22 11:24:33.614  4061  4628 V BtGatt.ScanController: onScanResult() - eventType=0x0, addressType=1, address=XX:XX:XX:XX:EF:DB, primaryPhy=1, secondaryPhy=1, advertisingSid=0x1, txPower=127, rssi=-40, periodicAdvInt=0x0, originalAddress=00:00:00:00:00:00
06-22 11:24:33.614  4061  4628 V BtGatt.ScanController: Skipping client: permission=true matches=false
06-22 11:24:33.631  1045  1537 W libc    : Access denied finding property "ro.vendor.display.max_hdr_luminance"
06-22 11:24:33.676   960  1431 I android.hardware.audio.service-aidl.mediatek: misoundfx process numSamples: 48
06-22 11:24:33.703  1241  1241 I thermal_src: recvmsg_expect 5, but get 2 
06-22 11:24:33.703  1241  1241 V thermal_src: TA_DAEMON_CMD_GET_TPCB:ERROR ret=-1
06-22 11:24:33.703  1241  1241 E thermal_src: get_tpcb_from_kernel:error -1. retry...
06-22 11:24:33.703  1241  1241 I thermal_src: recvmsg_expect 5, but get 2 
06-22 11:24:33.703  1241  1241 V thermal_src: TA_DAEMON_CMD_GET_TPCB:ERROR ret=-1
06-22 11:24:33.703  1241  1241 E thermal_src: get_tpcb_from_kernel:error -1. retry...
06-22 11:24:33.704  1241  1241 I thermal_src: recvmsg_expect 5, but get 2 
06-22 11:24:33.704  1241  1241 V thermal_src: TA_DAEMON_CMD_GET_TPCB:ERROR ret=-1
06-22 11:24:33.704  1241  1241 E thermal_src: get_tpcb_from_kernel:error -1. retry...
06-22 11:24:33.704  1241  1241 I thermal_src: recvmsg_expect 4, but get 5 
06-22 11:24:33.704  1241  1241 V thermal_src: TA_DAEMON_CMD_SET_TTJ:ERROR ret=-1
06-22 11:24:33.704  1241  1241 E thermal_src: set_ttj_to_kernel 1:error -1
06-22 11:24:33.704  1241  1241 I thermal_src: recvmsg_expect 2, but get 5 
06-22 11:24:33.704  1241  1241 V thermal_src: waiting NOTIFY from kernel miss, -1
06-22 11:24:33.704  1241  1241 I thermal_src: recvmsg_expect 2, but get 5 
06-22 11:24:33.704  1241  1241 V thermal_src: waiting NOTIFY from kernel miss, -1
06-22 11:24:33.704  1241  1241 I thermal_src: recvmsg_expect 2, but get 4 
06-22 11:24:33.704  1241  1241 V thermal_src: waiting NOTIFY from kernel miss, -1
06-22 11:24:33.713  2085  2717 D JavaheapMonitor: Java heap used=16M max=512M, proc: com.miui.home
06-22 11:24:33.713  2085  2717 V JavaheapMonitor: Check java heap usage finished! Next check delay: 300000
06-22 11:24:33.782  1673  1721 D JavaheapMonitor: Java heap used=92M max=512M, proc: system_server
06-22 11:24:33.782  1673  1721 V JavaheapMonitor: Check java heap usage finished! Next check delay: 300000
06-22 11:24:33.865  1045  1537 W libc    : Access denied finding property "ro.vendor.display.max_hdr_luminance"
06-22 11:24:33.978   970   982 I hwcomposer: [HWCDisplay] (0 updateFps():3644), (type:1, mode:2) fps:46.990658,dur:1000.20,max:34.98,min:14.88  
06-22 11:24:34.063  5692  7212 D powerkeeper.dfsobserve: board ready to handle temperature change
06-22 11:24:34.081  1045  1537 W libc    : Access denied finding property "ro.vendor.display.max_hdr_luminance"
06-22 11:24:34.131  1673  2818 D PerfShielderService: com.dibay.app|com.dibay.app/com.dibay.app.MainActivity|2591|651089587444422|59|5|120
06-22 11:24:34.132  3805 16069 W MiuiPerfServiceClient: interceptAndQueuing:30727|com.dibay.app|2591|59|651089587444422|Slow issue draw commands|120
06-22 11:24:34.204  1673  1960 D GreezeManager: Uid 10307 was show on screen, skip it
06-22 11:24:34.204  1673  1960 D PolicyMaker: uid =10307 pkg=com.dibay.app reason=VISIBLE_APP
06-22 11:24:34.292  1004  1077 I libPerfCtl: xgfGetFPS pid:2402 fps:-1
06-22 11:24:34.292  1004  1077 I libPerfCtl: xgfGetFPS pid:30727 fps:-1
06-22 11:24:34.301  1045  1537 W libc    : Access denied finding property "ro.vendor.display.max_hdr_luminance"
06-22 11:24:34.409  1045  1045 I BufferQueueProducer: [com.dibay.app/com.dibay.app.MainActivity#31171](this:0xb400007acb0e2610,id:-1,api:0,p:-1,c:1045) queueBuffer: fps=43.27 dur=1016.89 max=33.99 min=15.96
06-22 11:24:34.429 32406 32432 D JavaheapMonitor: Java heap used=2M max=512M, proc: android.process.acore
06-22 11:24:34.429 32406 32432 V JavaheapMonitor: Check java heap usage finished! Next check delay: 300000
06-22 11:24:34.494  1139  1251 D connsyslogger: SD_LOG_ROOT is /data/debuglogger/connsyslog/fw.
06-22 11:24:34.494  1139  1251 D connsyslogger: systemReady:1
06-22 11:24:34.532  1045  1537 W libc    : Access denied finding property "ro.vendor.display.max_hdr_luminance"
06-22 11:24:34.609 30727  3562 D AudioTrackImpl: [audioTrackData][zero] 1s(f:7080 m:3 s:0 k:0 z:1003) : pid 30727 uid 10307 sessionId 50433 sr 48000 ch 2 fmt 5
06-22 11:24:34.678   960  1431 I android.hardware.audio.service-aidl.mediatek: misoundfx process numSamples: 48
06-22 11:24:34.764  1045  1537 W libc    : Access denied finding property "ro.vendor.display.max_hdr_luminance"
06-22 11:24:34.966  4061  4628 W BluetoothMetricsLogger: MetricsLogger isn't initialized
06-22 11:24:34.967  4061  4628 W BluetoothMetricsLogger: MetricsLogger isn't initialized
06-22 11:24:34.967  4061  4628 V BtGatt.ScanController: onScanResult() - eventType=0x0, addressType=1, address=XX:XX:XX:XX:EF:DB, primaryPhy=1, secondaryPhy=1, advertisingSid=0x1, txPower=127, rssi=-40, periodicAdvInt=0x0, originalAddress=00:00:00:00:00:00
06-22 11:24:34.967  4061  4628 V BtGatt.ScanController: Skipping client: permission=true matches=false
06-22 11:24:34.996   970   982 I hwcomposer: [HWCDisplay] (0 updateFps():3644), (type:1, mode:2) fps:45.196312,dur:1017.78,max:35.29,min:14.48  
06-22 11:24:34.998  1045  1537 W libc    : Access denied finding property "ro.vendor.display.max_hdr_luminance"
06-22 11:24:35.074  1180  1236 I misight : OnEvent EventPrivacyCompliance event=911001001
06-22 11:24:35.074  1180  1236 D misight : ProcessEvent devVersion==OS3.0.302.0.WHYMIXM,faultLevel=2,prv=3 region=eea
06-22 11:24:35.074  1180  1236 I misight : OnEvent EventStorageManager event=911001001,2
06-22 11:24:35.075  1180  1236 D misight : ProcessNewDayEvent event happen time 1782098675,start time=1782057600,restart=1
06-22 11:24:35.075  1180  1236 D misight : ProcessNewDayEvent event happen time 1782098675, last=1782098673,start time=1782057600,next day =1782144000, interval=86400
06-22 11:24:35.075  1180  1236 D misight : Execute start execute sql /data/miuilog/misight/event.db:select id,event_id,daily_cnt,over_cnt,hour_cnt,next_expire_time,last_happen_time,last_log_time from event_daily where event_id = '911001001' limit 1
06-22 11:24:35.076  1180  1236 D misight : DetectDropByTime event 911001001 parser maxCnt=200 lastTime=1782097229 same=0, overCnt=44253,dailyCnt=186,hourCnt=1
06-22 11:24:35.076  1180  1236 I misight : DetectDropEvent event 911001001 over hour cnt drop it, hourCnt=2 halfCnt=1, maxCnt=200 punishSecond=3237,space=1446
06-22 11:24:35.076  1180  1236 D misight : Execute start execute sql /data/miuilog/misight/event.db:update event_daily set  daily_cnt=186, hour_cnt=1, next_expire_time=1782100829, over_cnt=44254, last_happen_time=1782097229, last_log_time=0  where id = '1'
06-22 11:24:35.080  1180  1236 I misight : OnEvent EventInfoPack event 911001001
06-22 11:24:35.082  1180  1236 I misight : OnEvent EventPrivacyCompliance event=811001001
06-22 11:24:35.082  1180  1236 D misight : ProcessEvent devVersion==OS3.0.302.0.WHYMIXM,faultLevel=2,prv=3 region=eea
06-22 11:24:35.082  1180  1236 I misight : OnEvent EventStorageManager event=811001001,3
06-22 11:24:35.083  1180  1236 D misight : ProcessNewDayEvent event happen time 1782098675,start time=1782057600,restart=1
06-22 11:24:35.083  1180  1236 D misight : ProcessNewDayEvent event happen time 1782098675, last=1782098675,start time=1782057600,next day =1782144000, interval=86400
06-22 11:24:35.083  1180  1236 D misight : Execute start execute sql /data/miuilog/misight/event.db:select id,event_id,daily_cnt,over_cnt,hour_cnt,next_expire_time,last_happen_time,last_log_time from event_daily where event_id = '811001001' limit 1
06-22 11:24:35.083  1180  1236 D misight : DetectDropByTime event 811001001 parser maxCnt=200 lastTime=1782097229 same=0, overCnt=44253,dailyCnt=186,hourCnt=1
06-22 11:24:35.083  1180  1236 I misight : DetectDropEvent event 811001001 over hour cnt drop it, hourCnt=2 halfCnt=1, maxCnt=200 punishSecond=3237,space=1446
06-22 11:24:35.084  1180  1236 D misight : Execute start execute sql /data/miuilog/misight/event.db:update event_daily set  daily_cnt=186, hour_cnt=1, next_expire_time=1782100829, over_cnt=44254, last_happen_time=1782097229, last_log_time=0  where id = '2'
06-22 11:24:35.085  1180  1236 I misight : OnEvent EventInfoPack event 811001001
06-22 11:24:35.199  1045  1537 W libc    : Access denied finding property "ro.vendor.display.max_hdr_luminance"
06-22 11:24:35.260  1226  1640 D ULogGuard: Monitoring: 7 threads, 0 requests, 0 time-bombs; 15 guards. ResetFlags = 0x7
06-22 11:24:35.292  1004  1077 I libPerfCtl: xgfGetFPS pid:2402 fps:-1
06-22 11:24:35.293  1004  1077 I libPerfCtl: xgfGetFPS pid:30727 fps:-1
06-22 11:24:35.410  1045  1045 I BufferQueueProducer: [com.dibay.app/com.dibay.app.MainActivity#31171](this:0xb400007acb0e2610,id:-1,api:0,p:-1,c:1045) queueBuffer: fps=45.94 dur=1001.29 max=34.07 min=15.59
06-22 11:24:35.418  1045  1537 W libc    : Access denied finding property "ro.vendor.display.max_hdr_luminance"
06-22 11:24:35.456  1241  1241 I thermal_src: recvmsg_expect 5, but get 2 
06-22 11:24:35.456  1241  1241 V thermal_src: TA_DAEMON_CMD_GET_TPCB:ERROR ret=-1
06-22 11:24:35.456  1241  1241 E thermal_src: get_tpcb_from_kernel:error -1. retry...
06-22 11:24:35.456  1241  1241 I thermal_src: recvmsg_expect 5, but get 2 
06-22 11:24:35.456  1241  1241 V thermal_src: TA_DAEMON_CMD_GET_TPCB:ERROR ret=-1
06-22 11:24:35.456  1241  1241 E thermal_src: get_tpcb_from_kernel:error -1. retry...
06-22 11:24:35.456  1241  1241 I thermal_src: recvmsg_expect 5, but get 2 
06-22 11:24:35.456  1241  1241 V thermal_src: TA_DAEMON_CMD_GET_TPCB:ERROR ret=-1
06-22 11:24:35.456  1241  1241 E thermal_src: get_tpcb_from_kernel:error -1. retry...
06-22 11:24:35.456  1241  1241 I thermal_src: recvmsg_expect 4, but get 5 
06-22 11:24:35.456  1241  1241 V thermal_src: TA_DAEMON_CMD_SET_TTJ:ERROR ret=-1
06-22 11:24:35.456  1241  1241 E thermal_src: set_ttj_to_kernel 1:error -1
06-22 11:24:35.456  1241  1241 I thermal_src: recvmsg_expect 2, but get 5 
06-22 11:24:35.456  1241  1241 V thermal_src: waiting NOTIFY from kernel miss, -1
06-22 11:24:35.456  1241  1241 I thermal_src: recvmsg_expect 2, but get 5 
06-22 11:24:35.456  1241  1241 V thermal_src: waiting NOTIFY from kernel miss, -1
06-22 11:24:35.456  1241  1241 I thermal_src: recvmsg_expect 2, but get 4 
06-22 11:24:35.456  1241  1241 V thermal_src: waiting NOTIFY from kernel miss, -1
06-22 11:24:35.517   960  1114 D sixth_if_gift: sixth_vdd_proc : vdd = 4407999 
06-22 11:24:35.520  5692  5830 D JavaheapMonitor: Java heap used=5M max=256M, proc: com.miui.powerkeeper
06-22 11:24:35.520  5692  5830 V JavaheapMonitor: Check java heap usage finished! Next check delay: 300000
06-22 11:24:35.611 30727  3562 D AudioTrackImpl: [audioTrackData][zero] 2s(f:7080 m:3 s:0 k:0 z:2005) : pid 30727 uid 10307 sessionId 50433 sr 48000 ch 2 fmt 5
06-22 11:24:35.648  1045  1537 W libc    : Access denied finding property "ro.vendor.display.max_hdr_luminance"
06-22 11:24:35.681   960  1431 I android.hardware.audio.service-aidl.mediatek: misoundfx process numSamples: 48
06-22 11:24:35.696  1223  1247 E WifiStandalone: conditional wait timedout
06-22 11:24:35.703  1241  1241 I thermal_src: recvmsg_expect 5, but get 2 
06-22 11:24:35.703  1241  1241 V thermal_src: TA_DAEMON_CMD_GET_TPCB:ERROR ret=-1
06-22 11:24:35.704  1241  1241 E thermal_src: get_tpcb_from_kernel:error -1. retry...
06-22 11:24:35.704  1241  1241 I thermal_src: recvmsg_expect 5, but get 2 
06-22 11:24:35.704  1241  1241 V thermal_src: TA_DAEMON_CMD_GET_TPCB:ERROR ret=-1
06-22 11:24:35.704  1241  1241 E thermal_src: get_tpcb_from_kernel:error -1. retry...
06-22 11:24:35.704  1241  1241 I thermal_src: recvmsg_expect 4, but get 2 
06-22 11:24:35.704  1241  1241 V thermal_src: TA_DAEMON_CMD_SET_TTJ:ERROR ret=-1
06-22 11:24:35.704  1241  1241 E thermal_src: set_ttj_to_kernel 1:error -1
06-22 11:24:35.704  1241  1241 I thermal_src: recvmsg_expect 2, but get 5 
06-22 11:24:35.704  1241  1241 V thermal_src: waiting NOTIFY from kernel miss, -1
06-22 11:24:35.704  1241  1241 I thermal_src: recvmsg_expect 2, but get 5 
06-22 11:24:35.704  1241  1241 V thermal_src: waiting NOTIFY from kernel miss, -1
06-22 11:24:35.704  1241  1241 I thermal_src: recvmsg_expect 2, but get 4 
06-22 11:24:35.704  1241  1241 V thermal_src: waiting NOTIFY from kernel miss, -1
06-22 11:24:35.732  1673  1907 D MiuiWifiCommonBase: band: 1, compensate: 0
06-22 11:24:35.735  1673  1907 E AmlWifiScoreReportInjector: AmlWifiScoreReportInjector was cleared
06-22 11:24:35.735  1673  1907 D WifiOptimizationImpl: AmlWifiScoreReportInjector.get() = null, stop reportTxBadOrRetryEvent
06-22 11:24:35.752  2402  2402 D ControlCenterHeaderExpandController: onExpansionChanged: progress =  0.0
06-22 11:24:35.753  2402  2402 D ControlCenterHeaderExpandController: onExpansionChanged: progress =  0.0
06-22 11:24:35.753  2402  2402 D ControlCenterHeaderExpandController: onExpansionChanged: progress =  0.0
06-22 11:24:35.762  1045  1045 I BufferQueueProducer: [StatusBar#123](this:0xb400007acb0c0350,id:-1,api:0,p:-1,c:1045) queueBuffer: fps=0.11 dur=9041.10 max=9041.10 min=9041.10
06-22 11:24:35.793  5692 26771 D powerkeeper.dfsmutstart: it is board temp report time, so just update top use apk, foreground is com.dibay.app duration is 257.0
06-22 11:24:35.793  5692 26771 D powerkeeper.dfsmutstart: Key: com.dibay.app, Value: 449.0;Key: com.miui.home, Value: 148.0;Key: com.miui.securitycenter, Value: 0.0
06-22 11:24:35.793  5692 26771 D MiSight::  sendEvent id=905001001
06-22 11:24:35.793  5692 26771 D MiSightJni: MiSight: Java_com_miui_misight_MiSight_nativeSendEvent enter called. '{"time":"11:24:35","broadTemp":28615,"packageName":"com.dibay.app","scenarioName":"normal","packageNames":"Key: com.dibay.app, Value: 449.0;Key: com.miui.home, Value: 148.0;Key: com.miui.securitycenter, Value: 0.0"}'
06-22 11:24:35.793  5692 26771 D MiEvent : MiEvent: this 0x7674ff7cb0, paylod=0xb4000078c14cf920
06-22 11:24:35.794  5692 26771 D MiEvent : flatten EventId 905001001 -t 1782098675 -paraList {"broadTemp":28615,"packageName":"com.dibay.app","packageNames":"Key: com.dibay.app, Value: 449.0;Key: com.miui.home, Value: 148.0;Key: com.miui.securitycenter, Value: 0.0","scenarioName":"normal","time":"11:24:35"}
06-22 11:24:35.794  5692 26771 D MiEvent : report:EventId 905001001 -t 1782098675 -paraList {"broadTemp":28615,"packageName":"com.dibay.app","packageNames":"Key: com.dibay.app, Value: 449.0;Key: com.miui.home, Value: 148.0;Key: com.miui.securitycenter, Value: 0.0","scenarioName":"normal","time":"11:24:35"} success
06-22 11:24:35.794  5692 26771 D MiEvent : ~MiEvent: this 0x7674ff7cb0, paylod=0xb4000078c14cf920
06-22 11:24:35.794  1180  1236 I misight : OnEvent EventPrivacyCompliance event=905001001
06-22 11:24:35.794  1180  1236 D misight : ProcessEvent devVersion==OS3.0.302.0.WHYMIXM,faultLevel=2,prv=3 region=eea
06-22 11:24:35.795  1180  1236 I misight : OnEvent EventStorageManager event=905001001,3
06-22 11:24:35.795  1180  1236 D misight : ProcessNewDayEvent event happen time 1782098675,start time=1782057600,restart=1
06-22 11:24:35.795  1180  1236 D misight : ProcessNewDayEvent event happen time 1782098675, last=1782098675,start time=1782057600,next day =1782144000, interval=86400
06-22 11:24:35.795  1180  1236 D misight : Execute start execute sql /data/miuilog/misight/event.db:select id,event_id,daily_cnt,over_cnt,hour_cnt,next_expire_time,last_happen_time,last_log_time from event_daily where event_id = '905001001' limit 1
06-22 11:24:35.795  1180  1236 D misight : DetectDropByTime event 905001001 parser maxCnt=200 lastTime=1782097475 same=0, overCnt=54,dailyCnt=158,hourCnt=1
06-22 11:24:35.796  1180  1236 D misight : IsPluginInPipeline not find plugin EventLogProcessor
06-22 11:24:35.796  1180  1236 D misight : CheckAndGetLogTime plugin log catch not exist, no check upload xml
06-22 11:24:35.796  1180  1236 D misight : Execute start execute sql /data/miuilog/misight/event.db:update event_daily set  daily_cnt=159, hour_cnt=2, next_expire_time=1782101075, over_cnt=54, last_happen_time=1782098675, last_log_time=0  where id = '6'
06-22 11:24:35.798  1180  1236 D misight : Execute start execute sql /data/miuilog/misight/event.db:select id,occured_cnt from event_info where event_id = '905001001' and version_id = '3' and param_list = '{"broadTemp":28615,"packageName":"com.dibay.app","packageNames":"Key: com.dibay.app, Value: 449.0;Key: com.miui.home, Value: 148.0;Key: com.miui.securitycenter, Value: 0.0","scenarioName":"normal","time":"11:24:35"}' and time_id = '127' limit 1
06-22 11:24:35.807  1180  1236 D misight : Execute start execute sql /data/miuilog/misight/event.db:insert into event_info (event_id,version_id,occured_cnt,first_time,param_list,expire,visible,time_id)  values ( 905001001,3,1,1782098675,'{"broadTemp":28615,"packageName":"com.dibay.app","packageNames":"Key: com.dibay.app, Value: 449.0;Key: com.miui.home, Value: 148.0;Key: com.miui.securitycenter, Value: 0.0","scenarioName":"normal","time":"11:24:35"}',0,0,127) 
06-22 11:24:35.809  1180  1236 I misight : OnEvent EventInfoPack event 905001001
06-22 11:24:35.839  1673  1742 D AurogonBandwidthController: skinTemperature:29.524
06-22 11:24:35.882  1045  1537 W libc    : Access denied finding property "ro.vendor.display.max_hdr_luminance"
06-22 11:24:35.916   961   961 D [BT]    : mtk_bt_op: BT_VND_OP_LPM_WAKE_SET_STATE
06-22 11:24:35.917  1228  1228 I thermal_repeater: [recvMdThermalInfo] ret=26, strLen=127,  3, 36, -50, 196, 32767, 0
06-22 11:24:35.924  4061  4576 I bluetooth: [le_address_manager.cc(536)] GetNextPrivateAddressIntervalRange: nonwake=7m19s, wake=13m23s
06-22 11:24:35.928   961   961 D android.hardware.bluetooth@aidl-impl: BtHostDebugInfo
06-22 11:24:35.928   961   961 D [BT]    : mtk_bt_op: BT_VND_OP_SET_BTHOST
06-22 11:24:35.932  4061  4576 I bluetooth: [le_address_manager.cc(709)] OnCommandComplete: Received command complete with op_code LE_SET_RANDOM_ADDRESS(0x2005)
06-22 11:24:35.933  4061  4576 I bluetooth: [le_address_manager.cc(730)] OnCommandComplete: update random address : xx:xx:xx:xx:e7:95
06-22 11:24:35.934  4061  4576 I bluetooth: [le_address_manager.cc(358)] resume_registered_clients: Resuming registered clients
06-22 11:24:35.936  4061  4576 I bluetooth: [le_scanning_manager.cc(675)] stop_scan: Scanning already stopped, return!
06-22 11:24:35.939   961   961 D android.hardware.bluetooth@aidl-impl: BtHostDebugInfo
06-22 11:24:35.939   961   961 D [BT]    : mtk_bt_op: BT_VND_OP_SET_BTHOST
06-22 11:24:35.997   970   982 I hwcomposer: [HWCDisplay] (0 updateFps():3644), (type:1, mode:2) fps:47.940674,dur:1001.24,max:35.74,min:14.20  
06-22 11:24:36.039  4061  4628 W BluetoothMetricsLogger: MetricsLogger isn't initialized
06-22 11:24:36.039  4061  4628 W BluetoothMetricsLogger: MetricsLogger isn't initialized
06-22 11:24:36.039  4061  4628 V BtGatt.ScanController: onScanResult() - eventType=0x0, addressType=1, address=XX:XX:XX:XX:EF:DB, primaryPhy=1, secondaryPhy=1, advertisingSid=0x1, txPower=127, rssi=-39, periodicAdvInt=0x0, originalAddress=00:00:00:00:00:00
06-22 11:24:36.039  4061  4628 V BtGatt.ScanController: Skipping client: permission=true matches=false
06-22 11:24:36.115  1045  1537 W libc    : Access denied finding property "ro.vendor.display.max_hdr_luminance"
06-22 11:24:36.283  1673  1960 D ActionExecute: setPkgData uid = 10307 time=8000
06-22 11:24:36.292  1004  1077 I libPerfCtl: xgfGetFPS pid:2402 fps:-1
06-22 11:24:36.293  1004  1077 I libPerfCtl: xgfGetFPS pid:30727 fps:-1
06-22 11:24:36.315  1045  1537 W libc    : Access denied finding property "ro.vendor.display.max_hdr_luminance"
06-22 11:24:36.411  1045  1045 I BufferQueueProducer: [com.dibay.app/com.dibay.app.MainActivity#31171](this:0xb400007acb0e2610,id:-1,api:0,p:-1,c:1045) queueBuffer: fps=51.97 dur=1000.59 max=33.70 min=15.96
06-22 11:24:36.494  1139  1251 D connsyslogger: SD_LOG_ROOT is /data/debuglogger/connsyslog/fw.
06-22 11:24:36.494  1139  1251 D connsyslogger: systemReady:1
06-22 11:24:36.520  1045  1537 W libc    : Access denied finding property "ro.vendor.display.max_hdr_luminance"
06-22 11:24:36.639  3840  6052 D JavaheapMonitor: Java heap used=2M max=256M, proc: com.xiaomi.touchservice
06-22 11:24:36.639  3840  6052 V JavaheapMonitor: Check java heap usage finished! Next check delay: 300000
06-22 11:24:36.648  1673  2818 D PerfShielderService: com.dibay.app|com.dibay.app/com.dibay.app.MainActivity|2556|651092104476730|66|5|120
06-22 11:24:36.649  3805 16069 W MiuiPerfServiceClient: interceptAndQueuing:30727|com.dibay.app|2556|66|651092104476730|Slow issue draw commands|120
06-22 11:24:36.678   960  1431 I android.hardware.audio.service-aidl.mediatek: misoundfx process numSamples: 48
06-22 11:24:36.733  1045  1537 W libc    : Access denied finding property "ro.vendor.display.max_hdr_luminance"
06-22 11:24:36.951  1045  1537 W libc    : Access denied finding property "ro.vendor.display.max_hdr_luminance"
06-22 11:24:36.999   970   982 I hwcomposer: [HWCDisplay] (0 updateFps():3644), (type:1, mode:2) fps:49.918839,dur:1001.63,max:37.19,min:13.30  
06-22 11:24:37.125  1180  1236 I misight : OnEvent EventPrivacyCompliance event=911001999
06-22 11:24:37.125  1180  1236 D misight : ProcessEvent devVersion==OS3.0.302.0.WHYMIXM,faultLevel=2,prv=3 region=eea
06-22 11:24:37.126  1180  1236 I misight : OnEvent EventStorageManager event=911001999,2
06-22 11:24:37.126  1180  1236 D misight : ProcessNewDayEvent event happen time 1782098677,start time=1782057600,restart=1
06-22 11:24:37.126  1180  1236 D misight : ProcessNewDayEvent event happen time 1782098677, last=1782098675,start time=1782057600,next day =1782144000, interval=86400
06-22 11:24:37.126  1180  1236 D misight : Execute start execute sql /data/miuilog/misight/event.db:select id,event_id,daily_cnt,over_cnt,hour_cnt,next_expire_time,last_happen_time,last_log_time from event_daily where event_id = '911001999' limit 1
06-22 11:24:37.126  1180  1236 D misight : DetectDropByTime event 911001999 parser maxCnt=200 lastTime=1782096525 same=0, overCnt=272,dailyCnt=168,hourCnt=2
06-22 11:24:37.126  1180  1236 I misight : DetectDropEvent event 911001999 over hour cnt drop it, hourCnt=3 halfCnt=1, maxCnt=200 punishSecond=2832,space=2152
06-22 11:24:37.126  1180  1236 D misight : Execute start execute sql /data/miuilog/misight/event.db:update event_daily set  daily_cnt=168, hour_cnt=2, next_expire_time=1782098686, over_cnt=273, last_happen_time=1782096525, last_log_time=0  where id = '3'
06-22 11:24:37.129  1180  1236 I misight : OnEvent EventInfoPack event 911001999
06-22 11:24:37.130  1180  1236 I misight : OnEvent EventPrivacyCompliance event=911001001
06-22 11:24:37.130  1180  1236 D misight : ProcessEvent devVersion==OS3.0.302.0.WHYMIXM,faultLevel=2,prv=3 region=eea
06-22 11:24:37.130  1180  1236 I misight : OnEvent EventStorageManager event=911001001,2
06-22 11:24:37.130  1180  1236 D misight : ProcessNewDayEvent event happen time 1782098677,start time=1782057600,restart=1
06-22 11:24:37.130  1180  1236 D misight : ProcessNewDayEvent event happen time 1782098677, last=1782098677,start time=1782057600,next day =1782144000, interval=86400
06-22 11:24:37.130  1180  1236 D misight : Execute start execute sql /data/miuilog/misight/event.db:select id,event_id,daily_cnt,over_cnt,hour_cnt,next_expire_time,last_happen_time,last_log_time from event_daily where event_id = '911001001' limit 1
06-22 11:24:37.131  1180  1236 D misight : DetectDropByTime event 911001001 parser maxCnt=200 lastTime=1782097229 same=0, overCnt=44254,dailyCnt=186,hourCnt=1
06-22 11:24:37.131  1180  1236 I misight : DetectDropEvent event 911001001 over hour cnt drop it, hourCnt=2 halfCnt=1, maxCnt=200 punishSecond=3237,space=1448
06-22 11:24:37.131  1180  1236 D misight : Execute start execute sql /data/miuilog/misight/event.db:update event_daily set  daily_cnt=186, hour_cnt=1, next_expire_time=1782100829, over_cnt=44255, last_happen_time=1782097229, last_log_time=0  where id = '1'
06-22 11:24:37.134  1180  1236 I misight : OnEvent EventInfoPack event 911001001
06-22 11:24:37.134  1180  1236 I misight : OnEvent EventPrivacyCompliance event=811001001
06-22 11:24:37.134  1180  1236 D misight : ProcessEvent devVersion==OS3.0.302.0.WHYMIXM,faultLevel=2,prv=3 region=eea
06-22 11:24:37.134  1180  1236 I misight : OnEvent EventStorageManager event=811001001,3
06-22 11:24:37.134  1180  1236 D misight : ProcessNewDayEvent event happen time 1782098677,start time=1782057600,restart=1
06-22 11:24:37.134  1180  1236 D misight : ProcessNewDayEvent event happen time 1782098677, last=1782098677,start time=1782057600,next day =1782144000, interval=86400
06-22 11:24:37.134  1180  1236 D misight : Execute start execute sql /data/miuilog/misight/event.db:select id,event_id,daily_cnt,over_cnt,hour_cnt,next_expire_time,last_happen_time,last_log_time from event_daily where event_id = '811001001' limit 1
06-22 11:24:37.135  1180  1236 D misight : DetectDropByTime event 811001001 parser maxCnt=200 lastTime=1782097229 same=0, overCnt=44254,dailyCnt=186,hourCnt=1
06-22 11:24:37.135  1180  1236 I misight : DetectDropEvent event 811001001 over hour cnt drop it, hourCnt=2 halfCnt=1, maxCnt=200 punishSecond=3237,space=1448
06-22 11:24:37.135  1180  1236 D misight : Execute start execute sql /data/miuilog/misight/event.db:update event_daily set  daily_cnt=186, hour_cnt=1, next_expire_time=1782100829, over_cnt=44255, last_happen_time=1782097229, last_log_time=0  where id = '2'
06-22 11:24:37.137  1180  1236 I misight : OnEvent EventInfoPack event 811001001
06-22 11:24:37.184  1045  1537 W libc    : Access denied finding property "ro.vendor.display.max_hdr_luminance"
06-22 11:24:37.293  1004  1077 I libPerfCtl: xgfGetFPS pid:2402 fps:-1
06-22 11:24:37.293  1004  1077 I libPerfCtl: xgfGetFPS pid:30727 fps:-1
06-22 11:24:37.389  4061  4628 W BluetoothMetricsLogger: MetricsLogger isn't initialized
06-22 11:24:37.389  4061  4628 W BluetoothMetricsLogger: MetricsLogger isn't initialized
06-22 11:24:37.389  4061  4628 V BtGatt.ScanController: onScanResult() - eventType=0x0, addressType=1, address=XX:XX:XX:XX:EF:DB, primaryPhy=1, secondaryPhy=1, advertisingSid=0x1, txPower=127, rssi=-40, periodicAdvInt=0x0, originalAddress=00:00:00:00:00:00
06-22 11:24:37.389  4061  4628 V BtGatt.ScanController: Skipping client: permission=true matches=false
06-22 11:24:37.409 30727  3562 D AudioTrackImpl: [audioTrackData][zero] 1s(f:7448 m:3 s:0 k:0 z:1003) : pid 30727 uid 10307 sessionId 50433 sr 48000 ch 2 fmt 5
06-22 11:24:37.412  1045  1045 I BufferQueueProducer: [com.dibay.app/com.dibay.app.MainActivity#31171](this:0xb400007acb0e2610,id:-1,api:0,p:-1,c:1045) queueBuffer: fps=45.96 dur=1000.80 max=35.44 min=14.60
06-22 11:24:37.417  1045  1537 W libc    : Access denied finding property "ro.vendor.display.max_hdr_luminance"
06-22 11:24:37.481  1139  1255 D connsyslogger: data recycle:time out
06-22 11:24:37.481  1139  1255 D connsyslogger: idx=0 Bootup Log: 2 log files! filecount=3 
06-22 11:24:37.491  2388  2891 D SatelliteController: iisInCarrierRoamingNbIotNtn: satellite is disabled
06-22 11:24:37.494  2388  2388 W Settings: Setting airplane_mode_on has moved from android.provider.Settings.System to android.provider.Settings.Global, returning read-only value.
06-22 11:24:37.500  2388  2918 D MiuiTelephonyDFS: msg.what = 2
06-22 11:24:37.500  2388  2918 D MiuiTelephonyDFS: getVoiceRat = 13
06-22 11:24:37.500  2388  2918 D MiuiTelephonyDFS: getRsrp = -98
06-22 11:24:37.500  2388  2918 D MiuiTelephonyDFS: getVoiceRat = 13
06-22 11:24:37.500  2388  2918 D MiuiTelephonyDFS: getSnr = -5
06-22 11:24:37.500  2388  2918 D MiSight::  constructEvent id=915100005
06-22 11:24:37.501  2388  3107 D NetworkSpeedTracker: updateNwSignalInfo not allowed ,ignore
06-22 11:24:37.501  2388  3108 D HighSpeedTrainModeController: msg.what = 10
06-22 11:24:37.502  2388  2918 D MiSight::  sendEvent id=915100005
06-22 11:24:37.502  2388  2918 D MiSightJni: MiSight: Java_com_miui_misight_MiSight_nativeSendEvent enter called. '{"SNRValue":-5}'
06-22 11:24:37.502  2388  2918 D MiEvent : MiEvent: this 0x763f073e20, paylod=0xb4000078c14bf6b0
06-22 11:24:37.502  2388  2918 D MiEvent : flatten EventId 915100005 -t 1782098677 -paraList {"SNRValue":-5}
06-22 11:24:37.502  2388  2918 D MiEvent : report:EventId 915100005 -t 1782098677 -paraList {"SNRValue":-5} success
06-22 11:24:37.502  2388  2918 D MiEvent : ~MiEvent: this 0x763f073e20, paylod=0xb4000078c14bf6b0
06-22 11:24:37.502  1180  1236 I misight : OnEvent EventPrivacyCompliance event=915100005
06-22 11:24:37.503  1180  1236 D misight : ProcessEvent devVersion==OS3.0.302.0.WHYMIXM,faultLevel=2,prv=3 region=eea
06-22 11:24:37.503  1180  1236 I misight : OnEvent EventStorageManager event=915100005,3
06-22 11:24:37.503  1180  1236 D misight : ProcessNewDayEvent event happen time 1782098677,start time=1782057600,restart=1
06-22 11:24:37.503  1180  1236 D misight : ProcessNewDayEvent event happen time 1782098677, last=1782098677,start time=1782057600,next day =1782144000, interval=86400
06-22 11:24:37.503  1180  1236 D misight : Execute start execute sql /data/miuilog/misight/event.db:select id,event_id,daily_cnt,over_cnt,hour_cnt,next_expire_time,last_happen_time,last_log_time from event_daily where event_id = '915100005' limit 1
06-22 11:24:37.503  1180  1236 D misight : DetectDropByTime event 915100005 parser maxCnt=200 lastTime=1782098553 same=0, overCnt=27760,dailyCnt=178,hourCnt=1
06-22 11:24:37.504  1180  1236 I misight : DetectDropEvent event 915100005 over hour cnt drop it, hourCnt=2 halfCnt=1, maxCnt=200 punishSecond=2060,space=124
06-22 11:24:37.504  1180  1236 D misight : Execute start execute sql /data/miuilog/misight/event.db:update event_daily set  daily_cnt=178, hour_cnt=1, next_expire_time=1782102153, over_cnt=27761, last_happen_time=1782098553, last_log_time=0  where id = '4'
06-22 11:24:37.507  1180  1236 I misight : OnEvent EventInfoPack event 915100005
06-22 11:24:37.542  3900  6053 D JavaheapMonitor: Java heap used=1M max=256M, proc: com.mediatek.voicecommand
06-22 11:24:37.542  3900  6053 V JavaheapMonitor: Check java heap usage finished! Next check delay: 300000
06-22 11:24:37.650  1045  1537 W libc    : Access denied finding property "ro.vendor.display.max_hdr_luminance"
06-22 11:24:37.681   960  1431 I android.hardware.audio.service-aidl.mediatek: misoundfx process numSamples: 48
06-22 11:24:37.704  1241  1241 I thermal_src: recvmsg_expect 5, but get 2 
06-22 11:24:37.704  1241  1241 V thermal_src: TA_DAEMON_CMD_GET_TPCB:ERROR ret=-1
06-22 11:24:37.704  1241  1241 E thermal_src: get_tpcb_from_kernel:error -1. retry...
06-22 11:24:37.704  1241  1241 I thermal_src: recvmsg_expect 4, but get 2 
06-22 11:24:37.704  1241  1241 V thermal_src: TA_DAEMON_CMD_SET_TTJ:ERROR ret=-1
06-22 11:24:37.704  1241  1241 E thermal_src: set_ttj_to_kernel 1:error -1
06-22 11:24:37.704  1241  1241 I thermal_src: recvmsg_expect 2, but get 5 
06-22 11:24:37.704  1241  1241 V thermal_src: waiting NOTIFY from kernel miss, -1
06-22 11:24:37.704  1241  1241 I thermal_src: recvmsg_expect 2, but get 4 
06-22 11:24:37.704  1241  1241 V thermal_src: waiting NOTIFY from kernel miss, -1
06-22 11:24:37.887  1045  1537 W libc    : Access denied finding property "ro.vendor.display.max_hdr_luminance"
06-22 11:24:37.999   970   982 I hwcomposer: [HWCDisplay] (0 updateFps():3644), (type:1, mode:2) fps:45.969364,dur:1000.67,max:34.47,min:13.86  
06-22 11:24:38.100  1045  1537 W libc    : Access denied finding property "ro.vendor.display.max_hdr_luminance"
06-22 11:24:38.234  2388  2891 D SatelliteController: iisInCarrierRoamingNbIotNtn: satellite is disabled
06-22 11:24:38.239  2388  2388 W Settings: Setting airplane_mode_on has moved from android.provider.Settings.System to android.provider.Settings.Global, returning read-only value.
06-22 11:24:38.249  2388  3108 D HighSpeedTrainModeController: msg.what = 10
06-22 11:24:38.249  2388  3107 D NetworkSpeedTracker: updateSignalInfo lteRsrp=-99lteSnr=-2,phoneId=0
06-22 11:24:38.249  2388  2918 D MiuiTelephonyDFS: msg.what = 2
06-22 11:24:38.249  2388  2918 D MiuiTelephonyDFS: getVoiceRat = 13
06-22 11:24:38.249  2388  2918 D MiuiTelephonyDFS: getRsrp = -99
06-22 11:24:38.249  2388  2918 D MiuiTelephonyDFS: getVoiceRat = 13
06-22 11:24:38.249  2388  2918 D MiuiTelephonyDFS: getSnr = -2
06-22 11:24:38.249  2388  2918 D MiSight::  constructEvent id=915100005
06-22 11:24:38.250  2388  2918 D MiSight::  sendEvent id=915100005
06-22 11:24:38.250  2388  2918 D MiSightJni: MiSight: Java_com_miui_misight_MiSight_nativeSendEvent enter called. '{"SNRValue":-2}'
06-22 11:24:38.250  2388  2918 D MiEvent : MiEvent: this 0x763f073e20, paylod=0xb4000078c14bf6b0
06-22 11:24:38.250  2388  2918 D MiEvent : flatten EventId 915100005 -t 1782098678 -paraList {"SNRValue":-2}
06-22 11:24:38.250  2388  2918 D MiEvent : report:EventId 915100005 -t 1782098678 -paraList {"SNRValue":-2} success
06-22 11:24:38.250  2388  2918 D MiEvent : ~MiEvent: this 0x763f073e20, paylod=0xb4000078c14bf6b0
06-22 11:24:38.250  1180  1236 I misight : OnEvent EventPrivacyCompliance event=915100005
06-22 11:24:38.251  1180  1236 D misight : ProcessEvent devVersion==OS3.0.302.0.WHYMIXM,faultLevel=2,prv=3 region=eea
06-22 11:24:38.251  1180  1236 I misight : OnEvent EventStorageManager event=915100005,3
06-22 11:24:38.251  1180  1236 D misight : ProcessNewDayEvent event happen time 1782098678,start time=1782057600,restart=1
06-22 11:24:38.251  1180  1236 D misight : ProcessNewDayEvent event happen time 1782098678, last=1782098677,start time=1782057600,next day =1782144000, interval=86400
06-22 11:24:38.251  1180  1236 D misight : Execute start execute sql /data/miuilog/misight/event.db:select id,event_id,daily_cnt,over_cnt,hour_cnt,next_expire_time,last_happen_time,last_log_time from event_daily where event_id = '915100005' limit 1
06-22 11:24:38.251  1180  1236 D misight : DetectDropByTime event 915100005 parser maxCnt=200 lastTime=1782098553 same=0, overCnt=27761,dailyCnt=178,hourCnt=1
06-22 11:24:38.251  1180  1236 I misight : DetectDropEvent event 915100005 over hour cnt drop it, hourCnt=2 halfCnt=1, maxCnt=200 punishSecond=2060,space=125
06-22 11:24:38.251  1180  1236 D misight : Execute start execute sql /data/miuilog/misight/event.db:update event_daily set  daily_cnt=178, hour_cnt=1, next_expire_time=1782102153, over_cnt=27762, last_happen_time=1782098553, last_log_time=0  where id = '4'
06-22 11:24:38.254  1180  1236 I misight : OnEvent EventInfoPack event 915100005
06-22 11:24:38.260  1226  1640 D ULogGuard: Monitoring: 7 threads, 0 requests, 0 time-bombs; 15 guards. ResetFlags = 0x7
06-22 11:24:38.293  1004  1077 I libPerfCtl: xgfGetFPS pid:2402 fps:-1
06-22 11:24:38.293  1004  1077 I libPerfCtl: xgfGetFPS pid:30727 fps:-1
06-22 11:24:38.316  1045  1537 W libc    : Access denied finding property "ro.vendor.display.max_hdr_luminance"
06-22 11:24:38.412 30727  3562 D AudioTrackImpl: [audioTrackData][zero] 2s(f:7448 m:3 s:0 k:0 z:2005) : pid 30727 uid 10307 sessionId 50433 sr 48000 ch 2 fmt 5
06-22 11:24:38.412  1045  1045 I BufferQueueProducer: [com.dibay.app/com.dibay.app.MainActivity#31171](this:0xb400007acb0e2610,id:-1,api:0,p:-1,c:1045) queueBuffer: fps=45.96 dur=1000.92 max=34.00 min=16.04
06-22 11:24:38.494  1139  1251 D connsyslogger: SD_LOG_ROOT is /data/debuglogger/connsyslog/fw.
06-22 11:24:38.494  1139  1251 D connsyslogger: systemReady:1
06-22 11:24:38.534  1045  1537 W libc    : Access denied finding property "ro.vendor.display.max_hdr_luminance"
06-22 11:24:38.683   960  1431 I android.hardware.audio.service-aidl.mediatek: misoundfx process numSamples: 48
06-22 11:24:38.746  1673  1907 D MiuiWifiCommonBase: band: 1, compensate: 0
06-22 11:24:38.748  1673  1907 E AmlWifiScoreReportInjector: AmlWifiScoreReportInjector was cleared
06-22 11:24:38.749  1673  1907 D WifiOptimizationImpl: AmlWifiScoreReportInjector.get() = null, stop reportTxBadOrRetryEvent
06-22 11:24:38.752  1045  1537 W libc    : Access denied finding property "ro.vendor.display.max_hdr_luminance"
06-22 11:24:38.767  2402  2402 D ControlCenterHeaderExpandController: onExpansionChanged: progress =  0.0
06-22 11:24:38.768  2402  2402 D ControlCenterHeaderExpandController: onExpansionChanged: progress =  0.0
06-22 11:24:38.769  2402  2402 D ControlCenterHeaderExpandController: onExpansionChanged: progress =  0.0
06-22 11:24:38.780  1045  1045 I BufferQueueProducer: [StatusBar#123](this:0xb400007acb0c0350,id:-1,api:0,p:-1,c:1045) queueBuffer: fps=0.33 dur=3017.36 max=3017.36 min=3017.36
06-22 11:24:38.843  9622 10417 D JavaheapMonitor: Java heap used=3M max=256M, proc: com.xiaomi.mi_connect_service
06-22 11:24:38.843  9622 10417 V JavaheapMonitor: Check java heap usage finished! Next check delay: 300000
06-22 11:24:38.871  4061  4564 D JavaheapMonitor: Java heap used=2M max=512M, proc: com.android.bluetooth
06-22 11:24:38.872  4061  4564 V JavaheapMonitor: Check java heap usage finished! Next check delay: 300000
06-22 11:24:38.969  1045  1537 W libc    : Access denied finding property "ro.vendor.display.max_hdr_luminance"
06-22 11:24:39.000   970   982 I hwcomposer: [HWCDisplay] (0 updateFps():3644), (type:1, mode:2) fps:48.967255,dur:1000.67,max:35.03,min:14.12  
06-22 11:24:39.176  1180  1236 I misight : OnEvent EventPrivacyCompliance event=911001001
06-22 11:24:39.177  1180  1236 D misight : ProcessEvent devVersion==OS3.0.302.0.WHYMIXM,faultLevel=2,prv=3 region=eea
06-22 11:24:39.177  1180  1236 I misight : OnEvent EventStorageManager event=911001001,2
06-22 11:24:39.177  1180  1236 D misight : ProcessNewDayEvent event happen time 1782098679,start time=1782057600,restart=1
06-22 11:24:39.177  1180  1236 D misight : ProcessNewDayEvent event happen time 1782098679, last=1782098678,start time=1782057600,next day =1782144000, interval=86400
06-22 11:24:39.177  1180  1236 D misight : Execute start execute sql /data/miuilog/misight/event.db:select id,event_id,daily_cnt,over_cnt,hour_cnt,next_expire_time,last_happen_time,last_log_time from event_daily where event_id = '911001001' limit 1
06-22 11:24:39.177  1180  1236 D misight : DetectDropByTime event 911001001 parser maxCnt=200 lastTime=1782097229 same=0, overCnt=44255,dailyCnt=186,hourCnt=1
06-22 11:24:39.177  1180  1236 I misight : DetectDropEvent event 911001001 over hour cnt drop it, hourCnt=2 halfCnt=1, maxCnt=200 punishSecond=3237,space=1450
06-22 11:24:39.177  1180  1236 D misight : Execute start execute sql /data/miuilog/misight/event.db:update event_daily set  daily_cnt=186, hour_cnt=1, next_expire_time=1782100829, over_cnt=44256, last_happen_time=1782097229, last_log_time=0  where id = '1'
06-22 11:24:39.180  1180  1236 I misight : OnEvent EventInfoPack event 911001001
06-22 11:24:39.185  1180  1236 I misight : OnEvent EventPrivacyCompliance event=811001001
06-22 11:24:39.186  1180  1236 D misight : ProcessEvent devVersion==OS3.0.302.0.WHYMIXM,faultLevel=2,prv=3 region=eea
06-22 11:24:39.186  1180  1236 I misight : OnEvent EventStorageManager event=811001001,3
06-22 11:24:39.186  1180  1236 D misight : ProcessNewDayEvent event happen time 1782098679,start time=1782057600,restart=1
06-22 11:24:39.186  1180  1236 D misight : ProcessNewDayEvent event happen time 1782098679, last=1782098679,start time=1782057600,next day =1782144000, interval=86400
06-22 11:24:39.186  1180  1236 D misight : Execute start execute sql /data/miuilog/misight/event.db:select id,event_id,daily_cnt,over_cnt,hour_cnt,next_expire_time,last_happen_time,last_log_time from event_daily where event_id = '811001001' limit 1
06-22 11:24:39.187  1180  1236 D misight : DetectDropByTime event 811001001 parser maxCnt=200 lastTime=1782097229 same=0, overCnt=44255,dailyCnt=186,hourCnt=1
06-22 11:24:39.187  1180  1236 I misight : DetectDropEvent event 811001001 over hour cnt drop it, hourCnt=2 halfCnt=1, maxCnt=200 punishSecond=3237,space=1450
06-22 11:24:39.187  1180  1236 D misight : Execute start execute sql /data/miuilog/misight/event.db:update event_daily set  daily_cnt=186, hour_cnt=1, next_expire_time=1782100829, over_cnt=44256, last_happen_time=1782097229, last_log_time=0  where id = '2'
06-22 11:24:39.190  1180  1236 I misight : OnEvent EventInfoPack event 811001001
06-22 11:24:39.202  1045  1537 W libc    : Access denied finding property "ro.vendor.display.max_hdr_luminance"
06-22 11:24:39.206  1673  2818 D PerfShielderService: com.dibay.app|com.dibay.app/com.dibay.app.MainActivity|2595|651094662106807|58|5|120
06-22 11:24:39.207  3805 16069 W MiuiPerfServiceClient: interceptAndQueuing:30727|com.dibay.app|2595|58|651094662106807|Slow issue draw commands|120
06-22 11:24:39.294  1004  1077 I libPerfCtl: xgfGetFPS pid:2402 fps:-1
06-22 11:24:39.294  1004  1077 I libPerfCtl: xgfGetFPS pid:30727 fps:-1
06-22 11:24:39.403  1045  1537 W libc    : Access denied finding property "ro.vendor.display.max_hdr_luminance"
06-22 11:24:39.429  1045  1045 I BufferQueueProducer: [com.dibay.app/com.dibay.app.MainActivity#31171](this:0xb400007acb0e2610,id:-1,api:0,p:-1,c:1045) queueBuffer: fps=48.19 dur=1016.90 max=33.71 min=15.25
06-22 11:24:39.618  1045  1537 W libc    : Access denied finding property "ro.vendor.display.max_hdr_luminance"
06-22 11:24:39.681   960  1431 I android.hardware.audio.service-aidl.mediatek: misoundfx process numSamples: 48
06-22 11:24:39.705  1241  1241 I thermal_src: recvmsg_expect 5, but get 2 
06-22 11:24:39.705  1241  1241 V thermal_src: TA_DAEMON_CMD_GET_TPCB:ERROR ret=-1
06-22 11:24:39.705  1241  1241 E thermal_src: get_tpcb_from_kernel:error -1. retry...
06-22 11:24:39.705  1241  1241 I thermal_src: recvmsg_expect 4, but get 2 
06-22 11:24:39.705  1241  1241 V thermal_src: TA_DAEMON_CMD_SET_TTJ:ERROR ret=-1
06-22 11:24:39.705  1241  1241 E thermal_src: set_ttj_to_kernel 1:error -1
06-22 11:24:39.705  1241  1241 I thermal_src: recvmsg_expect 2, but get 5 
06-22 11:24:39.705  1241  1241 V thermal_src: waiting NOTIFY from kernel miss, -1
06-22 11:24:39.705  1241  1241 I thermal_src: recvmsg_expect 2, but get 4 
06-22 11:24:39.705  1241  1241 V thermal_src: waiting NOTIFY from kernel miss, -1
06-22 11:24:39.838  1045  1537 W libc    : Access denied finding property "ro.vendor.display.max_hdr_luminance"
06-22 11:24:39.845 30220 31034 D JavaheapMonitor: Java heap used=3M max=256M, proc: com.miui.msa.global
06-22 11:24:39.845 30220 31034 V JavaheapMonitor: Check java heap usage finished! Next check delay: 300000
06-22 11:24:39.969 30727  2299 D CameraInjector: updateCloudCameraControllerInfoAsync: canceled.
06-22 11:24:39.970 30727  2299 W libc    : Access denied finding property "vendor.camera.aux.packagelist"
06-22 11:24:39.970 30727  2299 W libc    : Access denied finding property "vendor.camera.aux.packagelistext"
06-22 11:24:39.972 30727  2299 D CameraInjector: updateCloudCameraControllerInfoAsync: canceled.
06-22 11:24:39.972 30727  2299 W libc    : Access denied finding property "vendor.camera.aux.packagelist"
06-22 11:24:39.973 30727  2299 W libc    : Access denied finding property "vendor.camera.aux.packagelistext"
06-22 11:24:39.978 30727  2299 D CameraInjector: updateCloudCameraControllerInfoAsync: canceled.
06-22 11:24:39.978 30727  2299 W libc    : Access denied finding property "vendor.camera.aux.packagelist"
06-22 11:24:39.978 30727  2299 W libc    : Access denied finding property "vendor.camera.aux.packagelistext"
06-22 11:24:39.980 30727  2299 D CameraInjector: updateCloudCameraControllerInfoAsync: canceled.
06-22 11:24:39.981 30727  2299 W libc    : Access denied finding property "vendor.camera.aux.packagelist"
06-22 11:24:39.981 30727  2299 W libc    : Access denied finding property "vendor.camera.aux.packagelistext"
06-22 11:24:39.985 30727  2299 D CameraInjector: updateCloudCameraControllerInfoAsync: canceled.
06-22 11:24:39.986 30727  2299 W libc    : Access denied finding property "vendor.camera.aux.packagelist"
06-22 11:24:39.986 30727  2299 W libc    : Access denied finding property "vendor.camera.aux.packagelistext"
06-22 11:24:39.990 30727  2299 D CameraInjector: updateCloudCameraControllerInfoAsync: canceled.
06-22 11:24:39.990 30727  2299 W libc    : Access denied finding property "vendor.camera.aux.packagelist"
06-22 11:24:39.990 30727  2299 W libc    : Access denied finding property "vendor.camera.aux.packagelistext"
06-22 11:24:39.996 30727  2299 D CameraInjector: updateCloudCameraControllerInfoAsync: canceled.
06-22 11:24:39.997 30727  2299 W libc    : Access denied finding property "vendor.camera.aux.packagelist"
06-22 11:24:39.997 30727  2299 W libc    : Access denied finding property "vendor.camera.aux.packagelistext"
06-22 11:24:39.998 30727  2299 D CameraInjector: updateCloudCameraControllerInfoAsync: canceled.
06-22 11:24:39.998 30727  2299 W libc    : Access denied finding property "vendor.camera.aux.packagelist"
06-22 11:24:39.999 30727  2299 W libc    : Access denied finding property "vendor.camera.aux.packagelistext"
06-22 11:24:40.003 30727  2299 D CameraInjector: updateCloudCameraControllerInfoAsync: canceled.
06-22 11:24:40.003 30727  2299 W libc    : Access denied finding property "vendor.camera.aux.packagelist"
06-22 11:24:40.003 30727  2299 W libc    : Access denied finding property "vendor.camera.aux.packagelistext"
06-22 11:24:40.015   970   982 I hwcomposer: [HWCDisplay] (0 updateFps():3644), (type:1, mode:2) fps:43.346920,dur:1015.07,max:34.42,min:15.06  
06-22 11:24:40.042 30727  2299 D CameraInjector: updateCloudCameraControllerInfoAsync: canceled.
06-22 11:24:40.042 30727  2299 W libc    : Access denied finding property "vendor.camera.aux.packagelist"
06-22 11:24:40.043 30727  2299 W libc    : Access denied finding property "vendor.camera.aux.packagelistext"
06-22 11:24:40.044 30727  2299 D CameraInjector: updateCloudCameraControllerInfoAsync: canceled.
06-22 11:24:40.045  1673  1832 D AlarmManager: mBroadcastRefCount -> 1
06-22 11:24:40.045 30727  2299 W libc    : Access denied finding property "vendor.camera.aux.packagelist"
06-22 11:24:40.045 30727  2299 W libc    : Access denied finding property "vendor.camera.aux.packagelistext"
06-22 11:24:40.049  1673  1935 D AS.AudioService: onReceive action = com.android.server.audio.action.CHECK_MUSIC_ACTIVE
06-22 11:24:40.052  1045  1537 W libc    : Access denied finding property "ro.vendor.display.max_hdr_luminance"
06-22 11:24:40.053 30727  2299 D CameraInjector: updateCloudCameraControllerInfoAsync: canceled.
06-22 11:24:40.053  1673  1673 D AlarmManager: mBroadcastRefCount -> 0
06-22 11:24:40.053  1673  1673 D AlarmManager: mPendingIntent -> PendingIntent{a813d55: PendingIntentRecord{f34a540 android broadcastIntent}}
06-22 11:24:40.053 30727  2299 W libc    : Access denied finding property "vendor.camera.aux.packagelist"
06-22 11:24:40.053 30727  2299 W libc    : Access denied finding property "vendor.camera.aux.packagelistext"
06-22 11:24:40.057 30727  2299 D CameraInjector: updateCloudCameraControllerInfoAsync: canceled.
06-22 11:24:40.057 30727  2299 W libc    : Access denied finding property "vendor.camera.aux.packagelist"
06-22 11:24:40.057 30727  2299 W libc    : Access denied finding property "vendor.camera.aux.packagelistext"
06-22 11:24:40.062 30727  2299 D CameraInjector: updateCloudCameraControllerInfoAsync: canceled.
06-22 11:24:40.062 30727  2299 W libc    : Access denied finding property "vendor.camera.aux.packagelist"
06-22 11:24:40.063 30727  2299 W libc    : Access denied finding property "vendor.camera.aux.packagelistext"
06-22 11:24:40.068 30727  2299 D CameraInjector: updateCloudCameraControllerInfoAsync: canceled.
06-22 11:24:40.069 30727  2299 W libc    : Access denied finding property "vendor.camera.aux.packagelist"
06-22 11:24:40.069 30727  2299 W libc    : Access denied finding property "vendor.camera.aux.packagelistext"
06-22 11:24:40.073 30727  2299 D CameraInjector: updateCloudCameraControllerInfoAsync: canceled.
06-22 11:24:40.074 30727  2299 W libc    : Access denied finding property "vendor.camera.aux.packagelist"
06-22 11:24:40.074 30727  2299 W libc    : Access denied finding property "vendor.camera.aux.packagelistext"
06-22 11:24:40.075 30727  2299 D CameraInjector: updateCloudCameraControllerInfoAsync: canceled.
06-22 11:24:40.075 30727  2299 W libc    : Access denied finding property "vendor.camera.aux.packagelist"
06-22 11:24:40.075 30727  2299 W libc    : Access denied finding property "vendor.camera.aux.packagelistext"
06-22 11:24:40.079 30727  2299 D CameraInjector: updateCloudCameraControllerInfoAsync: canceled.
06-22 11:24:40.079 30727  2299 W libc    : Access denied finding property "vendor.camera.aux.packagelist"
06-22 11:24:40.079 30727  2299 W libc    : Access denied finding property "vendor.camera.aux.packagelistext"
06-22 11:24:40.087  9858 17615 D JavaheapMonitor: Java heap used=17M max=256M, proc: com.google.android.apps.messaging
06-22 11:24:40.087  9858 17615 V JavaheapMonitor: Check java heap usage finished! Next check delay: 300000
06-22 11:24:40.111 29091 30992 D JavaheapMonitor: Java heap used=3M max=256M, proc: com.miui.analytics
06-22 11:24:40.111 29091 30992 V JavaheapMonitor: Check java heap usage finished! Next check delay: 300000
06-22 11:24:40.126  1673  1939 I AS.AudioService: getMode, get current owner's mode
06-22 11:24:40.126  1673  1939 I AS.AudioService: getMode, currentModeHandler is null
06-22 11:24:40.152  2388  2891 D SatelliteController: iisInCarrierRoamingNbIotNtn: satellite is disabled
06-22 11:24:40.155  2388  2388 W Settings: Setting airplane_mode_on has moved from android.provider.Settings.System to android.provider.Settings.Global, returning read-only value.
06-22 11:24:40.159  2388  2918 D MiuiTelephonyDFS: msg.what = 2
06-22 11:24:40.159  2388  3107 D NetworkSpeedTracker: updateSignalInfo lteRsrp=-98lteSnr=-3,phoneId=0
06-22 11:24:40.160  2388  3108 D HighSpeedTrainModeController: msg.what = 10
06-22 11:24:40.160  2388  2918 D MiuiTelephonyDFS: getVoiceRat = 13
06-22 11:24:40.160  2388  2918 D MiuiTelephonyDFS: getRsrp = -98
06-22 11:24:40.160  2388  2918 D MiuiTelephonyDFS: getVoiceRat = 13
06-22 11:24:40.160  2388  2918 D MiuiTelephonyDFS: getSnr = -3
06-22 11:24:40.160  2388  2918 D MiSight::  constructEvent id=915100005
06-22 11:24:40.161  2388  2918 D MiSight::  sendEvent id=915100005
06-22 11:24:40.161  2388  2918 D MiSightJni: MiSight: Java_com_miui_misight_MiSight_nativeSendEvent enter called. '{"SNRValue":-3}'
06-22 11:24:40.161  2388  2918 D MiEvent : MiEvent: this 0x763f073e20, paylod=0xb4000078c14bf6b0
06-22 11:24:40.161  2388  2918 D MiEvent : flatten EventId 915100005 -t 1782098680 -paraList {"SNRValue":-3}
06-22 11:24:40.161  2388  2918 D MiEvent : report:EventId 915100005 -t 1782098680 -paraList {"SNRValue":-3} success
06-22 11:24:40.161  2388  2918 D MiEvent : ~MiEvent: this 0x763f073e20, paylod=0xb4000078c14bf6b0
06-22 11:24:40.161  1180  1236 I misight : OnEvent EventPrivacyCompliance event=915100005
06-22 11:24:40.161  1180  1236 D misight : ProcessEvent devVersion==OS3.0.302.0.WHYMIXM,faultLevel=2,prv=3 region=eea
06-22 11:24:40.161  1180  1236 I misight : OnEvent EventStorageManager event=915100005,3
06-22 11:24:40.161  1180  1236 D misight : ProcessNewDayEvent event happen time 1782098680,start time=1782057600,restart=1
06-22 11:24:40.161  1180  1236 D misight : ProcessNewDayEvent event happen time 1782098680, last=1782098679,start time=1782057600,next day =1782144000, interval=86400
06-22 11:24:40.161  1180  1236 D misight : Execute start execute sql /data/miuilog/misight/event.db:select id,event_id,daily_cnt,over_cnt,hour_cnt,next_expire_time,last_happen_time,last_log_time from event_daily where event_id = '915100005' limit 1
06-22 11:24:40.162  1180  1236 D misight : DetectDropByTime event 915100005 parser maxCnt=200 lastTime=1782098553 same=0, overCnt=27762,dailyCnt=178,hourCnt=1
06-22 11:24:40.162  1180  1236 I misight : DetectDropEvent event 915100005 over hour cnt drop it, hourCnt=2 halfCnt=1, maxCnt=200 punishSecond=2060,space=127
06-22 11:24:40.162  1180  1236 D misight : Execute start execute sql /data/miuilog/misight/event.db:update event_daily set  daily_cnt=178, hour_cnt=1, next_expire_time=1782102153, over_cnt=27763, last_happen_time=1782098553, last_log_time=0  where id = '4'
06-22 11:24:40.167  1180  1236 I misight : OnEvent EventInfoPack event 915100005
06-22 11:24:40.209 30727  3562 D AudioTrackImpl: [audioTrackData][zero] 1s(f:7816 m:3 s:0 k:0 z:1002) : pid 30727 uid 10307 sessionId 50433 sr 48000 ch 2 fmt 5
06-22 11:24:40.253  1045  1537 W libc    : Access denied finding property "ro.vendor.display.max_hdr_luminance"
06-22 11:24:40.293  1004  1077 I libPerfCtl: xgfGetFPS pid:2402 fps:-1
06-22 11:24:40.294  1004  1077 I libPerfCtl: xgfGetFPS pid:30727 fps:-1
06-22 11:24:40.351 26657 26864 D JavaheapMonitor: Java heap used=3M max=256M, proc: com.google.android.as
06-22 11:24:40.352 26657 26864 V JavaheapMonitor: Check java heap usage finished! Next check delay: 300000
06-22 11:24:40.430  1045  1045 I BufferQueueProducer: [com.dibay.app/com.dibay.app.MainActivity#31171](this:0xb400007acb0e2610,id:-1,api:0,p:-1,c:1045) queueBuffer: fps=47.97 dur=1000.72 max=33.70 min=15.79
06-22 11:24:40.447  8885  9406 D JavaheapMonitor: Java heap used=6M max=512M, proc: com.google.android.googlequicksearchbox:interactor
06-22 11:24:40.447  8885  9406 V JavaheapMonitor: Check java heap usage finished! Next check delay: 300000
06-22 11:24:40.470  1045  1537 W libc    : Access denied finding property "ro.vendor.display.max_hdr_luminance"
06-22 11:24:40.495  1139  1251 D connsyslogger: SD_LOG_ROOT is /data/debuglogger/connsyslog/fw.
06-22 11:24:40.495  1139  1251 D connsyslogger: systemReady:1
06-22 11:24:40.499 25107 25188 D JavaheapMonitor: Java heap used=13M max=512M, proc: com.google.android.googlequicksearchbox:googleapp
06-22 11:24:40.499 25107 25188 V JavaheapMonitor: Check java heap usage finished! Next check delay: 300000
06-22 11:24:40.515   960  1114 D sixth_if_gift: sixth_vdd_proc : vdd = 4407999 
06-22 11:24:40.627 23156 23912 D JavaheapMonitor: Java heap used=3M max=512M, proc: com.android.camera
06-22 11:24:40.627 23156 23912 V JavaheapMonitor: Check java heap usage finished! Next check delay: 300000
06-22 11:24:40.683   960  1431 I android.hardware.audio.service-aidl.mediatek: misoundfx process numSamples: 48
06-22 11:24:40.703  1045  1537 W libc    : Access denied finding property "ro.vendor.display.max_hdr_luminance"
06-22 11:24:40.751  6058  6781 D JavaheapMonitor: Java heap used=2M max=256M, proc: com.lbe.security.miui
06-22 11:24:40.751  6058  6781 V JavaheapMonitor: Check java heap usage finished! Next check delay: 300000
06-22 11:24:40.918  1045  1537 W libc    : Access denied finding property "ro.vendor.display.max_hdr_luminance"
06-22 11:24:41.019   970   982 I hwcomposer: [HWCDisplay] (0 updateFps():3644), (type:1, mode:2) fps:49.805553,dur:1003.90,max:34.42,min:14.97  
06-22 11:24:41.067  5332  6188 D JavaheapMonitor: Java heap used=4M max=256M, proc: com.xiaomi.xmsf
06-22 11:24:41.069  5332  6188 V JavaheapMonitor: Check java heap usage finished! Next check delay: 300000
06-22 11:24:41.134  1045  1537 W libc    : Access denied finding property "ro.vendor.display.max_hdr_luminance"
06-22 11:24:41.206 30727  3562 D AudioTrackImpl: [audioTrackData][zero] 2s(f:7816 m:3 s:0 k:0 z:2000) : pid 30727 uid 10307 sessionId 50433 sr 48000 ch 2 fmt 5
06-22 11:24:41.229  1180  1236 I misight : OnEvent EventPrivacyCompliance event=911001001
06-22 11:24:41.229  1180  1236 D misight : ProcessEvent devVersion==OS3.0.302.0.WHYMIXM,faultLevel=2,prv=3 region=eea
06-22 11:24:41.230  1180  1236 I misight : OnEvent EventStorageManager event=911001001,2
06-22 11:24:41.230  1180  1236 D misight : ProcessNewDayEvent event happen time 1782098681,start time=1782057600,restart=1
06-22 11:24:41.230  1180  1236 D misight : ProcessNewDayEvent event happen time 1782098681, last=1782098680,start time=1782057600,next day =1782144000, interval=86400
06-22 11:24:41.230  1180  1236 D misight : Execute start execute sql /data/miuilog/misight/event.db:select id,event_id,daily_cnt,over_cnt,hour_cnt,next_expire_time,last_happen_time,last_log_time from event_daily where event_id = '911001001' limit 1
06-22 11:24:41.230  1180  1236 D misight : DetectDropByTime event 911001001 parser maxCnt=200 lastTime=1782097229 same=0, overCnt=44256,dailyCnt=186,hourCnt=1
06-22 11:24:41.231  1180  1236 I misight : DetectDropEvent event 911001001 over hour cnt drop it, hourCnt=2 halfCnt=1, maxCnt=200 punishSecond=3237,space=1452
06-22 11:24:41.231  1180  1236 D misight : Execute start execute sql /data/miuilog/misight/event.db:update event_daily set  daily_cnt=186, hour_cnt=1, next_expire_time=1782100829, over_cnt=44257, last_happen_time=1782097229, last_log_time=0  where id = '1'
06-22 11:24:41.235  1180  1236 I misight : OnEvent EventInfoPack event 911001001
06-22 11:24:41.236  1180  1236 I misight : OnEvent EventPrivacyCompliance event=811001001
06-22 11:24:41.236  1180  1236 D misight : ProcessEvent devVersion==OS3.0.302.0.WHYMIXM,faultLevel=2,prv=3 region=eea
06-22 11:24:41.237  1180  1236 I misight : OnEvent EventStorageManager event=811001001,3
06-22 11:24:41.237  1180  1236 D misight : ProcessNewDayEvent event happen time 1782098681,start time=1782057600,restart=1
06-22 11:24:41.237  1180  1236 D misight : ProcessNewDayEvent event happen time 1782098681, last=1782098681,start time=1782057600,next day =1782144000, interval=86400
06-22 11:24:41.237  1180  1236 D misight : Execute start execute sql /data/miuilog/misight/event.db:select id,event_id,daily_cnt,over_cnt,hour_cnt,next_expire_time,last_happen_time,last_log_time from event_daily where event_id = '811001001' limit 1
06-22 11:24:41.237  1180  1236 D misight : DetectDropByTime event 811001001 parser maxCnt=200 lastTime=1782097229 same=0, overCnt=44256,dailyCnt=186,hourCnt=1
06-22 11:24:41.238  1180  1236 I misight : DetectDropEvent event 811001001 over hour cnt drop it, hourCnt=2 halfCnt=1, maxCnt=200 punishSecond=3237,space=1452
06-22 11:24:41.238  1180  1236 D misight : Execute start execute sql /data/miuilog/misight/event.db:update event_daily set  daily_cnt=186, hour_cnt=1, next_expire_time=1782100829, over_cnt=44257, last_happen_time=1782097229, last_log_time=0  where id = '2'
06-22 11:24:41.240  1180  1236 I misight : OnEvent EventInfoPack event 811001001
06-22 11:24:41.261  1226  1640 D ULogGuard: Monitoring: 7 threads, 0 requests, 0 time-bombs; 15 guards. ResetFlags = 0x7
06-22 11:24:41.294  1004  1077 I libPerfCtl: xgfGetFPS pid:2402 fps:-1
06-22 11:24:41.294  1004  1077 I libPerfCtl: xgfGetFPS pid:30727 fps:-1
06-22 11:24:41.336  1045  1537 W libc    : Access denied finding property "ro.vendor.display.max_hdr_luminance"
